m,m/s,m/s,m/s,m/s,m/s,m/s,m/s,m/s,m/s,m/s,m/s,m/s
x,Wp3,Wp5,Wp9,Up3,Up5,Up9,Wp3_rms,Wp5_rms,Wp9_rms,Up3_rms,Up5_rms,Up9_rms
-4.844E-01, 4.232E-02, 1.701E-01, 4.251E-01, 2.952E-01, 2.381E-01, 2.110E-01, 1.714E-01, 2.458E-01, 4.953E-01, 2.022E-01, 2.805E-01, 4.056E-01
-4.531E-01, 7.006E-02, 2.468E-01, 4.771E-01, 3.085E-01, 2.315E-01, 2.126E-01, 2.098E-01, 3.531E-01, 5.955E-01, 2.412E-01, 3.218E-01, 4.668E-01
-4.219E-01, 2.557E-01, 3.397E-01, 6.173E-01, 3.042E-01, 2.269E-01, 2.005E-01, 3.622E-01, 5.002E-01, 6.552E-01, 3.082E-01, 3.592E-01, 5.205E-01
-3.906E-01, 4.133E-01, 6.027E-01, 8.375E-01, 3.105E-01, 2.164E-01, 2.051E-01, 4.739E-01, 6.306E-01, 6.995E-01, 3.789E-01, 4.054E-01, 5.834E-01
-3.594E-01, 6.698E-01, 9.079E-01, 1.124E+00, 3.369E-01, 1.953E-01, 1.796E-01, 6.232E-01, 7.920E-01, 7.730E-01, 4.304E-01, 4.701E-01, 6.483E-01
-3.281E-01, 9.761E-01, 1.159E+00, 1.687E+00, 3.838E-01, 1.844E-01, 9.371E-02, 7.321E-01, 8.226E-01, 9.643E-01, 4.403E-01, 5.241E-01, 7.099E-01
-2.969E-01, 1.393E+00, 1.552E+00, 2.333E+00, 4.416E-01, 1.879E-01, 2.244E-02, 9.127E-01, 1.016E+00, 1.264E+00, 4.494E-01, 5.506E-01, 7.699E-01
-2.656E-01, 1.704E+00, 2.172E+00, 3.102E+00, 4.994E-01, 1.928E-01,-5.260E-02, 1.082E+00, 1.203E+00, 1.472E+00, 4.725E-01, 5.527E-01, 8.083E-01
-2.344E-01, 2.280E+00, 2.885E+00, 3.902E+00, 5.859E-01, 1.935E-01,-1.135E-01, 1.160E+00, 1.394E+00, 1.725E+00, 4.840E-01, 5.814E-01, 8.211E-01
-2.031E-01, 2.797E+00, 3.555E+00, 4.708E+00, 6.495E-01, 1.890E-01,-1.338E-01, 1.132E+00, 1.575E+00, 1.783E+00, 4.996E-01, 5.995E-01, 8.367E-01
-1.719E-01, 3.112E+00, 4.218E+00, 5.473E+00, 6.414E-01, 2.030E-01,-1.303E-01, 1.060E+00, 1.581E+00, 1.905E+00, 4.811E-01, 5.809E-01, 8.164E-01
-1.406E-01, 3.157E+00, 4.605E+00, 5.940E+00, 5.513E-01, 2.290E-01,-1.089E-01, 8.491E-01, 1.469E+00, 2.006E+00, 4.578E-01, 5.547E-01, 7.722E-01
-1.094E-01, 2.988E+00, 4.643E+00, 6.167E+00, 4.258E-01, 2.210E-01,-7.084E-02, 6.695E-01, 1.239E+00, 1.841E+00, 4.421E-01, 5.193E-01, 7.381E-01
-7.812E-02, 2.764E+00, 4.458E+00, 6.298E+00, 3.065E-01, 1.683E-01,-3.580E-02, 5.957E-01, 1.071E+00, 1.737E+00, 4.297E-01, 4.750E-01, 7.034E-01
-4.688E-02, 2.608E+00, 4.205E+00, 6.215E+00, 1.996E-01, 1.003E-01,-3.291E-02, 5.443E-01, 9.668E-01, 1.585E+00, 4.325E-01, 4.821E-01, 6.692E-01
-1.562E-02, 2.495E+00, 4.026E+00, 6.090E+00, 9.454E-02, 2.713E-02,-5.015E-02, 4.802E-01, 8.663E-01, 1.509E+00, 4.119E-01, 4.914E-01, 6.528E-01
 1.562E-02, 2.458E+00, 3.978E+00, 6.101E+00,-1.191E-01,-1.316E-01,-9.823E-02, 4.730E-01, 8.459E-01, 1.547E+00, 4.385E-01, 5.279E-01, 6.832E-01
 4.688E-02, 2.529E+00, 4.088E+00, 6.112E+00,-1.840E-01,-1.754E-01,-1.080E-01, 4.825E-01, 9.008E-01, 1.619E+00, 4.104E-01, 5.055E-01, 6.520E-01
 7.812E-02, 2.688E+00, 4.313E+00, 6.178E+00,-3.124E-01,-2.501E-01,-1.053E-01, 5.369E-01, 1.051E+00, 1.798E+00, 4.274E-01, 5.119E-01, 6.639E-01
 1.094E-01, 2.890E+00, 4.500E+00, 6.101E+00,-4.408E-01,-2.980E-01,-9.457E-02, 6.400E-01, 1.190E+00, 1.857E+00, 4.519E-01, 5.158E-01, 6.850E-01
 1.406E-01, 3.059E+00, 4.521E+00, 5.758E+00,-5.414E-01,-3.048E-01,-6.466E-02, 7.900E-01, 1.370E+00, 1.916E+00, 4.597E-01, 5.399E-01, 7.103E-01
 1.719E-01, 3.073E+00, 4.246E+00, 5.265E+00,-5.828E-01,-2.443E-01, 8.466E-03, 9.636E-01, 1.598E+00, 1.904E+00, 4.865E-01, 5.740E-01, 7.473E-01
 2.031E-01, 2.939E+00, 3.828E+00, 4.731E+00,-5.880E-01,-1.660E-01, 5.539E-02, 1.077E+00, 1.566E+00, 1.832E+00, 4.687E-01, 6.024E-01, 7.990E-01
 2.344E-01, 2.549E+00, 3.301E+00, 4.087E+00,-5.570E-01,-1.314E-01, 7.639E-02, 1.163E+00, 1.406E+00, 1.720E+00, 4.521E-01, 6.229E-01, 8.261E-01
 2.656E-01, 2.130E+00, 2.707E+00, 3.476E+00,-4.820E-01,-1.171E-01, 9.361E-02, 1.102E+00, 1.322E+00, 1.614E+00, 4.722E-01, 6.125E-01, 8.263E-01
 2.969E-01, 1.721E+00, 2.131E+00, 2.860E+00,-3.973E-01,-8.752E-02, 7.528E-02, 9.138E-01, 1.170E+00, 1.529E+00, 4.797E-01, 5.984E-01, 8.179E-01
 3.281E-01, 1.240E+00, 1.591E+00, 2.315E+00,-3.433E-01,-9.180E-02, 3.417E-02, 7.517E-01, 9.820E-01, 1.389E+00, 4.757E-01, 5.918E-01, 7.681E-01
 3.594E-01, 8.333E-01, 1.058E+00, 1.717E+00,-3.160E-01,-1.408E-01,-3.101E-02, 6.518E-01, 8.061E-01, 1.271E+00, 4.361E-01, 5.604E-01, 6.970E-01
 3.906E-01, 4.018E-01, 6.873E-01, 1.210E+00,-2.885E-01,-1.836E-01,-9.804E-02, 5.007E-01, 6.128E-01, 1.080E+00, 3.783E-01, 4.936E-01, 6.411E-01
 4.219E-01, 2.359E-01, 3.694E-01, 8.478E-01,-2.925E-01,-2.276E-01,-1.336E-01, 3.850E-01, 4.267E-01, 7.946E-01, 3.238E-01, 4.234E-01, 5.667E-01
 4.531E-01, 1.141E-01, 2.140E-01, 5.943E-01,-2.935E-01,-2.435E-01,-1.710E-01, 2.753E-01, 3.378E-01, 5.606E-01, 2.656E-01, 3.627E-01, 4.906E-01
 4.844E-01, 4.187E-02, 1.765E-01, 4.409E-01,-2.811E-01,-2.377E-01,-2.017E-01, 2.102E-01, 2.931E-01, 4.315E-01, 2.212E-01, 3.031E-01, 4.389E-01
