s,m3/s,m3/s
Time,VDOT_IN,VDOT_OUT
 0.00000000000000E+000, 0.00000000000000E+000, 0.00000000000000E+000
 4.07115339550296E-002,-2.60409962865488E-001, 2.60409962865489E-001
 8.54942213055622E-002,-5.45833783246945E-001, 5.45833783246946E-001
 1.26813944348721E-001,-8.07286343520615E-001, 8.07286343520618E-001
 1.59899255778765E-001,-1.01472188270890E+000, 1.01472188270891E+000
 1.83457093064189E-001,-1.16112802692971E+000, 1.16112802692978E+000
 2.02694366978249E-001,-1.27976537681428E+000, 1.27976537681428E+000
 2.19609030320158E-001,-1.38333048941462E+000, 1.38333048941465E+000
 2.36523693662067E-001,-1.48614115863910E+000, 1.48614115863917E+000
 2.53438357003976E-001,-1.58814743553974E+000, 1.58814743553982E+000
 2.70353020345885E-001,-1.68930106246229E+000, 1.68930106246238E+000
 2.87267683687794E-001,-1.78955555213014E+000, 1.78955555213023E+000
 3.04182347029703E-001,-1.88886625921561E+000, 1.88886625921570E+000
 3.21097010371612E-001,-1.98719044424614E+000, 1.98719044424623E+000
 3.38011673713520E-001,-2.08448732974438E+000, 2.08448732974450E+000
 3.54926337055429E-001,-2.18071814855296E+000, 2.18071814855293E+000
 3.69318879282355E-001,-2.26173311678531E+000, 2.26173311678533E+000
 3.83711421509281E-001,-2.34192818483103E+000, 2.34192818483106E+000
 3.98103963736206E-001,-2.42128302384882E+000, 2.42128302384887E+000
 4.12496505963132E-001,-2.49977841737928E+000, 2.49977841737933E+000
 4.26889048190057E-001,-2.57739626708830E+000, 2.57739626708832E+000
 4.41281590416983E-001,-2.65411959575878E+000, 2.65411959575877E+000
 4.55674132643909E-001,-2.72993254760516E+000, 2.72993254760520E+000
 4.70066674870834E-001,-2.80482038599428E+000, 2.80482038599440E+000
 4.82081130416271E-001,-2.86661612384511E+000, 2.86661612384522E+000
 4.94095585961709E-001,-2.92775036061765E+000, 2.92775036061778E+000
 5.06110041507146E-001,-2.98821629738723E+000, 2.98821629738737E+000
 5.18124497052583E-001,-3.04800766462971E+000, 3.04800766462983E+000
 5.28920421867425E-001,-3.10115470806898E+000, 3.10115470806908E+000
 5.39716346682267E-001,-3.15374861839143E+000, 3.15374861839148E+000
 5.50512271497108E-001,-3.20578591830038E+000, 3.20578591830042E+000
 5.61308196311950E-001,-3.25726346041991E+000, 3.25726346041996E+000
 5.72104121126791E-001,-3.30817842283738E+000, 3.30817842283744E+000
 5.82900045941633E-001,-3.35852830435556E+000, 3.35852830435562E+000
 5.93695970756475E-001,-3.40831091947087E+000, 3.40831091947095E+000
 6.04491895571316E-001,-3.45752439309500E+000, 3.45752439309503E+000
 6.14172895363274E-001,-3.50117014812860E+000, 3.50117014812862E+000
 6.23853895155232E-001,-3.54435605126673E+000, 3.54435605126673E+000
 6.33534894947190E-001,-3.58708136506391E+000, 3.58708136506392E+000
 6.43215894739148E-001,-3.62934553853064E+000, 3.62934553853065E+000
 6.52896894531106E-001,-3.67114820349934E+000, 3.67114820349937E+000
 6.62577894323064E-001,-3.71248917090658E+000, 3.71248917090663E+000
 6.72258894115021E-001,-3.75336842699860E+000, 3.75336842699864E+000
 6.81939893906979E-001,-3.79378612946777E+000, 3.79378612946779E+000
 6.91620893698937E-001,-3.83374260352707E+000, 3.83374260352711E+000
 7.01301893490895E-001,-3.87323833793007E+000, 3.87323833793012E+000
 7.09837215529985E-001,-3.90767836666984E+000, 3.90767836666986E+000
 7.18372537569074E-001,-3.94176129994855E+000, 3.94176129994860E+000
 7.26907859608163E-001,-3.97548777416318E+000, 3.97548777416324E+000
 7.35443181647253E-001,-4.00885851525072E+000, 4.00885851525077E+000
 7.43978503686342E-001,-4.04187433647885E+000, 4.04187433647893E+000
 7.52513825725431E-001,-4.07453613622840E+000, 4.07453613622844E+000
 7.61049147764521E-001,-4.10684489576955E+000, 4.10684489576959E+000
 7.69584469803610E-001,-4.13880167703519E+000, 4.13880167703519E+000
 7.78119791842699E-001,-4.17040762039256E+000, 4.17040762039256E+000
 7.86655113881789E-001,-4.20166394241654E+000, 4.20166394241653E+000
 7.94281365035888E-001,-4.22929655243752E+000, 4.22929655243749E+000
 8.01907616189987E-001,-4.25665204773280E+000, 4.25665204773276E+000
 8.09533867344086E-001,-4.28373144188374E+000, 4.28373144188370E+000
 8.17160118498186E-001,-4.31053579169598E+000, 4.31053579169591E+000
 8.24786369652285E-001,-4.33706619595023E+000, 4.33706619595014E+000
 8.32412620806384E-001,-4.36332379415953E+000, 4.36332379415942E+000
 8.40038871960483E-001,-4.38930976533328E+000, 4.38930976533321E+000
 8.47665123114582E-001,-4.41502532674952E+000, 4.41502532674949E+000
 8.55291374268682E-001,-4.44047173273544E+000, 4.44047173273547E+000
 8.62917625422781E-001,-4.46565027345741E+000, 4.46565027345745E+000
 8.70543876576880E-001,-4.49056227372057E+000, 4.49056227372061E+000
 8.78170127730979E-001,-4.51520909177940E+000, 4.51520909177945E+000
 8.85796378885078E-001,-4.53959211815915E+000, 4.53959211815920E+000
 8.93422630039178E-001,-4.56371277448898E+000, 4.56371277448901E+000
 9.01048881193277E-001,-4.58757251234745E+000, 4.58757251234748E+000
 9.07896455746816E-001,-4.60877495804516E+000, 4.60877495804524E+000
 9.14744030300354E-001,-4.62976933098707E+000, 4.62976933098714E+000
 9.21591604853893E-001,-4.65055673921317E+000, 4.65055673921326E+000
 9.28439179407432E-001,-4.67113830745938E+000, 4.67113830745943E+000
 9.35286753960970E-001,-4.69151517652100E+000, 4.69151517652103E+000
 9.42134328514509E-001,-4.71168850262452E+000, 4.71168850262453E+000
 9.48981903068048E-001,-4.73165945680686E+000, 4.73165945680687E+000
 9.55829477621586E-001,-4.75142922430293E+000, 4.75142922430300E+000
 9.62677052175125E-001,-4.77099900394136E+000, 4.77099900394141E+000
 9.69524626728664E-001,-4.79037000754814E+000, 4.79037000754822E+000
 9.76372201282202E-001,-4.80954345935948E+000, 4.80954345935957E+000
 9.83219775835741E-001,-4.82852059544243E+000, 4.82852059544252E+000
 9.90067350389280E-001,-4.84730266312468E+000, 4.84730266312473E+000
 9.96914924942818E-001,-4.86589092043278E+000, 4.86589092043281E+000
 1.00376249949636E+000,-4.88428663553941E+000, 4.88428663553942E+000
 1.01061007404990E+000,-4.90249108621945E+000, 4.90249108621946E+000
 1.01745764860343E+000,-4.92050555931490E+000, 4.92050555931495E+000
 1.02344738972524E+000,-4.93610850855849E+000, 4.93610850855853E+000
 1.02943713084704E+000,-4.95156796087120E+000, 4.95156796087121E+000
 1.03473112131616E+000,-4.96511292742684E+000, 4.96511292742682E+000
 1.04002511178528E+000,-4.97854708979381E+000, 4.97854708979380E+000
 1.04531910225441E+000,-4.99187105827036E+000, 4.99187105827033E+000
 1.05004007369086E+000,-5.00366039630646E+000, 5.00366039630635E+000
 1.05476104512731E+000,-5.01536302709215E+000, 5.01536302709218E+000
 1.05948201656376E+000,-5.02697938777616E+000, 5.02697938777619E+000
 1.06420298800021E+000,-5.03850991671999E+000, 5.03850991672002E+000
 1.06892395943666E+000,-5.04995505342646E+000, 5.04995505342649E+000
 1.07364493087311E+000,-5.06131523846914E+000, 5.06131523846917E+000
 1.07836590230956E+000,-5.07259091342280E+000, 5.07259091342273E+000
 1.08308687374601E+000,-5.08378252079478E+000, 5.08378252079473E+000
 1.08780784518246E+000,-5.09489050395743E+000, 5.09489050395736E+000
 1.09252881661891E+000,-5.10591530708142E+000, 5.10591530708133E+000
 1.09724978805536E+000,-5.11685737507016E+000, 5.11685737507018E+000
 1.10197075949181E+000,-5.12771715349519E+000, 5.12771715349510E+000
 1.10669173092826E+000,-5.13849508853219E+000, 5.13849508853218E+000
 1.11141270236471E+000,-5.14919162689867E+000, 5.14919162689857E+000
 1.11613367380116E+000,-5.15980721579178E+000, 5.15980721579178E+000
 1.12085464523761E+000,-5.17034230282783E+000, 5.17034230282779E+000
 1.12557561667406E+000,-5.18079733598235E+000, 5.18079733598232E+000
 1.13029658811051E+000,-5.19117276353113E+000, 5.19117276353111E+000
 1.13501755954696E+000,-5.20146903399237E+000, 5.20146903399231E+000
 1.13973853098342E+000,-5.21168659606959E+000, 5.21168659606956E+000
 1.14445950241987E+000,-5.22182589859583E+000, 5.22182589859578E+000
 1.14918047385632E+000,-5.23188739047819E+000, 5.23188739047818E+000
 1.15390144529277E+000,-5.24187152064394E+000, 5.24187152064396E+000
 1.15862241672922E+000,-5.25177873798719E+000, 5.25177873798712E+000
 1.16334338816567E+000,-5.26160949131649E+000, 5.26160949131642E+000
 1.16806435960212E+000,-5.27136422930357E+000, 5.27136422930348E+000
 1.17278533103857E+000,-5.28104340043263E+000, 5.28104340043255E+000
 1.17750630247502E+000,-5.29064745295098E+000, 5.29064745295089E+000
 1.18222727391147E+000,-5.30017683482022E+000, 5.30017683482014E+000
 1.18694824534792E+000,-5.30963199366845E+000, 5.30963199366845E+000
 1.19166921678437E+000,-5.31901337674337E+000, 5.31901337674327E+000
 1.19639018822082E+000,-5.32832143086625E+000, 5.32832143086616E+000
 1.20111115965727E+000,-5.33755660238676E+000, 5.33755660238668E+000
 1.20583213109372E+000,-5.34671933713873E+000, 5.34671933713868E+000
 1.21055310253017E+000,-5.35581008039662E+000, 5.35581008039666E+000
 1.21527407396662E+000,-5.36482927683301E+000, 5.36482927683293E+000
 1.21999504540307E+000,-5.37377737047684E+000, 5.37377737047676E+000
 1.22471601683952E+000,-5.38265480467249E+000, 5.38265480467244E+000
 1.22943698827597E+000,-5.39146202203983E+000, 5.39146202203973E+000
 1.23415795971242E+000,-5.40019946443476E+000, 5.40019946443469E+000
 1.23887893114887E+000,-5.40886757291105E+000, 5.40886757291104E+000
 1.24359990258533E+000,-5.41746678768246E+000, 5.41746678768244E+000
 1.24832087402178E+000,-5.42599754808613E+000, 5.42599754808607E+000
 1.25304184545823E+000,-5.43446029254650E+000, 5.43446029254645E+000
 1.25776281689468E+000,-5.44285545854000E+000, 5.44285545853995E+000
 1.26248378833113E+000,-5.45118348256067E+000, 5.45118348256067E+000
 1.26720475976758E+000,-5.45944480008643E+000, 5.45944480008642E+000
 1.27192573120403E+000,-5.46763984554612E+000, 5.46763984554611E+000
 1.27664670264048E+000,-5.47576905228751E+000, 5.47576905228748E+000
 1.28136767407693E+000,-5.48383285254567E+000, 5.48383285254561E+000
 1.28608864551338E+000,-5.49183167741225E+000, 5.49183167741225E+000
 1.29080961694983E+000,-5.49976595680580E+000, 5.49976595680579E+000
 1.29553058838628E+000,-5.50763611944219E+000, 5.50763611944215E+000
 1.30025155982273E+000,-5.51544259280641E+000, 5.51544259280637E+000
 1.30497253125918E+000,-5.52318580312438E+000, 5.52318580312435E+000
 1.30969350269563E+000,-5.53086617533627E+000, 5.53086617533618E+000
 1.31441447413208E+000,-5.53848413306963E+000, 5.53848413306964E+000
 1.31913544556853E+000,-5.54604009861396E+000, 5.54604009861389E+000
 1.32385641700498E+000,-5.55353449289554E+000, 5.55353449289554E+000
 1.32857738844143E+000,-5.56096773545282E+000, 5.56096773545277E+000
 1.33329835987788E+000,-5.56834024441307E+000, 5.56834024441304E+000
 1.33801933131433E+000,-5.57565243646876E+000, 5.57565243646867E+000
 1.34274030275078E+000,-5.58290472685552E+000, 5.58290472685548E+000
 1.34746127418723E+000,-5.59009752933004E+000, 5.59009752933004E+000
 1.35218224562369E+000,-5.59723125614913E+000, 5.59723125614901E+000
 1.35690321706014E+000,-5.60430631804859E+000, 5.60430631804853E+000
 1.36162418849659E+000,-5.61132312422381E+000, 5.61132312422358E+000
 1.36634515993304E+000,-5.61828208231002E+000, 5.61828208230989E+000
 1.37106613136949E+000,-5.62518359836351E+000, 5.62518359836356E+000
 1.37578710280594E+000,-5.63202807684364E+000, 5.63202807684357E+000
 1.38050807424239E+000,-5.63881592059467E+000, 5.63881592059475E+000
 1.38522904567884E+000,-5.64554753082939E+000, 5.64554753082929E+000
 1.38995001711529E+000,-5.65222330711189E+000, 5.65222330711187E+000
 1.39467098855174E+000,-5.65884364734211E+000, 5.65884364734203E+000
 1.39939195998819E+000,-5.66540894773996E+000, 5.66540894773997E+000
 1.40411293142464E+000,-5.67191960283092E+000, 5.67191960283079E+000
 1.40883390286109E+000,-5.67837600543105E+000, 5.67837600543095E+000
 1.41355487429754E+000,-5.68477854663366E+000, 5.68477854663357E+000
 1.41827584573399E+000,-5.69112761579573E+000, 5.69112761579566E+000
 1.42299681717044E+000,-5.69742360052508E+000, 5.69742360052496E+000
 1.42771778860689E+000,-5.70366688666786E+000, 5.70366688666776E+000
 1.43243876004334E+000,-5.70985785829701E+000, 5.70985785829691E+000
 1.43715973147979E+000,-5.71599689770058E+000, 5.71599689770065E+000
 1.44188070291624E+000,-5.72208438537108E+000, 5.72208438537099E+000
 1.44660167435269E+000,-5.72812069999462E+000, 5.72812069999453E+000
 1.45132264578914E+000,-5.73410621844135E+000, 5.73410621844128E+000
 1.45604361722560E+000,-5.74004131575566E+000, 5.74004131575558E+000
 1.46076458866205E+000,-5.74592636514711E+000, 5.74592636514716E+000
 1.46548556009850E+000,-5.75176173798178E+000, 5.75176173798172E+000
 1.47020653153495E+000,-5.75754780377406E+000, 5.75754780377402E+000
 1.47492750297140E+000,-5.76328493017877E+000, 5.76328493017871E+000
 1.47964847440785E+000,-5.76897348298371E+000, 5.76897348298365E+000
 1.48436944584430E+000,-5.77461382610272E+000, 5.77461382610263E+000
 1.48909041728075E+000,-5.78020632156904E+000, 5.78020632156910E+000
 1.49853236015365E+000,-5.79124920823676E+000, 5.79124920823667E+000
 1.50797430302655E+000,-5.80210500141414E+000, 5.80210500141407E+000
 1.51269527446300E+000,-5.80746362288094E+000, 5.80746362288086E+000
 1.52213721733590E+000,-5.81804406872804E+000, 5.81804406872795E+000
 1.53157916020880E+000,-5.82844443362980E+000, 5.82844443362970E+000
 1.53630013164525E+000,-5.83357794670291E+000, 5.83357794670278E+000
 1.54574207451815E+000,-5.84371333917808E+000, 5.84371333917800E+000
 1.55518401739105E+000,-5.85367547099712E+000, 5.85367547099699E+000
 1.56462596026396E+000,-5.86346701615140E+000, 5.86346701615130E+000
 1.56934693170041E+000,-5.86829964587559E+000, 5.86829964587561E+000
 1.57878887457331E+000,-5.87784025694536E+000, 5.87784025694531E+000
 1.58823081744621E+000,-5.88721683065415E+000, 5.88721683065410E+000
 1.59295178888266E+000,-5.89184440640520E+000, 5.89184440640507E+000
 1.60239373175556E+000,-5.90097972455510E+000, 5.90097972455509E+000
 1.61183567462846E+000,-5.90995736078315E+000, 5.90995736078317E+000
 1.61655664606491E+000,-5.91438782687864E+000, 5.91438782687859E+000
 1.62599858893781E+000,-5.92313359553780E+000, 5.92313359553780E+000
 1.63544053181071E+000,-5.93172784434136E+000, 5.93172784434138E+000
 1.64016150324716E+000,-5.93596890340467E+000, 5.93596890340466E+000
 1.64960344612006E+000,-5.94434038327933E+000, 5.94434038327944E+000
 1.65904538899296E+000,-5.95256631306603E+000, 5.95256631306611E+000
 1.66848733186587E+000,-5.96064902716898E+000, 5.96064902716901E+000
 1.67320830330232E+000,-5.96463739952566E+000, 5.96463739952564E+000
 1.68265024617522E+000,-5.97250960065892E+000, 5.97250960065894E+000
 1.69209218904812E+000,-5.98024428943951E+000, 5.98024428943954E+000
 1.69681316048457E+000,-5.98406076431496E+000, 5.98406076431494E+000
 1.70625510335747E+000,-5.99159335391285E+000, 5.99159335391288E+000
 1.71569704623037E+000,-5.99899394677521E+000, 5.99899394677522E+000
 1.72041801766682E+000,-6.00264541878862E+000, 6.00264541878859E+000
 1.72985996053972E+000,-6.00985204657628E+000, 6.00985204657634E+000
 1.73930190341262E+000,-6.01693200813797E+000, 6.01693200813799E+000
 1.74402287484907E+000,-6.02042514053681E+000, 6.02042514053678E+000
 1.75346481772197E+000,-6.02731899562218E+000, 6.02731899562225E+000
 1.76290676059487E+000,-6.03409133282507E+000, 6.03409133282513E+000
 1.77234870346778E+000,-6.04074416119134E+000, 6.04074416119135E+000
 1.77645900048787E+000,-6.04360345888501E+000, 6.04360345888506E+000
 1.78467959452805E+000,-6.04925588422636E+000, 6.04925588422639E+000
 1.79290018856824E+000,-6.05482114924121E+000, 6.05482114924113E+000
 1.80112078260842E+000,-6.06030051959959E+000, 6.06030051959946E+000
 1.80934137664861E+000,-6.06569524506472E+000, 6.06569524506459E+000
 1.81756197068879E+000,-6.07100655961328E+000, 6.07100655961325E+000
 1.82578256472898E+000,-6.07623568155715E+000, 6.07623568155716E+000
 1.83400315876916E+000,-6.08138381366780E+000, 6.08138381366771E+000
 1.84222375280935E+000,-6.08645214330136E+000, 6.08645214330126E+000
 1.85044434684953E+000,-6.09144184252606E+000, 6.09144184252603E+000
 1.85866494088971E+000,-6.09635406825053E+000, 6.09635406825047E+000
 1.86688553492990E+000,-6.10118996235379E+000, 6.10118996235374E+000
 1.87510612897008E+000,-6.10595065181617E+000, 6.10595065181606E+000
 1.88290539142578E+000,-6.11039882987605E+000, 6.11039882987611E+000
 1.89028332229698E+000,-6.11454617111674E+000, 6.11454617111669E+000
 1.89766125316818E+000,-6.11863545460280E+000, 6.11863545460273E+000
 1.90503918403938E+000,-6.12266745505629E+000, 6.12266745505636E+000
 1.91241711491058E+000,-6.12664293794470E+000, 6.12664293794479E+000
 1.92348401121738E+000,-6.13250184374175E+000, 6.13250184374165E+000
 1.93086194208858E+000,-6.13633932161861E+000, 6.13633932161855E+000
 1.93823987295978E+000,-6.14012288933128E+000, 6.14012288933126E+000
 1.94561780383098E+000,-6.14385327168492E+000, 6.14385327168485E+000
 1.95299573470218E+000,-6.14753118466842E+000, 6.14753118466841E+000
 1.96037366557338E+000,-6.15115733553506E+000, 6.15115733553506E+000
 1.97144056188018E+000,-6.15650103370173E+000, 6.15650103370165E+000
 1.97881849275138E+000,-6.16000081690637E+000, 6.16000081690627E+000
 1.98619642362258E+000,-6.16345124574781E+000, 6.16345124574772E+000
 1.99357435449378E+000,-6.16685298916429E+000, 6.16685298916431E+000
 2.00095228536498E+000,-6.17020670780107E+000, 6.17020670780100E+000
 2.00833021623618E+000,-6.17351305409056E+000, 6.17351305409052E+000
 2.01939711254298E+000,-6.17838515757628E+000, 6.17838515757619E+000
 2.02677504341418E+000,-6.18157587421866E+000, 6.18157587421858E+000
 2.03415297428538E+000,-6.18472143851125E+000, 6.18472143851113E+000
 2.04153090515658E+000,-6.18782246692149E+000, 6.18782246692145E+000
 2.04890883602778E+000,-6.19087956814405E+000, 6.19087956814408E+000
 2.05628676689898E+000,-6.19389334318019E+000, 6.19389334318009E+000
 2.06735366320578E+000,-6.19833406510595E+000, 6.19833406510598E+000
 2.07473159407698E+000,-6.20124210428133E+000, 6.20124210428126E+000
 2.08210952494818E+000,-6.20410886132844E+000, 6.20410886132846E+000
 2.08948745581938E+000,-6.20693490360306E+000, 6.20693490360312E+000
 2.09686538669059E+000,-6.20972079119920E+000, 6.20972079119911E+000
 2.10424331756179E+000,-6.21246707702623E+000, 6.21246707702614E+000
 2.11531021386859E+000,-6.21651344446734E+000, 6.21651344446732E+000
 2.12268814473979E+000,-6.21916309839728E+000, 6.21916309839719E+000
 2.13006607561099E+000,-6.22177503027326E+000, 6.22177503027330E+000
 2.13744400648219E+000,-6.22434976162324E+000, 6.22434976162324E+000
 2.14482193735339E+000,-6.22688780720977E+000, 6.22688780720976E+000
 2.15219986822459E+000,-6.22938967510483E+000, 6.22938967510478E+000
 2.16326676453139E+000,-6.23307573892044E+000, 6.23307573892047E+000
 2.17064469540259E+000,-6.23548934216682E+000, 6.23548934216679E+000
 2.17802262627379E+000,-6.23786849435721E+000, 6.23786849435720E+000
 2.18449723935195E+000,-6.23992835111085E+000, 6.23992835111083E+000
 2.19420915896919E+000,-6.24296977965673E+000, 6.24296977965669E+000
 2.20068377204734E+000,-6.24496562040297E+000, 6.24496562040287E+000
 2.21039569166458E+000,-6.24791249033205E+000, 6.24791249033202E+000
 2.21687030474274E+000,-6.24984625574225E+000, 6.24984625574225E+000
 2.22658222435998E+000,-6.25270143595913E+000, 6.25270143595916E+000
 2.23338056809204E+000,-6.25466806876124E+000, 6.25466806876123E+000
 2.24050264247801E+000,-6.25670051316114E+000, 6.25670051316106E+000
 2.25118575405698E+000,-6.25969659979842E+000, 6.25969659979837E+000
 2.25830782844295E+000,-6.26165948974745E+000, 6.26165948974740E+000
 2.26614211026752E+000,-6.26378730665085E+000, 6.26378730665084E+000
 2.27397639209209E+000,-6.26588274224674E+000, 6.26588274224671E+000
 2.28181067391666E+000,-6.26794627873015E+000, 6.26794627873023E+000
 2.28964495574123E+000,-6.26997839143922E+000, 6.26997839143919E+000
 2.29747923756580E+000,-6.27197954894251E+000, 6.27197954894245E+000
 2.30531351939037E+000,-6.27395021312606E+000, 6.27395021312601E+000
 2.31314780121494E+000,-6.27589083927910E+000, 6.27589083927913E+000
 2.32098208303951E+000,-6.27780187617918E+000, 6.27780187617922E+000
 2.32881636486408E+000,-6.27968376617672E+000, 6.27968376617668E+000
 2.33665064668866E+000,-6.28153694527821E+000, 6.28153694527815E+000
 2.34448492851323E+000,-6.28336184322916E+000, 6.28336184322917E+000
 2.35231921033780E+000,-6.28515888359591E+000, 6.28515888359594E+000
 2.36015349216237E+000,-6.28692848384668E+000, 6.28692848384667E+000
 2.37190491489922E+000,-6.28953233242681E+000, 6.28953233242678E+000
 2.37973919672379E+000,-6.29123511951355E+000, 6.29123511951350E+000
 2.38757347854837E+000,-6.29291188075110E+000, 6.29291188075112E+000
 2.39540776037294E+000,-6.29456300714723E+000, 6.29456300714728E+000
 2.40324204219751E+000,-6.29618888404269E+000, 6.29618888404269E+000
 2.41107632402208E+000,-6.29778989118700E+000, 6.29778989118699E+000
 2.41891060584665E+000,-6.29936640281358E+000, 6.29936640281362E+000
 2.42674488767122E+000,-6.30091878771353E+000, 6.30091878771350E+000
 2.43457916949579E+000,-6.30244740930931E+000, 6.30244740930939E+000
 2.44241345132036E+000,-6.30395262572702E+000, 6.30395262572697E+000
 2.45024773314493E+000,-6.30543478986804E+000, 6.30543478986807E+000
 2.45759518246073E+000,-6.30680421188510E+000, 6.30680421188515E+000
 2.46445579926777E+000,-6.30806511809809E+000, 6.30806511809813E+000
 2.47474672447832E+000,-6.30992478912350E+000, 6.30992478912346E+000
 2.48160734128535E+000,-6.31114377026325E+000, 6.31114377026320E+000
 2.48846795809239E+000,-6.31234636878860E+000, 6.31234636878851E+000
 2.49875888330294E+000,-6.31412002335196E+000, 6.31412002335199E+000
 2.50561950010997E+000,-6.31528260912137E+000, 6.31528260912143E+000
 2.51248011691701E+000,-6.31642956002969E+000, 6.31642956002962E+000
 2.52345710380826E+000,-6.31823267783948E+000, 6.31823267783947E+000
 2.53100378229600E+000,-6.31944984609692E+000, 6.31944984609696E+000
 2.53855046078374E+000,-6.32064900893079E+000, 6.32064900893080E+000
 2.54609713927148E+000,-6.32183042935185E+000, 6.32183042935186E+000
 2.55364381775921E+000,-6.32299436662794E+000, 6.32299436662792E+000
 2.56119049624695E+000,-6.32414107633400E+000, 6.32414107633403E+000
 2.56873717473469E+000,-6.32527081040204E+000, 6.32527081040201E+000
 2.57628385322243E+000,-6.32638381717009E+000, 6.32638381717005E+000
 2.58760387095403E+000,-6.32802249816155E+000, 6.32802249816152E+000
 2.59515054944177E+000,-6.32909475001128E+000, 6.32909475001127E+000
 2.60269722792951E+000,-6.33015111613918E+000, 6.33015111613918E+000
 2.61024390641725E+000,-6.33119182930408E+000, 6.33119182930407E+000
 2.61779058490498E+000,-6.33221711893102E+000, 6.33221711893102E+000
 2.62533726339272E+000,-6.33322721115685E+000, 6.33322721115684E+000
 2.63288394188046E+000,-6.33422232887526E+000, 6.33422232887517E+000
 2.64043062036820E+000,-6.33520269178071E+000, 6.33520269178059E+000
 2.65175063809980E+000,-6.33664604369280E+000, 6.33664604369287E+000
 2.65929731658754E+000,-6.33759046013102E+000, 6.33759046013103E+000
 2.66684399507528E+000,-6.33852086612387E+000, 6.33852086612385E+000
 2.67439067356302E+000,-6.33943746750536E+000, 6.33943746750529E+000
 2.68193735205075E+000,-6.34034046714510E+000, 6.34034046714519E+000
 2.68948403053849E+000,-6.34123006498927E+000, 6.34123006498923E+000
 2.69703070902623E+000,-6.34210645810070E+000, 6.34210645810074E+000
 2.70457738751397E+000,-6.34296984069913E+000, 6.34296984069917E+000
 2.71212406600170E+000,-6.34382040420047E+000, 6.34382040420043E+000
 2.72344408373331E+000,-6.34507262557305E+000, 6.34507262557303E+000
 2.73099076222105E+000,-6.34589196072618E+000, 6.34589196072620E+000
 2.73853744070879E+000,-6.34669912521514E+000, 6.34669912521514E+000
 2.74608411919652E+000,-6.34749429831324E+000, 6.34749429831328E+000
 2.75363079768426E+000,-6.34827765669780E+000, 6.34827765669784E+000
 2.76117747617200E+000,-6.34904937448658E+000, 6.34904937448658E+000
 2.76872415465974E+000,-6.34980962327338E+000, 6.34980962327349E+000
 2.77627083314747E+000,-6.35055857216387E+000, 6.35055857216393E+000
 2.78759085087908E+000,-6.35166117208224E+000, 6.35166117208219E+000
 2.79513752936682E+000,-6.35238259505087E+000, 6.35238259505095E+000
 2.80268420785455E+000,-6.35309329089493E+000, 6.35309329089484E+000
 2.80980479129623E+000,-6.35375416669945E+000, 6.35375416669948E+000
 2.81649927969183E+000,-6.35436703167618E+000, 6.35436703167614E+000
 2.82654101228524E+000,-6.35527118758313E+000, 6.35527118758313E+000
 2.83323550068084E+000,-6.35586401807332E+000, 6.35586401807358E+000
 2.84327723327425E+000,-6.35673861381377E+000, 6.35673861381381E+000
 2.85030644608963E+000,-6.35734053291527E+000, 6.35734053291526E+000
 2.85767038332480E+000,-6.35796216389186E+000, 6.35796216389184E+000
 2.86540251742172E+000,-6.35860516135261E+000, 6.35860516135251E+000
 2.87350284838040E+000,-6.35926826523776E+000, 6.35926826523783E+000
 2.88160317933908E+000,-6.35992078023060E+000, 6.35992078023062E+000
 2.88970351029776E+000,-6.36056287436105E+000, 6.36056287436091E+000
 2.89738566479185E+000,-6.36116234305104E+000, 6.36116234305093E+000
 2.90464964282134E+000,-6.36172082086184E+000, 6.36172082086176E+000
 2.91590880876705E+000,-6.36257067893574E+000, 6.36257067893573E+000
 2.92389918459949E+000,-6.36316236579188E+000, 6.36316236579190E+000
 2.93188956043193E+000,-6.36374472576748E+000, 6.36374472576751E+000
 2.93987993626437E+000,-6.36431790505049E+000, 6.36431790505042E+000
 2.94787031209682E+000,-6.36488204756371E+000, 6.36488204756374E+000
 2.95586068792926E+000,-6.36543729499909E+000, 6.36543729499908E+000
 2.96385106376170E+000,-6.36598378685147E+000, 6.36598378685146E+000
 2.97184143959414E+000,-6.36652166045177E+000, 6.36652166045178E+000
 2.97893571958375E+000,-6.36699209963406E+000, 6.36699209963402E+000
 2.98602999957337E+000,-6.36745594503486E+000, 6.36745594503478E+000
 2.99312427956298E+000,-6.36791328860362E+000, 6.36791328860359E+000
 3.00021855955259E+000,-6.36836422102088E+000, 6.36836422102087E+000
 3.01085997953701E+000,-6.36902879402464E+000, 6.36902879402451E+000
 3.01795425952662E+000,-6.36946408711612E+000, 6.36946408711609E+000
 3.02504853951624E+000,-6.36989327668942E+000, 6.36989327668937E+000
 3.03214281950585E+000,-6.37031644792302E+000, 6.37031644792302E+000
 3.04278423949027E+000,-6.37094010382111E+000, 6.37094010382105E+000
 3.04987851947988E+000,-6.37134859417406E+000, 6.37134859417404E+000
 3.05697279946950E+000,-6.37175135514408E+000, 6.37175135514403E+000
 3.06406707945911E+000,-6.37214846673542E+000, 6.37214846673540E+000
 3.07470849944353E+000,-6.37273371382571E+000, 6.37273371382573E+000
 3.08180277943314E+000,-6.37311704475974E+000, 6.37311704475967E+000
 3.08889705942276E+000,-6.37349499770870E+000, 6.37349499770870E+000
 3.09953847940718E+000,-6.37405200749112E+000, 6.37405200749112E+000
 3.10663275939679E+000,-6.37441684193602E+000, 6.37441684193599E+000
 3.11372703938640E+000,-6.37477655685786E+000, 6.37477655685792E+000
 3.12082131937602E+000,-6.37513122381325E+000, 6.37513122381326E+000
 3.13146273936044E+000,-6.37565391340081E+000, 6.37565391340076E+000
 3.13855701935005E+000,-6.37599626702189E+000, 6.37599626702185E+000
 3.14565129933966E+000,-6.37633381539901E+000, 6.37633381539897E+000
 3.15274557932928E+000,-6.37666662572918E+000, 6.37666662572907E+000
 3.16338699931370E+000,-6.37715710208725E+000, 6.37715710208720E+000
 3.17048127930331E+000,-6.37747835519661E+000, 6.37747835519657E+000
 3.17757555929292E+000,-6.37779509818613E+000, 6.37779509818607E+000
 3.18466983928253E+000,-6.37810739415475E+000, 6.37810739415467E+000
 3.19531125926695E+000,-6.37856763581794E+000, 6.37856763581784E+000
 3.20240553925657E+000,-6.37886908456858E+000, 6.37886908456853E+000
 3.20949981924618E+000,-6.37916630031925E+000, 6.37916630031934E+000
 3.21659409923579E+000,-6.37945934231750E+000, 6.37945934231759E+000
 3.22723551922021E+000,-6.37989120710829E+000, 6.37989120710820E+000
 3.23432979920983E+000,-6.38017406855429E+000, 6.38017406855422E+000
 3.24142407919944E+000,-6.38045295719994E+000, 6.38045295719997E+000
 3.24851835918905E+000,-6.38072792867337E+000, 6.38072792867333E+000
 3.25915977917347E+000,-6.38113316096942E+000, 6.38113316096942E+000
 3.26625405916309E+000,-6.38139857783085E+000, 6.38139857783088E+000
 3.27334833915270E+000,-6.38166026619138E+000, 6.38166026619134E+000
 3.28044261914231E+000,-6.38191827827820E+000, 6.38191827827820E+000
 3.28824632713089E+000,-6.38219790692121E+000, 6.38219790692117E+000
 3.29605003511946E+000,-6.38247321711712E+000, 6.38247321711703E+000
 3.30775559710232E+000,-6.38287823053407E+000, 6.38287823053409E+000
 3.31555930509090E+000,-6.38314303336892E+000, 6.38314303336894E+000
 3.32336301307947E+000,-6.38340374611818E+000, 6.38340374611823E+000
 3.33116672106805E+000,-6.38366043179325E+000, 6.38366043179320E+000
 3.33897042905662E+000,-6.38391315243962E+000, 6.38391315243958E+000
 3.34677413704520E+000,-6.38416196915189E+000, 6.38416196915187E+000
 3.35457784503377E+000,-6.38440694208794E+000, 6.38440694208795E+000
 3.36238155302234E+000,-6.38464813048316E+000, 6.38464813048317E+000
 3.37018526101092E+000,-6.38488559266460E+000, 6.38488559266454E+000
 3.37798896899949E+000,-6.38511938606445E+000, 6.38511938606446E+000
 3.38480407315768E+000,-6.38532060488348E+000, 6.38532060488349E+000
 3.39502672939497E+000,-6.38561734862395E+000, 6.38561734862388E+000
 3.40184183355316E+000,-6.38581184136007E+000, 6.38581184136005E+000
 3.40865693771135E+000,-6.38600370690227E+000, 6.38600370690220E+000
 3.41887959394863E+000,-6.38628665655735E+000, 6.38628665655735E+000
 3.42569469810682E+000,-6.38647210799825E+000, 6.38647210799816E+000
 3.43250980226501E+000,-6.38665505411700E+000, 6.38665505411700E+000
 3.44273245850230E+000,-6.38692484957461E+000, 6.38692484957459E+000
 3.44954756266049E+000,-6.38710167916299E+000, 6.38710167916297E+000
 3.45636266681868E+000,-6.38727611967078E+000, 6.38727611967074E+000
 3.46658532305596E+000,-6.38753337125603E+000, 6.38753337125600E+000
 3.47340042721415E+000,-6.38770197905387E+000, 6.38770197905391E+000
 3.48055628658025E+000,-6.38787656586919E+000, 6.38787656586926E+000
 3.48805290115426E+000,-6.38805681108762E+000, 6.38805681108762E+000
 3.49801482706000E+000,-6.38829219509896E+000, 6.38829219509898E+000
 3.50465611099716E+000,-6.38844653714840E+000, 6.38844653714838E+000
 3.51561422949346E+000,-6.38869676988294E+000, 6.38869676988292E+000
 3.52291964182434E+000,-6.38886057608618E+000, 6.38886057608617E+000
 3.53022505415521E+000,-6.38902201045062E+000, 6.38902201045064E+000
 3.53789573710262E+000,-6.38918900134878E+000, 6.38918900134880E+000
 3.54535049107233E+000,-6.38934885922983E+000, 6.38934885922984E+000
 3.55256772316656E+000,-6.38950137326144E+000, 6.38950137326140E+000
 3.56012863297956E+000,-6.38965880997467E+000, 6.38965880997475E+000
 3.57146999769907E+000,-6.38989055291222E+000, 6.38989055291226E+000
 3.57903090751207E+000,-6.39004215805716E+000, 6.39004215805713E+000
 3.58659181732507E+000,-6.39019149141672E+000, 6.39019149141670E+000
 3.59415272713808E+000,-6.39033858698146E+000, 6.39033858698148E+000
 3.60171363695108E+000,-6.39048347823496E+000, 6.39048347823596E+000
 3.60927454676408E+000,-6.39062619816122E+000, 6.39062619816117E+000
 3.61683545657708E+000,-6.39076677925208E+000, 6.39076677925209E+000
 3.62439636639009E+000,-6.39090525351463E+000, 6.39090525351461E+000
 3.63573773110959E+000,-6.39110908344743E+000, 6.39110908344742E+000
 3.64329864092259E+000,-6.39124242755361E+000, 6.39124242755359E+000
 3.65085955073559E+000,-6.39137377314140E+000, 6.39137377314136E+000
 3.65842046054860E+000,-6.39150315012396E+000, 6.39150315012395E+000
 3.66598137036160E+000,-6.39163058796758E+000, 6.39163058796759E+000
 3.67354228017460E+000,-6.39175611569897E+000, 6.39175611569897E+000
 3.68110318998760E+000,-6.39187976191124E+000, 6.39187976191122E+000
 3.68866409980061E+000,-6.39200155477072E+000, 6.39200155477063E+000
 3.69622500961361E+000,-6.39212152202299E+000, 6.39212152202305E+000
 3.70756637433311E+000,-6.39229810956360E+000, 6.39229810956348E+000
 3.71512728414612E+000,-6.39241363148135E+000, 6.39241363148141E+000
 3.72268819395912E+000,-6.39252742167917E+000, 6.39252742167918E+000
 3.73024910377212E+000,-6.39263950608596E+000, 6.39263950608596E+000
 3.73781001358512E+000,-6.39274991024348E+000, 6.39274991024346E+000
 3.74537092339813E+000,-6.39285865931181E+000, 6.39285865931178E+000
 3.75293183321113E+000,-6.39296577807527E+000, 6.39296577807524E+000
 3.76049274302413E+000,-6.39307129094775E+000, 6.39307129094774E+000
 3.76805365283713E+000,-6.39317522197825E+000, 6.39317522197816E+000
 3.77803818513641E+000,-6.39331008416506E+000, 6.39331008416510E+000
 3.78424226252918E+000,-6.39339253821686E+000, 6.39339253821688E+000
 3.79354837861834E+000,-6.39351431869788E+000, 6.39351431869779E+000
 3.80037286375039E+000,-6.39360219623962E+000, 6.39360219623958E+000
 3.80945745531520E+000,-6.39371733291481E+000, 6.39371733291487E+000
 3.81854204688001E+000,-6.39383039855732E+000, 6.39383039855733E+000
 3.82553718238492E+000,-6.39391607123826E+000, 6.39391607123827E+000
 3.83359824330010E+000,-6.39401332512733E+000, 6.39401332512734E+000
 3.84117836522008E+000,-6.39410335857861E+000, 6.39410335857870E+000
 3.84863250729109E+000,-6.39419057574151E+000, 6.39419057574151E+000
 3.85644160850834E+000,-6.39428056341138E+000, 6.39428056341139E+000
 3.86425070972559E+000,-6.39436915779055E+000, 6.39436915779051E+000
 3.87205981094285E+000,-6.39445638043260E+000, 6.39445638043261E+000
 3.88377346276873E+000,-6.39458468871952E+000, 6.39458468871942E+000
 3.89158256398598E+000,-6.39466857414438E+000, 6.39466857414441E+000
 3.89939166520323E+000,-6.39475116068227E+000, 6.39475116068220E+000
 3.90720076642048E+000,-6.39483246842866E+000, 6.39483246842862E+000
 3.91500986763773E+000,-6.39491251716894E+000, 6.39491251716895E+000
 3.92217140030403E+000,-6.39498483780447E+000, 6.39498483780449E+000
 3.92868536441936E+000,-6.39504972611121E+000, 6.39504972611122E+000
 3.93918022567548E+000,-6.39515250916916E+000, 6.39515250916914E+000
 3.94583922713399E+000,-6.39521661610472E+000, 6.39521661610471E+000
 3.95249822859250E+000,-6.39527987555373E+000, 6.39527987555361E+000
 3.96248673078027E+000,-6.39537320013961E+000, 6.39537320013964E+000
 3.96914573223878E+000,-6.39543438952997E+000, 6.39543438952999E+000
 3.97913423442655E+000,-6.39552466019018E+000, 6.39552466019017E+000
 3.98579323588507E+000,-6.39558384721391E+000, 6.39558384721390E+000
 3.99245223734358E+000,-6.39564225174718E+000, 6.39564225174719E+000
 4.00244073953135E+000,-6.39572841395457E+000, 6.39572841395457E+000
 4.00909974098986E+000,-6.39578490719260E+000, 6.39578490719263E+000
 4.01908824317763E+000,-6.39586824970082E+000, 6.39586824970080E+000
 4.02574724463614E+000,-6.39592289415089E+000, 6.39592289415084E+000
 4.03240624609465E+000,-6.39597681612821E+000, 6.39597681612812E+000
 4.04239474828242E+000,-6.39605636530525E+000, 6.39605636530517E+000
 4.04905374974093E+000,-6.39610852258966E+000, 6.39610852258955E+000
 4.05904225192870E+000,-6.39618546835169E+000, 6.39618546835172E+000
 4.06570125338721E+000,-6.39623591866166E+000, 6.39623591866161E+000
 4.07236025484573E+000,-6.39628570191861E+000, 6.39628570191858E+000
 4.08268170710642E+000,-6.39636156827942E+000, 6.39636156827939E+000
 4.09000660871078E+000,-6.39641446723137E+000, 6.39641446723141E+000
 4.09733151031515E+000,-6.39646659730085E+000, 6.39646659730090E+000
 4.10465641191951E+000,-6.39651796965741E+000, 6.39651796965736E+000
 4.11564376432606E+000,-6.39659363151537E+000, 6.39659363151535E+000
 4.12296866593042E+000,-6.39664315739826E+000, 6.39664315739819E+000
 4.13029356753478E+000,-6.39669196340037E+000, 6.39669196340032E+000
 4.13722106744463E+000,-6.39673746859951E+000, 6.39673746859953E+000
 4.14701621476763E+000,-6.39680074475331E+000, 6.39680074475328E+000
 4.15354631298296E+000,-6.39684224575194E+000, 6.39684224575193E+000
 4.16007641119829E+000,-6.39688320852738E+000, 6.39688320852735E+000
 4.16987155852129E+000,-6.39694365875903E+000, 6.39694365875905E+000
 4.17640165673662E+000,-6.39698330630264E+000, 6.39698330630261E+000
 4.18619680405962E+000,-6.39704181558476E+000, 6.39704181558469E+000
 4.19272690227496E+000,-6.39708019010651E+000, 6.39708019010649E+000
 4.20252204959795E+000,-6.39713682073141E+000, 6.39713682073139E+000
 4.20905214781329E+000,-6.39717396308791E+000, 6.39717396308791E+000
 4.21884729513629E+000,-6.39722877535041E+000, 6.39722877535042E+000
 4.22537739335162E+000,-6.39726472508823E+000, 6.39726472508824E+000
 4.23223399647772E+000,-6.39730197060947E+000, 6.39730197060940E+000
 4.24300865853302E+000,-6.39735947748286E+000, 6.39735947748283E+000
 4.25019176656988E+000,-6.39739713295501E+000, 6.39739713295500E+000
 4.25660362056666E+000,-6.39743029159814E+000, 6.39743029159817E+000
 4.26622140156183E+000,-6.39747923937080E+000, 6.39747923937071E+000
 4.27263325555862E+000,-6.39751135224104E+000, 6.39751135224098E+000
 4.28098922360698E+000,-6.39755258887933E+000, 6.39755258887930E+000
 4.28934519165534E+000,-6.39759314235932E+000, 6.39759314235934E+000
 4.29770115970370E+000,-6.39763302399450E+000, 6.39763302399445E+000
 4.30661419228862E+000,-6.39767483641566E+000, 6.39767483641570E+000
 4.31274190219075E+000,-6.39770315328616E+000, 6.39770315328611E+000
 4.32193346704395E+000,-6.39774498341626E+000, 6.39774498341623E+000
 4.32806117694609E+000,-6.39777244615427E+000, 6.39777244615428E+000
 4.33725274179929E+000,-6.39781301453963E+000, 6.39781301453959E+000
 4.34644430665249E+000,-6.39785284421425E+000, 6.39785284421426E+000
 4.35257201655462E+000,-6.39787899358636E+000, 6.39787899358641E+000
 4.36176358140782E+000,-6.39791762183723E+000, 6.39791762183724E+000
 4.37095514626102E+000,-6.39795554669400E+000, 6.39795554669403E+000
 4.37708285616315E+000,-6.39798044549008E+000, 6.39798044549004E+000
 4.38627442101635E+000,-6.39801722636208E+000, 6.39801722636212E+000
 4.39240213091848E+000,-6.39804137409461E+000, 6.39804137409460E+000
 4.40159369577168E+000,-6.39807704547910E+000, 6.39807704547907E+000
 4.41078526062488E+000,-6.39811206729594E+000, 6.39811206729597E+000
 4.41691297052701E+000,-6.39813506015139E+000, 6.39813506015144E+000
 4.42702369186553E+000,-6.39817238785909E+000, 6.39817238785902E+000
 4.43376417275788E+000,-6.39819685705305E+000, 6.39819685705301E+000
 4.44050465365022E+000,-6.39822099868390E+000, 6.39822099868391E+000
 4.45162644712259E+000,-6.39826012787538E+000, 6.39826012787541E+000
 4.45904097610417E+000,-6.39828573475239E+000, 6.39828573475239E+000
 4.46645550508575E+000,-6.39831096480541E+000, 6.39831096480541E+000
 4.47387003406733E+000,-6.39833582357815E+000, 6.39833582357816E+000
 4.48128456304891E+000,-6.39836031653293E+000, 6.39836031653294E+000
 4.48869909203049E+000,-6.39838444905171E+000, 6.39838444905168E+000
 4.49857447291865E+000,-6.39841604046091E+000, 6.39841604046095E+000
 4.50474258931601E+000,-6.39843545814932E+000, 6.39843545814928E+000
 4.51399476391207E+000,-6.39846413932264E+000, 6.39846413932259E+000
 4.52016288030944E+000,-6.39848296743914E+000, 6.39848296743915E+000
 4.53034027236510E+000,-6.39851353061478E+000, 6.39851353061484E+000
 4.53712520040220E+000,-6.39853356325212E+000, 6.39853356325208E+000
 4.54730259245786E+000,-6.39856310720436E+000, 6.39856310720435E+000
 4.55408752049497E+000,-6.39858247178898E+000, 6.39858247178900E+000
 4.56087244853207E+000,-6.39860157543125E+000, 6.39860157543122E+000
 4.57104984058773E+000,-6.39862974930497E+000, 6.39862974930493E+000
 4.57851326142855E+000,-6.39865004878260E+000, 6.39865004878255E+000
 4.58517889668202E+000,-6.39866792405974E+000, 6.39866792405973E+000
 4.59398067118121E+000,-6.39869116575773E+000, 6.39869116575773E+000
 4.60278244568039E+000,-6.39871400198163E+000, 6.39871400198158E+000
 4.60865029534652E+000,-6.39872900436517E+000, 6.39872900436524E+000
 4.61803885481232E+000,-6.39875264502933E+000, 6.39875264502930E+000
 4.62513895290833E+000,-6.39877023085624E+000, 6.39877023085633E+000
 4.63223905100434E+000,-6.39878756877302E+000, 6.39878756877307E+000
 4.64288919814835E+000,-6.39881311844650E+000, 6.39881311844649E+000
 4.64911539503052E+000,-6.39882780497850E+000, 6.39882780497839E+000
 4.65907731004198E+000,-6.39885092639782E+000, 6.39885092639780E+000
 4.66592612661235E+000,-6.39886655729516E+000, 6.39886655729514E+000
 4.67277494318273E+000,-6.39888197558337E+000, 6.39888197558329E+000
 4.68304816803830E+000,-6.39890471068749E+000, 6.39890471068752E+000
 4.68989698460867E+000,-6.39891961001666E+000, 6.39891961001657E+000
 4.69674580117905E+000,-6.39893430668558E+000, 6.39893430668551E+000
 4.70736146686313E+000,-6.39895669244858E+000, 6.39895669244851E+000
 4.71489516509055E+000,-6.39897229328783E+000, 6.39897229328771E+000
 4.72242886331796E+000,-6.39898766086217E+000, 6.39898766086216E+000
 4.72996256154538E+000,-6.39900279865901E+000, 6.39900279865900E+000
 4.73749625977279E+000,-6.39901771011341E+000, 6.39901771011331E+000
 4.74502995800021E+000,-6.39903239860911E+000, 6.39903239860904E+000
 4.75256365622762E+000,-6.39904686747945E+000, 6.39904686747941E+000
 4.76009735445503E+000,-6.39906112000769E+000, 6.39906112000760E+000
 4.77055911213657E+000,-6.39908055918933E+000, 6.39908055918935E+000
 4.77798358532991E+000,-6.39909411009309E+000, 6.39909411009311E+000
 4.78540805852326E+000,-6.39910746129483E+000, 6.39910746129488E+000
 4.79283253171660E+000,-6.39912061573722E+000, 6.39912061573713E+000
 4.80025700490995E+000,-6.39913357631943E+000, 6.39913357631934E+000
 4.81139371469997E+000,-6.39915265994241E+000, 6.39915265994245E+000
 4.81881818789332E+000,-6.39916514828002E+000, 6.39916514828012E+000
 4.82624266108666E+000,-6.39917745257290E+000, 6.39917745257291E+000
 4.83366713428001E+000,-6.39918957553283E+000, 6.39918957553289E+000
 4.84109160747335E+000,-6.39920151983205E+000, 6.39920151983205E+000
 4.84851608066670E+000,-6.39921328810306E+000, 6.39921328810307E+000
 4.85924535305155E+000,-6.39922998895120E+000, 6.39922998895121E+000
 4.86585495143456E+000,-6.39924010029527E+000, 6.39924010029531E+000
 4.87246454981758E+000,-6.39925007887081E+000, 6.39925007887081E+000
 4.88303990723039E+000,-6.39926577277517E+000, 6.39926577277516E+000
 4.89067399336277E+000,-6.39927689730787E+000, 6.39927689730796E+000
 4.89867160740622E+000,-6.39928837085176E+000, 6.39928837085178E+000
 4.90666922144966E+000,-6.39929966235371E+000, 6.39929966235375E+000
 4.91466683549311E+000,-6.39931077470169E+000, 6.39931077470168E+000
 4.92266444953655E+000,-6.39932171073798E+000, 6.39932171073797E+000
 4.93066206358000E+000,-6.39933247325968E+000, 6.39933247325963E+000
 4.93865967762344E+000,-6.39934306501958E+000, 6.39934306501948E+000
 4.94665729166689E+000,-6.39935348872661E+000, 6.39935348872651E+000
 4.95465490571033E+000,-6.39936374704711E+000, 6.39936374704701E+000
 4.96190977392858E+000,-6.39937291180757E+000, 6.39937291180754E+000
 4.96842189632164E+000,-6.39938102580867E+000, 6.39938102580856E+000
 4.97916689827018E+000,-6.39939418503451E+000, 6.39939418503449E+000
 4.98704656636578E+000,-6.39940365699948E+000, 6.39940365699947E+000
 4.99492623446138E+000,-6.39941298087629E+000, 6.39941298087612E+000
 5.00280590255697E+000,-6.39942215898003E+000, 6.39942215897993E+000
 5.01068557065257E+000,-6.39943119358955E+000, 6.39943119358949E+000
 5.01856523874817E+000,-6.39944008694807E+000, 6.39944008694803E+000
 5.02644490684377E+000,-6.39944884126386E+000, 6.39944884126378E+000
 5.03344487079259E+000,-6.39945650335926E+000, 6.39945650335916E+000
 5.04044483474141E+000,-6.39946405894222E+000, 6.39946405894217E+000
 5.05094478066465E+000,-6.39947519583894E+000, 6.39947519583905E+000
 5.05794474461347E+000,-6.39948249157328E+000, 6.39948249157338E+000
 5.06494470856229E+000,-6.39948968588764E+000, 6.39948968588759E+000
 5.07465397733793E+000,-6.39949949946293E+000, 6.39949949946298E+000
 5.08086326413915E+000,-6.39950567629256E+000, 6.39950567629258E+000
 5.09017719434098E+000,-6.39951479890533E+000, 6.39951479890533E+000
 5.09669694548226E+000,-6.39952108438064E+000, 6.39952108438058E+000
 5.10694226870428E+000,-6.39953079745806E+000, 6.39953079745800E+000
 5.11377248418562E+000,-6.39953716315716E+000, 6.39953716315716E+000
 5.12060269966697E+000,-6.39954344249551E+000, 6.39954344249548E+000
 5.13084802288898E+000,-6.39955270213500E+000, 6.39955270213505E+000
 5.13767823837032E+000,-6.39955877066223E+000, 6.39955877066222E+000
 5.14450845385167E+000,-6.39956475686012E+000, 6.39956475686001E+000
 5.15475377707368E+000,-6.39957358422817E+000, 6.39957358422820E+000
 5.16158399255503E+000,-6.39957936945569E+000, 6.39957936945569E+000
 5.17033742186720E+000,-6.39958666905437E+000, 6.39958666905439E+000
 5.17617304140864E+000,-6.39959146494332E+000, 6.39959146494323E+000
 5.18580181365202E+000,-6.39959925681206E+000, 6.39959925681203E+000
 5.19222099514761E+000,-6.39960436865548E+000, 6.39960436865547E+000
 5.20184976739100E+000,-6.39961191442307E+000, 6.39961191442306E+000
 5.20858990796137E+000,-6.39961711066713E+000, 6.39961711066707E+000
 5.21918155742909E+000,-6.39962513598733E+000, 6.39962513598731E+000
 5.22624265707424E+000,-6.39963039253439E+000, 6.39963039253432E+000
 5.23330375671939E+000,-6.39963557537339E+000, 6.39963557537346E+000
 5.24036485636454E+000,-6.39964068553784E+000, 6.39964068553782E+000
 5.25095650583226E+000,-6.39964821674474E+000, 6.39964821674475E+000
 5.25726604616003E+000,-6.39965262791454E+000, 6.39965262791460E+000
 5.26673035665168E+000,-6.39965914117602E+000, 6.39965914117604E+000
 5.27303989697945E+000,-6.39966341536302E+000, 6.39966341536307E+000
 5.28250420747109E+000,-6.39966972636398E+000, 6.39966972636395E+000
 5.28881374779886E+000,-6.39967386782177E+000, 6.39967386782190E+000
 5.29827805829051E+000,-6.39967998284281E+000, 6.39967998284328E+000
 5.30458759861828E+000,-6.39968399569290E+000, 6.39968399569293E+000
 5.31405190910993E+000,-6.39968992081960E+000, 6.39968992081962E+000
 5.32036144943769E+000,-6.39969380905563E+000, 6.39969380905563E+000
 5.33077219097851E+000,-6.39970011834355E+000, 6.39970011834348E+000
 5.33771268533905E+000,-6.39970425214422E+000, 6.39970425214424E+000
 5.34465317969959E+000,-6.39970832896277E+000, 6.39970832896273E+000
 5.35541094595843E+000,-6.39971453725366E+000, 6.39971453725363E+000
 5.36304548975503E+000,-6.39971886280592E+000, 6.39971886280599E+000
 5.37068003355162E+000,-6.39972312281550E+000, 6.39972312281546E+000
 5.37831457734822E+000,-6.39972731827554E+000, 6.39972731827549E+000
 5.38594912114482E+000,-6.39973145016393E+000, 6.39973145016394E+000
 5.39358366494141E+000,-6.39973551944400E+000, 6.39973551944404E+000
 5.40121820873801E+000,-6.39973952706441E+000, 6.39973952706442E+000
 5.40885275253461E+000,-6.39974347395930E+000, 6.39974347395928E+000
 5.41648729633120E+000,-6.39974736104892E+000, 6.39974736104891E+000
 5.42412184012780E+000,-6.39975118923938E+000, 6.39975118923938E+000
 5.43557365582269E+000,-6.39975682303753E+000, 6.39975682303756E+000
 5.44320819961929E+000,-6.39976050785493E+000, 6.39976050785493E+000
 5.45084274341589E+000,-6.39976413683797E+000, 6.39976413683789E+000
 5.45847728721248E+000,-6.39976771083259E+000, 6.39976771083259E+000
 5.46611183100908E+000,-6.39977123067208E+000, 6.39977123067201E+000
 5.47374637480568E+000,-6.39977469717701E+000, 6.39977469717692E+000
 5.48138091860227E+000,-6.39977811115542E+000, 6.39977811115536E+000
 5.48824107977776E+000,-6.39978113470035E+000, 6.39978113470034E+000
 5.49853132154098E+000,-6.39978559294487E+000, 6.39978559294489E+000
 5.50539148271647E+000,-6.39978851454173E+000, 6.39978851454180E+000
 5.51225164389195E+000,-6.39979139632833E+000, 6.39979139632838E+000
 5.52254188565517E+000,-6.39979564554873E+000, 6.39979564554866E+000
 5.52940204683066E+000,-6.39979843016693E+000, 6.39979843016690E+000
 5.53626220800614E+000,-6.39980117684132E+000, 6.39980117684132E+000
 5.54655244976937E+000,-6.39980522683744E+000, 6.39980522683742E+000
 5.55266943801088E+000,-6.39980759513554E+000, 6.39980759513550E+000
 5.56184492037315E+000,-6.39981109369910E+000, 6.39981109369899E+000
 5.57102040273543E+000,-6.39981452864800E+000, 6.39981452864794E+000
 5.57713739097694E+000,-6.39981678384454E+000, 6.39981678384453E+000
 5.58631287333922E+000,-6.39982011532903E+000, 6.39982011532895E+000
 5.59273571099281E+000,-6.39982241125909E+000, 6.39982241125905E+000
 5.60282874159131E+000,-6.39982596008861E+000, 6.39982596008857E+000
 5.60955742865698E+000,-6.39982828648864E+000, 6.39982828648860E+000
 5.61628611572265E+000,-6.39983058179201E+000, 6.39983058179208E+000
 5.62637914632116E+000,-6.39983396734851E+000, 6.39983396734837E+000
 5.63310783338682E+000,-6.39983618671650E+000, 6.39983618671643E+000
 5.64320086398533E+000,-6.39983946026877E+000, 6.39983946026869E+000
 5.64992955105100E+000,-6.39984160621344E+000, 6.39984160621351E+000
 5.65665823811667E+000,-6.39984372347357E+000, 6.39984372347353E+000
 5.66675126871517E+000,-6.39984684641734E+000, 6.39984684641723E+000
 5.67347995578084E+000,-6.39984889363206E+000, 6.39984889363210E+000
 5.68020864284651E+000,-6.39985091348193E+000, 6.39985091348191E+000
 5.69030167344501E+000,-6.39985389274619E+000, 6.39985389274616E+000
 5.69703036051068E+000,-6.39985584577320E+000, 6.39985584577318E+000
 5.70712339110918E+000,-6.39985872647434E+000, 6.39985872647426E+000
 5.71385207817485E+000,-6.39986061488928E+000, 6.39986061488917E+000
 5.72058076524052E+000,-6.39986247806184E+000, 6.39986247806176E+000
 5.73067379583903E+000,-6.39986522622826E+000, 6.39986522622820E+000
 5.73740248290470E+000,-6.39986702776133E+000, 6.39986702776126E+000
 5.74413116997036E+000,-6.39986880521339E+000, 6.39986880521341E+000
 5.75327198638540E+000,-6.39987118185355E+000, 6.39987118185355E+000
 5.76110984328859E+000,-6.39987318540536E+000, 6.39987318540536E+000
 5.76889734502032E+000,-6.39987514522220E+000, 6.39987514522216E+000
 5.77862418589298E+000,-6.39987755061134E+000, 6.39987755061127E+000
 5.78531138899294E+000,-6.39987917738099E+000, 6.39987917738095E+000
 5.79534219364287E+000,-6.39988157710309E+000, 6.39988157710310E+000
 5.80202939674283E+000,-6.39988315038028E+000, 6.39988315038030E+000
 5.80871659984278E+000,-6.39988470275627E+000, 6.39988470275627E+000
 5.81607252325273E+000,-6.39988638656035E+000, 6.39988638656025E+000
 5.82710640836766E+000,-6.39988886627232E+000, 6.39988886627236E+000
 5.83446233177761E+000,-6.39989048927282E+000, 6.39989048927283E+000
 5.84181825518756E+000,-6.39989208857107E+000, 6.39989208857115E+000
 5.84917417859751E+000,-6.39989366451340E+000, 6.39989366451341E+000
 5.85653010200746E+000,-6.39989521744072E+000, 6.39989521744076E+000
 5.86756398712238E+000,-6.39989750441265E+000, 6.39989750441269E+000
 5.87491991053233E+000,-6.39989900126243E+000, 6.39989900126242E+000
 5.88227583394228E+000,-6.39990047625231E+000, 6.39990047625238E+000
 5.88963175735223E+000,-6.39990192970159E+000, 6.39990192970156E+000
 5.89698768076218E+000,-6.39990336192476E+000, 6.39990336192468E+000
 5.90434360417213E+000,-6.39990477323181E+000, 6.39990477323176E+000
 5.91537748928706E+000,-6.39990685164163E+000, 6.39990685164160E+000
 5.92273341269701E+000,-6.39990821198511E+000, 6.39990821198512E+000
 5.93008933610696E+000,-6.39990955246213E+000, 6.39990955246215E+000
 5.93744525951691E+000,-6.39991087336291E+000, 6.39991087336283E+000
 5.94480118292686E+000,-6.39991217497336E+000, 6.39991217497334E+000
 5.95215710633681E+000,-6.39991345757511E+000, 6.39991345757510E+000
 5.96319099145173E+000,-6.39991534644263E+000, 6.39991534644260E+000
 5.97054691486168E+000,-6.39991658272834E+000, 6.39991658272904E+000
 5.97790283827163E+000,-6.39991780095942E+000, 6.39991780095943E+000
 5.98525876168158E+000,-6.39991900139944E+000, 6.39991900139937E+000
 5.99261468509153E+000,-6.39992018430827E+000, 6.39992018430825E+000
 6.00364857020645E+000,-6.39992192635963E+000, 6.39992192635960E+000
 6.01100449361640E+000,-6.39992306655243E+000, 6.39992306655241E+000
 6.01836041702635E+000,-6.39992419009383E+000, 6.39992419009379E+000
 6.02571634043630E+000,-6.39992529722712E+000, 6.39992529722697E+000
 6.03268078006559E+000,-6.39992633053390E+000, 6.39992633053391E+000
 6.04254021383853E+000,-6.39992776897536E+000, 6.39992776897529E+000
 6.04911316968715E+000,-6.39992871229873E+000, 6.39992871229872E+000
 6.05897260346009E+000,-6.39993010423496E+000, 6.39993010423494E+000
 6.06620285489357E+000,-6.39993110768477E+000, 6.39993110768466E+000
 6.07343310632706E+000,-6.39993209672870E+000, 6.39993209672864E+000
 6.08066335776055E+000,-6.39993307157369E+000, 6.39993307157367E+000
 6.09150873491078E+000,-6.39993450766308E+000, 6.39993450766296E+000
 6.09873898634426E+000,-6.39993544789588E+000, 6.39993544789581E+000
 6.10596923777775E+000,-6.39993637463046E+000, 6.39993637463034E+000
 6.11319948921124E+000,-6.39993728806054E+000, 6.39993728806066E+000
 6.12042974064473E+000,-6.39993818837713E+000, 6.39993818837712E+000
 6.13127511779496E+000,-6.39993951467536E+000, 6.39993951467538E+000
 6.13850536922844E+000,-6.39994038302598E+000, 6.39994038302589E+000
 6.14573562066193E+000,-6.39994123891027E+000, 6.39994123891019E+000
 6.15296587209542E+000,-6.39994208250717E+000, 6.39994208250716E+000
 6.16019612352891E+000,-6.39994291399321E+000, 6.39994291399324E+000
 6.17104150067914E+000,-6.39994413889378E+000, 6.39994413889384E+000
 6.17827175211262E+000,-6.39994494085766E+000, 6.39994494085768E+000
 6.18550200354611E+000,-6.39994573130821E+000, 6.39994573130824E+000
 6.19273225497960E+000,-6.39994651041086E+000, 6.39994651041085E+000
 6.20357763212983E+000,-6.39994765814301E+000, 6.39994765814325E+000
 6.21080788356332E+000,-6.39994840958337E+000, 6.39994840958332E+000
 6.21803813499680E+000,-6.39994915023573E+000, 6.39994915023568E+000
 6.22526838643029E+000,-6.39994988025507E+000, 6.39994988025508E+000
 6.23210286345417E+000,-6.39995056067600E+000, 6.39995056067595E+000
 6.24176091737559E+000,-6.39995150648362E+000, 6.39995150648367E+000
 6.24819961998987E+000,-6.39995212694840E+000, 6.39995212694846E+000
 6.25785767391129E+000,-6.39995304279228E+000, 6.39995304279224E+000
 6.26461831165628E+000,-6.39995367343817E+000, 6.39995367343815E+000
 6.27524217096984E+000,-6.39995464738469E+000, 6.39995464738465E+000
 6.28232474384555E+000,-6.39995528528028E+000, 6.39995528528027E+000
 6.28940731672126E+000,-6.39995591420370E+000, 6.39995591420363E+000
 6.29648988959696E+000,-6.39995653428122E+000, 6.39995653428112E+000
 6.30711374891052E+000,-6.39995744808303E+000, 6.39995744808289E+000
 6.31419632178623E+000,-6.39995804658617E+000, 6.39995804658604E+000
 6.32127889466193E+000,-6.39995863667128E+000, 6.39995863667124E+000
 6.32836146753764E+000,-6.39995921845678E+000, 6.39995921845668E+000
 6.33898532685120E+000,-6.39996007582795E+000, 6.39996007582796E+000
 6.34606789972691E+000,-6.39996063737135E+000, 6.39996063737133E+000
 6.35315047260261E+000,-6.39996119101654E+000, 6.39996119101649E+000
 6.36023304547832E+000,-6.39996173687464E+000, 6.39996173687458E+000
 6.37085690479188E+000,-6.39996254130002E+000, 6.39996254129993E+000
 6.37793947766759E+000,-6.39996306816602E+000, 6.39996306816600E+000
 6.38420603825572E+000,-6.39996352814733E+000, 6.39996352814730E+000
 6.39360587913792E+000,-6.39996420739976E+000, 6.39996420739980E+000
 6.40300572002012E+000,-6.39996487400185E+000, 6.39996487400180E+000
 6.40927228060825E+000,-6.39996531149177E+000, 6.39996531149179E+000
 6.41867212149045E+000,-6.39996595753126E+000, 6.39996595753124E+000
 6.42493868207858E+000,-6.39996638152594E+000, 6.39996638152594E+000
 6.43496517901959E+000,-6.39996704896089E+000, 6.39996704896087E+000
 6.44220305649888E+000,-6.39996752251502E+000, 6.39996752251511E+000
 6.44978559481052E+000,-6.39996801132158E+000, 6.39996801132156E+000
 6.45736813312216E+000,-6.39996849277131E+000, 6.39996849277126E+000
 6.46495067143380E+000,-6.39996896697494E+000, 6.39996896697480E+000
 6.47253320974544E+000,-6.39996943404156E+000, 6.39996943404145E+000
 6.48011574805708E+000,-6.39996989407847E+000, 6.39996989407843E+000
 6.49148955552454E+000,-6.39997057118437E+000, 6.39997057118439E+000
 6.49907209383618E+000,-6.39997101410660E+000, 6.39997101410664E+000
 6.50584931630429E+000,-6.39997140434275E+000, 6.39997140434273E+000
 6.51262653877240E+000,-6.39997178932513E+000, 6.39997178932505E+000
 6.52279237247456E+000,-6.39997235710250E+000, 6.39997235710292E+000
 6.52956959494267E+000,-6.39997272925796E+000, 6.39997272925788E+000
 6.53634681741077E+000,-6.39997309640307E+000, 6.39997309640301E+000
 6.54651265111294E+000,-6.39997363787376E+000, 6.39997363787376E+000
 6.55328987358104E+000,-6.39997399278628E+000, 6.39997399278637E+000
 6.56006709604915E+000,-6.39997434292060E+000, 6.39997434292066E+000
 6.57023292975131E+000,-6.39997485930354E+000, 6.39997485930349E+000
 6.57701015221942E+000,-6.39997519777200E+000, 6.39997519777198E+000
 6.58717598592158E+000,-6.39997569694994E+000, 6.39997569694988E+000
 6.59395320838969E+000,-6.39997602414126E+000, 6.39997602414115E+000
 6.60073043085780E+000,-6.39997634692758E+000, 6.39997634692760E+000
 6.60818537557271E+000,-6.39997669697552E+000, 6.39997669697556E+000
 6.61936779264509E+000,-6.39997721235818E+000, 6.39997721235809E+000
 6.62640261687996E+000,-6.39997753072680E+000, 6.39997753072759E+000
 6.63301732063478E+000,-6.39997782602383E+000, 6.39997782602381E+000
 6.64293937626701E+000,-6.39997826170879E+000, 6.39997826170878E+000
 6.64955408002183E+000,-6.39997854739909E+000, 6.39997854739906E+000
 6.65616878377666E+000,-6.39997882933477E+000, 6.39997882933469E+000
 6.66609083940889E+000,-6.39997924530621E+000, 6.39997924530620E+000
 6.67270554316371E+000,-6.39997951806982E+000, 6.39997951806983E+000
 6.68262759879594E+000,-6.39997992050869E+000, 6.39997992050868E+000
 6.68924230255076E+000,-6.39998018439861E+000, 6.39998018439869E+000
 6.69916435818299E+000,-6.39998057374511E+000, 6.39998057374513E+000
 6.70577906193781E+000,-6.39998082905009E+000, 6.39998082905007E+000
 6.71239376569263E+000,-6.39998108099980E+000, 6.39998108099976E+000
 6.72231582132486E+000,-6.39998145272945E+000, 6.39998145272939E+000
 6.72893052507968E+000,-6.39998169648263E+000, 6.39998169648258E+000
 6.73620669920998E+000,-6.39998196091271E+000, 6.39998196091267E+000
 6.74712096040544E+000,-6.39998235041221E+000, 6.39998235041219E+000
 6.75439713453574E+000,-6.39998260539502E+000, 6.39998260539494E+000
 6.76167330866604E+000,-6.39998285669411E+000, 6.39998285669411E+000
 6.76894948279634E+000,-6.39998310436267E+000, 6.39998310436266E+000
 6.77622565692665E+000,-6.39998334845315E+000, 6.39998334845322E+000
 6.78713991812210E+000,-6.39998370799299E+000, 6.39998370799305E+000
 6.79441609225240E+000,-6.39998394336293E+000, 6.39998394336280E+000
 6.80169226638270E+000,-6.39998417533247E+000, 6.39998417533241E+000
 6.80896844051301E+000,-6.39998440395077E+000, 6.39998440395074E+000
 6.81624461464331E+000,-6.39998462926617E+000, 6.39998462926620E+000
 6.82715887583876E+000,-6.39998496115074E+000, 6.39998496115065E+000
 6.83443504996906E+000,-6.39998517841639E+000, 6.39998517841639E+000
 6.84171122409937E+000,-6.39998539254316E+000, 6.39998539254315E+000
 6.84898739822967E+000,-6.39998560357648E+000, 6.39998560357644E+000
 6.85626357235997E+000,-6.39998581156102E+000, 6.39998581156103E+000
 6.86717783355542E+000,-6.39998611791751E+000, 6.39998611791755E+000
 6.87445400768573E+000,-6.39998631847143E+000, 6.39998631847134E+000
 6.88173018181603E+000,-6.39998651612791E+000, 6.39998651612777E+000
 6.88900635594633E+000,-6.39998671092888E+000, 6.39998671092876E+000
 6.89628253007663E+000,-6.39998690291554E+000, 6.39998690291547E+000
 6.90719679127209E+000,-6.39998718570753E+000, 6.39998718570751E+000
 6.91447296540239E+000,-6.39998737083511E+000, 6.39998737083511E+000
 6.92174913953269E+000,-6.39998755328816E+000, 6.39998755328813E+000
 6.92902531366299E+000,-6.39998773310532E+000, 6.39998773310527E+000
 6.93630148779329E+000,-6.39998791032466E+000, 6.39998791032468E+000
 6.94673504969228E+000,-6.39998815998729E+000, 6.39998815998720E+000
 6.95304982522966E+000,-6.39998830858086E+000, 6.39998830858084E+000
 6.96252198853572E+000,-6.39998852798198E+000, 6.39998852798199E+000
 6.96883676407310E+000,-6.39998867195718E+000, 6.39998867195717E+000
 6.97830892737916E+000,-6.39998888453920E+000, 6.39998888453923E+000
 6.98525518047027E+000,-6.39998903789296E+000, 6.39998903789296E+000
 6.99220143356138E+000,-6.39998918913101E+000, 6.39998918913090E+000
 7.00158276681005E+000,-6.39998939008047E+000, 6.39998939008051E+000
 7.01103589753503E+000,-6.39998958878988E+000, 6.39998958878990E+000
 7.01785987627713E+000,-6.39998972991633E+000, 6.39998972991630E+000
 7.02572369939897E+000,-6.39998989017683E+000, 6.39998989017688E+000
 7.03358752252082E+000,-6.39999004793662E+000, 6.39999004793664E+000
 7.04145134564266E+000,-6.39999020323460E+000, 6.39999020323320E+000
 7.04931516876450E+000,-6.39999035610918E+000, 6.39999035610920E+000
 7.05717899188635E+000,-6.39999050659823E+000, 6.39999050659831E+000
 7.06504281500819E+000,-6.39999065473899E+000, 6.39999065473898E+000
 7.07290663813003E+000,-6.39999080056806E+000, 6.39999080056805E+000
 7.08077046125187E+000,-6.39999094412156E+000, 6.39999094412154E+000
 7.08863428437372E+000,-6.39999108543496E+000, 6.39999108543485E+000
 7.09649810749556E+000,-6.39999122454316E+000, 6.39999122454313E+000
 7.10436193061740E+000,-6.39999136148071E+000, 6.39999136148070E+000
 7.11222575373925E+000,-6.39999149628131E+000, 6.39999149628129E+000
 7.12008957686109E+000,-6.39999162897851E+000, 6.39999162897847E+000
 7.13188531154385E+000,-6.39999182415181E+000, 6.39999182415177E+000
 7.13974913466570E+000,-6.39999195173267E+000, 6.39999195173261E+000
 7.14761295778754E+000,-6.39999207732266E+000, 6.39999207732265E+000
 7.15453653536359E+000,-6.39999218627306E+000, 6.39999218627304E+000
 7.16146011293964E+000,-6.39999229372527E+000, 6.39999229372569E+000
 7.16838369051568E+000,-6.39999239969977E+000, 6.39999239969912E+000
 7.17876905687976E+000,-6.39999255593529E+000, 6.39999255593527E+000
 7.18569263445580E+000,-6.39999265830396E+000, 6.39999265830394E+000
 7.19261621203185E+000,-6.39999275926488E+000, 6.39999275926483E+000
 7.20300157839592E+000,-6.39999290810898E+000, 6.39999290810902E+000
 7.20992515597197E+000,-6.39999300563471E+000, 6.39999300563466E+000
 7.21684873354802E+000,-6.39999310181923E+000, 6.39999310181919E+000
 7.22723409991209E+000,-6.39999324362162E+000, 6.39999324362161E+000
 7.23415767748814E+000,-6.39999333653346E+000, 6.39999333653341E+000
 7.24108125506419E+000,-6.39999342816758E+000, 6.39999342816752E+000
 7.24800483264023E+000,-6.39999351854156E+000, 6.39999351854148E+000
 7.25839019900431E+000,-6.39999365177760E+000, 6.39999365177762E+000
 7.26531377658035E+000,-6.39999373907655E+000, 6.39999373907658E+000
 7.27223735415640E+000,-6.39999382517500E+000, 6.39999382517505E+000
 7.28151565757036E+000,-6.39999393870220E+000, 6.39999393870220E+000
 7.28801046996013E+000,-6.39999401692695E+000, 6.39999401692691E+000
 7.29821660371548E+000,-6.39999413781698E+000, 6.39999413781703E+000
 7.30536089734422E+000,-6.39999422098367E+000, 6.39999422098362E+000
 7.31284539543148E+000,-6.39999430684544E+000, 6.39999430684550E+000
 7.32032989351874E+000,-6.39999439143160E+000, 6.39999439143156E+000
 7.33155664064962E+000,-6.39999451596021E+000, 6.39999451596025E+000
 7.33904113873688E+000,-6.39999459743940E+000, 6.39999459743946E+000
 7.34652563682413E+000,-6.39999467770802E+000, 6.39999467770802E+000
 7.35270710606071E+000,-6.39999474310207E+000, 6.39999474310209E+000
 7.36228838337740E+000,-6.39999484287860E+000, 6.39999484287857E+000
 7.36908799953764E+000,-6.39999491253673E+000, 6.39999491253735E+000
 7.37928742377799E+000,-6.39999501526378E+000, 6.39999501526378E+000
 7.38608703993823E+000,-6.39999508259347E+000, 6.39999508259353E+000
 7.39288665609846E+000,-6.39999514901371E+000, 6.39999514901375E+000
 7.40237866296534E+000,-6.39999524023625E+000, 6.39999524023633E+000
 7.40820155858433E+000,-6.39999529534591E+000, 6.39999529534597E+000
 7.41833752235806E+000,-6.39999538975810E+000, 6.39999538975811E+000
 7.42432021317085E+000,-6.39999544459267E+000, 6.39999544459269E+000
 7.43422156646601E+000,-6.39999553391475E+000, 6.39999553391469E+000
 7.44146062234949E+000,-6.39999559810938E+000, 6.39999559810935E+000
 7.44869967823296E+000,-6.39999566138129E+000, 6.39999566138123E+000
 7.45955826205817E+000,-6.39999575458797E+000, 6.39999575458797E+000
 7.46640365869427E+000,-6.39999581231496E+000, 6.39999581231493E+000
 7.47285539608298E+000,-6.39999586600352E+000, 6.39999586600341E+000
 7.48253300216605E+000,-6.39999594524851E+000, 6.39999594524837E+000
 7.48898473955477E+000,-6.39999599723274E+000, 6.39999599723265E+000
 7.49866234563784E+000,-6.39999607396219E+000, 6.39999607396211E+000
 7.50511408302655E+000,-6.39999612429622E+000, 6.39999612429622E+000
 7.51479168910962E+000,-6.39999619859002E+000, 6.39999619859000E+000
 7.52188860023721E+000,-6.39999625216541E+000, 6.39999625216537E+000
 7.52898551136479E+000,-6.39999630498573E+000, 6.39999630498574E+000
 7.53608242249237E+000,-6.39999635706160E+000, 6.39999635706163E+000
 7.54672778918375E+000,-6.39999643380263E+000, 6.39999643380261E+000
 7.55382470031134E+000,-6.39999648406302E+000, 6.39999648406301E+000
 7.56092161143892E+000,-6.39999653361513E+000, 6.39999653361505E+000
 7.56801852256651E+000,-6.39999658246879E+000, 6.39999658246880E+000
 7.57866388925788E+000,-6.39999665446140E+000, 6.39999665446140E+000
 7.58576080038547E+000,-6.39999670161200E+000, 6.39999670161196E+000
 7.59285771151305E+000,-6.39999674809799E+000, 6.39999674809799E+000
 7.60350307820443E+000,-6.39999681660152E+000, 6.39999681660158E+000
 7.61059998933201E+000,-6.39999686146695E+000, 6.39999686146687E+000
 7.61769690045960E+000,-6.39999690570010E+000, 6.39999690570001E+000
 7.62479381158718E+000,-6.39999694930976E+000, 6.39999694930966E+000
 7.63543917827856E+000,-6.39999701357465E+000, 6.39999701357455E+000
 7.64253608940615E+000,-6.39999705566402E+000, 6.39999705566405E+000
 7.64963300053373E+000,-6.39999709716017E+000, 6.39999709716025E+000
 7.65672991166131E+000,-6.39999713807153E+000, 6.39999713807145E+000
 7.66453651390166E+000,-6.39999718240841E+000, 6.39999718240833E+000
 7.67234311614200E+000,-6.39999722605835E+000, 6.39999722605826E+000
 7.68014971838234E+000,-6.39999726903215E+000, 6.39999726903206E+000
 7.69185962174286E+000,-6.39999733224772E+000, 6.39999733224768E+000
 7.69966622398320E+000,-6.39999737357636E+000, 6.39999737357629E+000
 7.70747282622355E+000,-6.39999741426482E+000, 6.39999741426469E+000
 7.71527942846389E+000,-6.39999745432285E+000, 6.39999745432279E+000
 7.72308603070423E+000,-6.39999749376035E+000, 6.39999749376031E+000
 7.73089263294458E+000,-6.39999753258690E+000, 6.39999753258692E+000
 7.73869923518492E+000,-6.39999757081196E+000, 6.39999757081202E+000
 7.74650583742526E+000,-6.39999760844483E+000, 6.39999760844485E+000
 7.75391475529619E+000,-6.39999764362119E+000, 6.39999764362117E+000
 7.76092598879771E+000,-6.39999767643282E+000, 6.39999767643278E+000
 7.77144283904998E+000,-6.39999772479564E+000, 6.39999772479553E+000
 7.77845407255149E+000,-6.39999775647698E+000, 6.39999775647688E+000
 7.78546530605300E+000,-6.39999778771717E+000, 6.39999778771708E+000
 7.79247653955452E+000,-6.39999781852231E+000, 6.39999781852224E+000
 7.80299338980679E+000,-6.39999786392765E+000, 6.39999786392766E+000
 7.81000462330830E+000,-6.39999789367165E+000, 6.39999789367166E+000
 7.81701585680981E+000,-6.39999792300142E+000, 6.39999792300144E+000
 7.82402709031133E+000,-6.39999795192284E+000, 6.39999795192281E+000
 7.83454394056360E+000,-6.39999799455155E+000, 6.39999799455148E+000
 7.84155517406511E+000,-6.39999802247666E+000, 6.39999802247658E+000
 7.84856640756662E+000,-6.39999805001292E+000, 6.39999805001284E+000
 7.85908325781890E+000,-6.39999809060000E+000, 6.39999809059989E+000
 7.86609449132041E+000,-6.39999811718761E+000, 6.39999811718758E+000
 7.87310572482192E+000,-6.39999814340507E+000, 6.39999814340600E+000
 7.88011695832344E+000,-6.39999816925744E+000, 6.39999816925738E+000
 7.89063380857571E+000,-6.39999820736256E+000, 6.39999820736252E+000
 7.89764504207722E+000,-6.39999823232434E+000, 6.39999823232434E+000
 7.90465627557873E+000,-6.39999825693850E+000, 6.39999825693849E+000
 7.91517312583100E+000,-6.39999829321867E+000, 6.39999829321870E+000
 7.92218435933252E+000,-6.39999831698492E+000, 6.39999831698494E+000
 7.92919559283403E+000,-6.39999834042026E+000, 6.39999834042025E+000
 7.93620682633554E+000,-6.39999836352922E+000, 6.39999836352927E+000
 7.94672367658781E+000,-6.39999839759077E+000, 6.39999839759080E+000
 7.95373491008933E+000,-6.39999841990374E+000, 6.39999841990367E+000
 7.96074614359084E+000,-6.39999844190591E+000, 6.39999844190583E+000
 7.97126299384311E+000,-6.39999847433615E+000, 6.39999847433613E+000
 7.97827422734463E+000,-6.39999849558041E+000, 6.39999849558037E+000
 7.98528546084614E+000,-6.39999851652890E+000, 6.39999851652882E+000
 7.99229669434765E+000,-6.39999853718564E+000, 6.39999853718568E+000
 8.00000000000000E+000,-6.39999855954990E+000, 6.39999855955000E+000
