s,m/s,,s
Time,error,iter,cputime
 0.0000000E+000, 0.0000000E+000, 0.0000000E+000, 3.6334490E+000
 1.5973058E-001, 9.6443351E-002, 2.0000000E+003, 1.2734809E+001
 2.7452578E-001, 7.7936610E-002, 2.0000000E+003, 2.6295206E+001
 3.3817385E-001, 3.1789356E-002, 2.0000000E+003, 3.9803880E+001
 3.9065521E-001, 4.6351326E-003, 2.0000000E+003, 5.3144697E+001
 4.3640730E-001, 1.7652361E-002, 2.0000000E+003, 6.6547101E+001
 4.8215939E-001, 1.9889206E-002, 2.0000000E+003, 7.5577276E+001
 5.2106894E-001, 1.3994507E-002, 2.0000000E+003, 8.8893445E+001
 5.5997849E-001, 9.3660764E-003, 2.0000000E+003, 9.7842237E+001
 5.9888804E-001, 3.2347569E-003, 2.0000000E+003, 1.0688911E+002
 6.3179585E-001, 3.8514356E-003, 2.0000000E+003, 1.2021080E+002
 6.6470367E-001, 1.3191878E-003, 2.0000000E+003, 1.2917507E+002
 6.9377629E-001, 5.9272089E-003, 2.0000000E+003, 1.4257409E+002
 7.2284891E-001, 2.3715192E-003, 2.0000000E+003, 1.5160453E+002
 7.5192152E-001, 9.9858870E-004, 1.4900000E+002, 1.5460543E+002
 7.7752752E-001, 2.4700718E-003, 2.0000000E+003, 1.6806185E+002
 8.0313351E-001, 2.4455900E-003, 2.0000000E+003, 1.7274726E+002
 8.2873950E-001, 2.9534159E-003, 2.0000000E+003, 1.8178499E+002
 8.5169890E-001, 3.7082367E-003, 2.0000000E+003, 1.9534632E+002
 8.7465830E-001, 9.9987475E-004, 1.6410000E+003, 2.0353597E+002
 8.9761769E-001, 3.4136193E-003, 2.0000000E+003, 2.1253757E+002
 9.2057709E-001, 2.2285772E-003, 2.0000000E+003, 2.2157331E+002
 9.4083113E-001, 1.5200748E-003, 2.0000000E+003, 2.3453528E+002
 9.6108517E-001, 2.7661771E-003, 2.0000000E+003, 2.3921256E+002
 9.8133921E-001, 1.4927983E-003, 2.0000000E+003, 2.4827764E+002
 1.0015933E+000, 9.9751166E-004, 5.1000000E+001, 2.5288996E+002
 1.0218473E+000, 1.7826467E-003, 2.0000000E+003, 2.5768229E+002
 1.0395468E+000, 1.5863285E-003, 2.0000000E+003, 2.6948789E+002
 1.0572463E+000, 9.9947253E-004, 2.5000000E+002, 2.7453742E+002
 1.0749458E+000, 9.9953800E-004, 3.8600000E+002, 2.7559513E+002
 1.0926453E+000, 2.1856776E-003, 2.0000000E+003, 2.8038614E+002
 1.1103448E+000, 1.6980778E-003, 2.0000000E+003, 2.8855790E+002
 1.1259733E+000, 3.3429896E-003, 2.0000000E+003, 2.9329197E+002
 1.1416018E+000, 9.9983947E-004, 1.2290000E+003, 3.0059565E+002
 1.1572303E+000, 1.5096649E-003, 2.0000000E+003, 3.0754404E+002
 1.1728588E+000, 9.9993674E-004, 9.2100000E+002, 3.1252695E+002
 1.1884873E+000, 2.3620554E-003, 2.0000000E+003, 3.1727988E+002
 1.2041158E+000, 9.9997796E-004, 1.3070000E+003, 3.2468348E+002
 1.2173771E+000, 1.2505528E-003, 2.0000000E+003, 3.3620850E+002
 1.2306385E+000, 9.9977171E-004, 1.8050000E+003, 3.4127265E+002
 1.2438998E+000, 1.6962425E-003, 2.0000000E+003, 3.5023777E+002
 1.2571611E+000, 1.3485080E-003, 2.0000000E+003, 3.5918238E+002
 1.2704225E+000, 2.6251063E-003, 2.0000000E+003, 3.6403733E+002
 1.2969452E+000, 1.2005390E-003, 1.4545000E+003, 3.7324264E+002
 1.3234678E+000, 1.6930898E-003, 1.1305000E+003, 3.8341590E+002
 1.3632519E+000, 9.9941857E-004, 7.6400000E+002, 3.9516052E+002
 1.3897745E+000, 1.3528019E-003, 1.1250000E+003, 4.0747518E+002
 1.4162972E+000, 1.0634196E-003, 1.9255000E+003, 4.1851041E+002
 1.4428199E+000, 1.0488591E-003, 1.0545000E+003, 4.2905700E+002
 1.4826039E+000, 1.2127384E-003, 1.2106667E+003, 4.3691328E+002
 1.5091266E+000, 1.0549314E-003, 1.1990000E+003, 4.4817643E+002
 1.5356493E+000, 1.5018313E-003, 2.0000000E+003, 4.6130956E+002
 1.5621719E+000, 1.4129654E-003, 1.3730000E+003, 4.7499929E+002
 1.6019560E+000, 1.5342391E-003, 1.3883333E+003, 4.8833859E+002
 1.6284786E+000, 1.4930185E-003, 2.0000000E+003, 5.0155930E+002
 1.6550013E+000, 1.9822251E-003, 1.9840000E+003, 5.1949326E+002
 1.6815240E+000, 1.2073135E-003, 1.0345000E+003, 5.3495664E+002
 1.7213080E+000, 1.9850063E-003, 1.3590000E+003, 5.4369007E+002
 1.7478307E+000, 1.4684605E-003, 1.1130000E+003, 5.6253351E+002
 1.7743534E+000, 1.4503048E-003, 1.0905000E+003, 5.7624225E+002
 1.8008761E+000, 1.3494306E-003, 1.6810000E+003, 5.9045090E+002
 1.8406601E+000, 1.8196030E-003, 2.0000000E+003, 6.0743814E+002
 1.8671828E+000, 1.3808138E-003, 1.0945000E+003, 6.2750947E+002
 1.8937054E+000, 2.7358330E-003, 1.8165000E+003, 6.3742356E+002
 1.9202281E+000, 2.8249587E-003, 1.4205000E+003, 6.5088407E+002
 1.9600121E+000, 2.6055136E-003, 2.0000000E+003, 6.7333727E+002
 1.9865348E+000, 1.3846548E-003, 1.1120000E+003, 6.9188175E+002
 2.0130575E+000, 1.5976920E-003, 2.0000000E+003, 7.0327826E+002
 2.0528415E+000, 2.4681507E-003, 1.3656667E+003, 7.2148493E+002
 2.0793642E+000, 1.1993763E-003, 1.3835000E+003, 7.3717487E+002
 2.1042444E+000, 9.9991692E-004, 1.4754065E+003, 7.4962609E+002
 2.1391009E+000, 2.9572903E-003, 2.0000000E+003, 7.6986591E+002
 2.1623386E+000, 2.1525715E-003, 1.9490000E+003, 7.9222321E+002
 2.1971951E+000, 1.3233189E-003, 1.5280000E+003, 8.0661339E+002
 2.2204328E+000, 1.7646879E-003, 1.1170000E+003, 8.2167789E+002
 2.2552893E+000, 1.1063811E-003, 8.0466667E+002, 8.2779940E+002
 2.2901459E+000, 2.4476033E-003, 2.0000000E+003, 8.4523613E+002
 2.3133836E+000, 2.2092464E-003, 2.0000000E+003, 8.6591569E+002
 2.3482401E+000, 2.3686753E-003, 2.0000000E+003, 8.8648678E+002
 2.3714778E+000, 1.2752146E-003, 1.4175000E+003, 9.0181916E+002
 2.4063343E+000, 1.8882792E-003, 1.7543333E+003, 9.1938583E+002
 2.4307339E+000, 1.6725645E-003, 1.1847619E+003, 9.3617978E+002
 2.4690761E+000, 2.2488300E-003, 1.7320000E+003, 9.5385269E+002
 2.4946375E+000, 2.3092689E-003, 1.1235000E+003, 9.6782840E+002
 2.5201990E+000, 9.9755176E-004, 3.6900000E+002, 9.7689930E+002
 2.5585412E+000, 1.4067740E-003, 1.3813333E+003, 9.8559463E+002
 2.5812123E+000, 9.9888866E-004, 3.0700000E+002, 1.0008898E+003
 2.6152191E+000, 1.4874130E-003, 2.0000000E+003, 1.0143110E+003
 2.6492258E+000, 1.0470116E-003, 1.3676667E+003, 1.0345764E+003
 2.6741641E+000, 9.9983498E-004, 1.1025000E+003, 1.0465422E+003
 2.7115714E+000, 1.0081039E-003, 7.0133333E+002, 1.0527826E+003
 2.7365097E+000, 1.3062546E-003, 1.2775000E+003, 1.0566884E+003
 2.7614480E+000, 1.1940861E-003, 1.0770000E+003, 1.0634570E+003
 2.7988554E+000, 1.0849560E-003, 1.1233333E+003, 1.0712628E+003
 2.8237936E+000, 1.6194288E-003, 2.0000000E+003, 1.0825341E+003
 2.8612010E+000, 1.9798999E-003, 1.8433333E+003, 1.0995897E+003
 2.8861393E+000, 1.3253528E-003, 1.0785000E+003, 1.1174915E+003
 2.9110776E+000, 2.4796004E-003, 1.0795000E+003, 1.1232061E+003
 2.9484850E+000, 1.1711160E-003, 1.7643333E+003, 1.1407124E+003
 2.9734232E+000, 1.7690177E-003, 1.0800000E+003, 1.1558643E+003
 3.0108306E+000, 1.0719919E-003, 1.4810000E+003, 1.1693579E+003
 3.0357689E+000, 1.4725652E-003, 2.0000000E+003, 1.1868522E+003
 3.0607071E+000, 1.2363639E-003, 1.6700000E+003, 1.1990637E+003
 3.0981145E+000, 1.9421037E-003, 2.0000000E+003, 1.2168463E+003
 3.1230528E+000, 9.9986618E-004, 2.5100000E+002, 1.2269694E+003
 3.1579505E+000, 1.1474990E-003, 1.3364183E+003, 1.2382649E+003
 3.1803790E+000, 1.4092380E-003, 1.5310000E+003, 1.2514756E+003
 3.2140217E+000, 1.0539099E-003, 8.3133333E+002, 1.2629000E+003
 3.2476645E+000, 1.2285800E-003, 1.1183333E+003, 1.2755320E+003
 3.2700930E+000, 1.2601039E-003, 2.0000000E+003, 1.2878321E+003
 3.3037358E+000, 1.0742608E-003, 8.3433333E+002, 1.2996647E+003
 3.3373786E+000, 1.0074774E-003, 8.5766667E+002, 1.3058706E+003
 3.3710213E+000, 9.9645439E-004, 2.0800000E+002, 1.3103228E+003
 3.3934499E+000, 1.4467450E-003, 1.0695000E+003, 1.3180342E+003
 3.4270926E+000, 1.4410708E-003, 1.7433333E+003, 1.3337734E+003
 3.4607354E+000, 9.9988984E-004, 5.7633333E+002, 1.3448606E+003
 3.4831639E+000, 1.0017681E-003, 1.1155000E+003, 1.3506303E+003
 3.5168067E+000, 9.9224050E-004, 1.0866667E+002, 1.3555793E+003
 3.5504494E+000, 9.9836150E-004, 4.5366667E+002, 1.3593771E+003
 3.5728780E+000, 9.9819603E-004, 8.8950000E+002, 1.3688265E+003
 3.6065207E+000, 1.2158928E-003, 8.2066667E+002, 1.3795965E+003
 3.6401635E+000, 9.9836056E-004, 1.6366667E+002, 1.3832012E+003
 3.6625920E+000, 9.9233238E-004, 6.8500000E+001, 1.3843434E+003
 3.6962348E+000, 9.9986047E-004, 1.2476667E+003, 1.3897603E+003
 3.7298776E+000, 1.2983878E-003, 1.3716667E+003, 1.4002466E+003
 3.7523061E+000, 9.9984997E-004, 4.0000000E+002, 1.4088973E+003
 3.7859488E+000, 9.9923043E-004, 2.2733333E+002, 1.4123743E+003
 3.8195916E+000, 9.9837090E-004, 3.7566667E+002, 1.4167565E+003
 3.8420201E+000, 1.1470185E-003, 1.0415000E+003, 1.4231301E+003
 3.8756629E+000, 1.3462223E-003, 1.2643333E+003, 1.4325402E+003
 3.9093057E+000, 1.0888100E-003, 1.3606667E+003, 1.4457228E+003
 3.9317342E+000, 9.9372382E-004, 8.0900000E+002, 1.4529074E+003
 3.9653770E+000, 9.9650650E-004, 1.1333333E+002, 1.4543819E+003
 3.9990197E+000, 1.0147829E-003, 8.1033333E+002, 1.4593852E+003
 4.0214482E+000, 9.5006921E-004, 1.5400000E+002, 1.4674915E+003
 4.0550910E+000, 1.8518027E-003, 1.8360000E+003, 1.4777588E+003
 4.0887338E+000, 1.3883934E-003, 1.3856667E+003, 1.4960974E+003
 4.1111623E+000, 1.3310049E-003, 1.0745000E+003, 1.5049865E+003
 4.1448051E+000, 9.9681250E-004, 1.1226667E+003, 1.5172189E+003
 4.1784478E+000, 1.3247246E-003, 1.0516667E+003, 1.5277033E+003
 4.2008764E+000, 9.9946521E-004, 3.9050000E+002, 1.5374019E+003
 4.2345191E+000, 9.9730211E-004, 1.8233333E+002, 1.5408242E+003
 4.2644168E+000, 1.1465313E-003, 1.0180000E+003, 1.5502867E+003
 4.2943145E+000, 9.8922857E-004, 5.9000000E+001, 1.5562446E+003
 4.3262053E+000, 9.9710419E-004, 1.3175000E+002, 1.5576856E+003
 4.3590928E+000, 9.9955736E-004, 9.5166667E+002, 1.5644729E+003
 4.3810177E+000, 9.9789887E-004, 8.8100000E+002, 1.5697930E+003
 4.4139052E+000, 1.1172213E-003, 1.3080000E+003, 1.5809844E+003
 4.4467926E+000, 1.4035458E-003, 1.3703333E+003, 1.5988928E+003
 4.4796800E+000, 1.6925914E-003, 2.0000000E+003, 1.6144392E+003
 4.5016050E+000, 2.2875431E-003, 1.4460000E+003, 1.6306961E+003
 4.5344924E+000, 1.1844359E-003, 1.3856667E+003, 1.6461706E+003
 4.5673799E+000, 1.5939984E-003, 2.0000000E+003, 1.6632952E+003
 4.6002673E+000, 1.6654108E-003, 1.4053333E+003, 1.6799122E+003
 4.6221923E+000, 1.1856164E-003, 1.1355000E+003, 1.6924804E+003
 4.6550797E+000, 2.1177067E-003, 1.0966667E+003, 1.7045828E+003
 4.6879672E+000, 2.2056433E-003, 2.0000000E+003, 1.7236543E+003
 4.7208546E+000, 1.1603100E-003, 1.6783333E+003, 1.7422835E+003
 4.7427796E+000, 1.2163430E-003, 1.0900000E+003, 1.7527551E+003
 4.7756670E+000, 1.2176702E-003, 1.4080000E+003, 1.7643642E+003
 4.8085545E+000, 1.9456210E-003, 1.5453333E+003, 1.7786750E+003
 4.8304794E+000, 3.4363442E-003, 2.0000000E+003, 1.7927111E+003
 4.8633669E+000, 1.9337858E-003, 1.7213333E+003, 1.8084285E+003
 4.8962543E+000, 1.0074792E-003, 8.0300000E+002, 1.8215738E+003
 4.9291417E+000, 2.2258380E-003, 2.0000000E+003, 1.8352857E+003
 4.9510667E+000, 9.9976708E-004, 7.4750000E+002, 1.8486426E+003
 4.9839541E+000, 1.3442964E-003, 8.3266667E+002, 1.8618950E+003
 5.0168416E+000, 1.4544790E-003, 2.0000000E+003, 1.8758781E+003
 5.0497290E+000, 1.3914047E-003, 8.8133333E+002, 1.8910969E+003
 5.0716540E+000, 1.5656133E-003, 2.0000000E+003, 1.9044463E+003
 5.1045414E+000, 9.9864732E-004, 1.3933333E+002, 1.9099157E+003
 5.1374289E+000, 9.9716154E-004, 7.9400000E+002, 1.9142448E+003
 5.1703163E+000, 1.2012438E-003, 7.5400000E+002, 1.9229669E+003
 5.1922413E+000, 1.2015028E-003, 1.3645000E+003, 1.9318282E+003
 5.2251287E+000, 1.2739802E-003, 1.2116667E+003, 1.9432625E+003
 5.2580161E+000, 2.4160423E-003, 1.3923333E+003, 1.9622329E+003
 5.2909036E+000, 1.3923680E-003, 1.6596667E+003, 1.9807472E+003
 5.3128285E+000, 1.3574871E-003, 2.0000000E+003, 1.9950917E+003
 5.3457160E+000, 1.5916711E-003, 2.0000000E+003, 2.0106045E+003
 5.3786034E+000, 1.1183566E-003, 1.2836667E+003, 2.0271720E+003
 5.4005284E+000, 1.4631653E-003, 1.1635000E+003, 2.0366751E+003
 5.4334158E+000, 1.3524164E-003, 8.1033333E+002, 2.0492211E+003
 5.4663033E+000, 2.4993915E-003, 1.9106667E+003, 2.0629908E+003
 5.4991907E+000, 1.3374742E-003, 1.3186667E+003, 2.0816811E+003
 5.5211157E+000, 9.9648866E-004, 1.9800000E+002, 2.0891216E+003
 5.5561956E+000, 1.1895459E-003, 7.6656250E+002, 2.0941338E+003
 5.5803131E+000, 9.9728522E-004, 2.0800000E+002, 2.1009245E+003
 5.6164892E+000, 1.0951093E-003, 1.2140000E+003, 2.1088512E+003
 5.6406067E+000, 9.9721319E-004, 2.2350000E+002, 2.1162012E+003
 5.6767829E+000, 1.2337054E-003, 9.4700000E+002, 2.1255939E+003
 5.7009003E+000, 9.9635951E-004, 8.8150000E+002, 2.1295156E+003
 5.7370765E+000, 1.6363593E-003, 1.3763333E+003, 2.1380798E+003
 5.7611940E+000, 9.9977346E-004, 1.5760000E+003, 2.1510963E+003
 5.7973702E+000, 1.3378111E-003, 1.3700000E+003, 2.1604131E+003
 5.8214876E+000, 9.9770391E-004, 2.3200000E+002, 2.1709352E+003
 5.8576638E+000, 1.5267609E-003, 1.2516667E+003, 2.1800147E+003
 5.8817813E+000, 1.7000940E-003, 1.1540000E+003, 2.1918996E+003
 5.9179575E+000, 1.3439179E-003, 1.6000000E+003, 2.2045843E+003
 5.9420749E+000, 9.9838685E-004, 3.8850000E+002, 2.2150236E+003
 5.9782511E+000, 1.4126777E-003, 8.8666667E+002, 2.2245943E+003
 6.0023686E+000, 1.0128283E-003, 1.0505000E+003, 2.2324743E+003
 6.0385447E+000, 3.1141954E-003, 2.0000000E+003, 2.2423413E+003
 6.0626622E+000, 2.0368028E-003, 1.2550000E+003, 2.2571606E+003
 6.0988384E+000, 1.5586167E-003, 2.0000000E+003, 2.2731228E+003
 6.1229558E+000, 1.6451392E-003, 2.0000000E+003, 2.2889976E+003
 6.1591320E+000, 1.3637088E-003, 1.4046667E+003, 2.3035380E+003
 6.1832495E+000, 1.3193901E-003, 1.1565000E+003, 2.3161990E+003
 6.2194257E+000, 2.5621442E-003, 2.0000000E+003, 2.3276066E+003
 6.2435431E+000, 1.7155886E-003, 1.7075000E+003, 2.3430526E+003
 6.2797193E+000, 1.3454908E-003, 1.9566667E+003, 2.3575074E+003
 6.3038368E+000, 2.8454949E-003, 1.2610000E+003, 2.3718132E+003
 6.3400129E+000, 1.9405578E-003, 1.8770000E+003, 2.3861308E+003
 6.3641304E+000, 1.4805375E-003, 1.7245000E+003, 2.3982143E+003
 6.3989152E+000, 1.6113837E-003, 1.4692539E+003, 2.4141190E+003
 6.4202500E+000, 9.9953400E-004, 6.9450000E+002, 2.4279158E+003
 6.4522521E+000, 1.2875211E-003, 1.2093333E+003, 2.4399806E+003
 6.4842542E+000, 2.7248281E-003, 1.9703333E+003, 2.4561284E+003
 6.5162564E+000, 1.5676538E-003, 1.8023333E+003, 2.4718431E+003
 6.5482585E+000, 1.0716523E-003, 1.2066667E+003, 2.4861704E+003
 6.5802606E+000, 1.4584430E-003, 1.4790000E+003, 2.5020749E+003
 6.6026621E+000, 1.1479915E-003, 1.0754762E+003, 2.5141620E+003
 6.6378644E+000, 1.0334641E-003, 8.1833333E+002, 2.5222956E+003
 6.6613327E+000, 1.4976468E-003, 1.3730000E+003, 2.5302176E+003
 6.6965350E+000, 1.6519033E-003, 2.0000000E+003, 2.5461340E+003
 6.7200032E+000, 1.7379318E-003, 1.9830000E+003, 2.5600474E+003
 6.7515788E+000, 9.9904498E-004, 2.4633333E+002, 2.5685958E+003
 6.7831544E+000, 1.0243389E-003, 1.3633333E+003, 2.5810952E+003
 6.8147299E+000, 1.3137137E-003, 1.6413333E+003, 2.5957622E+003
 6.8463055E+000, 2.2957599E-003, 2.0000000E+003, 2.6131613E+003
 6.8810386E+000, 1.6320886E-003, 1.4596667E+003, 2.6332064E+003
 6.9041940E+000, 1.0544703E-003, 1.0350000E+003, 2.6446415E+003
 6.9389271E+000, 1.1536322E-003, 9.2666667E+002, 2.6526383E+003
 6.9620826E+000, 9.9985664E-004, 2.1900000E+002, 2.6578966E+003
 6.9968157E+000, 1.0346151E-003, 7.9400000E+002, 2.6644325E+003
 7.0315488E+000, 9.9951138E-004, 5.0700000E+002, 2.6719643E+003
 7.0547042E+000, 1.6971372E-003, 2.0000000E+003, 2.6847510E+003
 7.0894374E+000, 1.1423512E-003, 1.3596667E+003, 2.6947157E+003
 7.1125928E+000, 1.0294328E-003, 1.8060000E+003, 2.7086871E+003
 7.1473259E+000, 1.0811134E-003, 1.2916667E+003, 2.7187528E+003
 7.1704813E+000, 1.2218114E-003, 2.0000000E+003, 2.7263990E+003
 7.2052144E+000, 1.0186067E-003, 7.9366667E+002, 2.7355181E+003
 7.2399476E+000, 1.7336382E-003, 1.3986667E+003, 2.7486881E+003
 7.2631030E+000, 9.9930532E-004, 4.5550000E+002, 2.7582027E+003
 7.2978361E+000, 1.1730860E-003, 1.0263333E+003, 2.7626633E+003
 7.3209915E+000, 1.5422580E-003, 2.0000000E+003, 2.7759649E+003
 7.3557246E+000, 1.9132644E-003, 1.7330000E+003, 2.7903002E+003
 7.3904578E+000, 9.9990822E-004, 1.8666667E+003, 2.8071723E+003
 7.4136132E+000, 9.9953659E-004, 6.8850000E+002, 2.8144907E+003
 7.4483463E+000, 1.5419187E-003, 1.1100000E+003, 2.8253365E+003
 7.4715017E+000, 1.7560209E-003, 1.3920000E+003, 2.8349797E+003
 7.5062348E+000, 1.0161039E-003, 8.8300000E+002, 2.8414914E+003
 7.5409680E+000, 1.7634736E-003, 2.0000000E+003, 2.8512801E+003
 7.5641234E+000, 9.9916522E-004, 2.7050000E+002, 2.8601717E+003
 7.5988565E+000, 1.8575184E-003, 1.4936667E+003, 2.8727407E+003
 7.6220119E+000, 1.4946152E-003, 2.0000000E+003, 2.8865263E+003
 7.6567450E+000, 9.9852553E-004, 9.8700000E+002, 2.8997822E+003
 7.6914782E+000, 1.0008873E-003, 8.7633333E+002, 2.9104414E+003
 7.7146336E+000, 2.3560618E-003, 1.2255000E+003, 2.9223891E+003
 7.7493667E+000, 1.4691075E-003, 1.6813333E+003, 2.9315535E+003
 7.7725221E+000, 9.9864688E-004, 9.4300000E+002, 2.9415439E+003
 7.8072552E+000, 1.5849433E-003, 1.4613333E+003, 2.9501486E+003
 7.8304107E+000, 1.8346664E-003, 1.6300000E+003, 2.9618950E+003
 7.8639591E+000, 9.9939275E-004, 6.0807990E+002, 2.9712153E+003
 7.8951382E+000, 9.9398245E-004, 7.3700000E+002, 2.9781088E+003
 7.9263173E+000, 9.9992920E-004, 1.1000000E+003, 2.9855683E+003
 7.9574964E+000, 1.0398686E-003, 7.6900000E+002, 2.9953417E+003
 7.9886755E+000, 1.3695000E-003, 1.2046667E+003, 3.0039423E+003
 8.0198546E+000, 1.0345158E-003, 7.6133333E+002, 3.0151872E+003
 8.0406407E+000, 1.1600425E-003, 1.0760000E+003, 3.0200870E+003
 8.0718198E+000, 1.7417478E-003, 1.3800000E+003, 3.0258851E+003
 8.1029989E+000, 1.5380835E-003, 1.5000000E+003, 3.0419746E+003
 8.1341780E+000, 1.1779164E-003, 6.8733333E+002, 3.0482389E+003
 8.1653571E+000, 1.1795029E-003, 9.9900000E+002, 3.0583880E+003
 8.1965362E+000, 1.2404867E-003, 1.3856667E+003, 3.0716486E+003
 8.2277153E+000, 2.0302611E-003, 2.0000000E+003, 3.0889875E+003
 8.2588944E+000, 1.3017463E-003, 1.3950000E+003, 3.1040357E+003
 8.2911128E+000, 1.8803120E-003, 2.0000000E+003, 3.1204536E+003
 8.3139775E+000, 9.9933795E-004, 4.8900000E+002, 3.1312657E+003
 8.3482745E+000, 1.1847420E-003, 1.3933333E+003, 3.1384942E+003
 8.3711392E+000, 1.8751523E-003, 1.2140000E+003, 3.1523016E+003
 8.4054362E+000, 1.5795605E-003, 2.0000000E+003, 3.1650961E+003
 8.4397332E+000, 1.6390596E-003, 1.1590000E+003, 3.1797016E+003
 8.4625979E+000, 2.0662106E-003, 2.0000000E+003, 3.1941402E+003
 8.4968949E+000, 1.7965765E-003, 2.0000000E+003, 3.2118628E+003
 8.5311919E+000, 9.9979258E-004, 6.9033333E+002, 3.2232141E+003
 8.5540566E+000, 9.9429488E-004, 8.7100000E+002, 3.2309177E+003
 8.5883536E+000, 1.1701498E-003, 1.7536667E+003, 3.2400797E+003
 8.6112183E+000, 1.2511803E-003, 1.0730000E+003, 3.2545706E+003
 8.6455153E+000, 2.1550872E-003, 1.5200000E+003, 3.2685767E+003
 8.6798123E+000, 9.9916981E-004, 3.0466667E+002, 3.2788168E+003
 8.7026770E+000, 1.6766196E-003, 2.0000000E+003, 3.2859556E+003
 8.7369740E+000, 1.8460396E-003, 1.4620000E+003, 3.2986905E+003
 8.7712710E+000, 1.8946088E-003, 2.0000000E+003, 3.3185455E+003
 8.7941357E+000, 1.0212571E-003, 1.6900000E+003, 3.3353089E+003
 8.8284327E+000, 1.2365474E-003, 9.7300000E+002, 3.3448564E+003
 8.8512974E+000, 9.9606882E-004, 7.6000000E+001, 3.3466387E+003
 8.8855944E+000, 1.0800452E-003, 1.6616667E+003, 3.3533255E+003
 8.9198914E+000, 9.9936573E-004, 7.6800000E+002, 3.3644058E+003
 8.9427561E+000, 9.9977651E-004, 5.2550000E+002, 3.3689005E+003
 8.9770531E+000, 1.3165100E-003, 8.9866667E+002, 3.3784383E+003
 9.0113501E+000, 1.3011169E-003, 1.8373333E+003, 3.3875151E+003
 9.0342148E+000, 1.5298497E-003, 1.0980000E+003, 3.4003132E+003
 9.0685118E+000, 1.6477540E-003, 9.4500000E+002, 3.4077573E+003
 9.0913765E+000, 1.5294831E-003, 1.5550000E+003, 3.4207820E+003
 9.1256735E+000, 1.2420520E-003, 9.4233333E+002, 3.4323256E+003
 9.1599705E+000, 1.0716814E-003, 1.1573333E+003, 3.4443487E+003
 9.1828352E+000, 1.8525590E-003, 2.0000000E+003, 3.4545737E+003
 9.2171322E+000, 1.0164974E-003, 8.5866667E+002, 3.4597383E+003
 9.2514293E+000, 1.2320122E-003, 1.3803333E+003, 3.4693676E+003
 9.2742939E+000, 1.2420611E-003, 2.0000000E+003, 3.4810729E+003
 9.3085909E+000, 1.2604118E-003, 8.4766667E+002, 3.4875530E+003
 9.3314556E+000, 1.3002144E-003, 1.1145000E+003, 3.4956529E+003
 9.3657526E+000, 1.2214416E-003, 1.9576667E+003, 3.5101908E+003
 9.4000496E+000, 1.1685926E-003, 1.3366667E+003, 3.5206841E+003
 9.4229143E+000, 1.2488831E-003, 1.1320000E+003, 3.5298577E+003
 9.4572113E+000, 1.6636320E-003, 1.4080000E+003, 3.5402472E+003
 9.4800760E+000, 1.3096579E-003, 1.9055000E+003, 3.5527432E+003
 9.5143730E+000, 1.1225091E-003, 1.6620000E+003, 3.5663019E+003
 9.5486700E+000, 1.2331411E-003, 8.3833333E+002, 3.5781323E+003
 9.5715347E+000, 9.9889322E-004, 3.3350000E+002, 3.5829042E+003
 9.6058317E+000, 1.1897016E-003, 2.0000000E+003, 3.5919249E+003
 9.6401288E+000, 1.1585162E-003, 1.3826667E+003, 3.6050105E+003
 9.6629934E+000, 1.1858116E-003, 1.1230000E+003, 3.6146580E+003
 9.6972904E+000, 1.2234313E-003, 1.4416667E+003, 3.6224147E+003
 9.7201551E+000, 1.0684301E-003, 1.0200000E+003, 3.6301639E+003
 9.7544521E+000, 1.3302680E-003, 1.1693333E+003, 3.6361139E+003
 9.7887491E+000, 9.9845751E-004, 2.5733333E+002, 3.6452608E+003
 9.8116138E+000, 1.5898210E-003, 2.0000000E+003, 3.6557064E+003
 9.8459108E+000, 1.8557506E-003, 1.6783333E+003, 3.6683512E+003
 9.8802079E+000, 1.0087463E-003, 9.5666667E+002, 3.6815410E+003
 9.9030725E+000, 9.9933145E-004, 1.0025000E+003, 3.6901039E+003
 9.9373695E+000, 1.3990960E-003, 1.5606667E+003, 3.6968383E+003
 9.9602342E+000, 1.8128543E-003, 1.6380000E+003, 3.7074789E+003
 9.9945312E+000, 9.9960463E-004, 3.4133333E+002, 3.7151377E+003
 1.0028828E+001, 1.1456840E-003, 8.5766667E+002, 3.7224049E+003
 1.0051693E+001, 9.7321869E-004, 1.5350000E+002, 3.7271407E+003
 1.0085990E+001, 1.1886353E-003, 7.9300000E+002, 3.7363171E+003
 1.0120287E+001, 1.3962385E-003, 1.1200000E+003, 3.7513895E+003
 1.0143152E+001, 9.9974368E-004, 8.0750000E+002, 3.7564940E+003
 1.0177449E+001, 1.5171105E-003, 1.3570000E+003, 3.7627274E+003
 1.0200313E+001, 1.2264742E-003, 1.1190000E+003, 3.7747607E+003
 1.0234610E+001, 1.0814446E-003, 9.4500000E+002, 3.7822969E+003
 1.0268907E+001, 1.2223867E-003, 1.3426667E+003, 3.7913425E+003
 1.0291772E+001, 9.9932236E-004, 4.9000000E+002, 3.7964221E+003
 1.0326069E+001, 1.0269095E-003, 8.3166667E+002, 3.8018280E+003
 1.0360366E+001, 9.9605571E-004, 8.0666667E+002, 3.8081398E+003
 1.0383231E+001, 1.1231847E-003, 2.0000000E+003, 3.8170134E+003
 1.0417528E+001, 1.2436205E-003, 1.4130000E+003, 3.8260109E+003
 1.0440392E+001, 1.2439423E-003, 1.1255000E+003, 3.8326418E+003
 1.0474689E+001, 1.1739341E-003, 9.3900000E+002, 3.8425901E+003
 1.0506283E+001, 1.0375682E-003, 1.4582211E+003, 3.8533302E+003
 1.0536524E+001, 9.9943915E-004, 7.0300000E+002, 3.8605069E+003
 1.0566765E+001, 9.9968527E-004, 7.3433333E+002, 3.8690467E+003
 1.0597006E+001, 1.3895069E-003, 1.7993333E+003, 3.8790319E+003
 1.0627247E+001, 1.7243210E-003, 1.4090000E+003, 3.8926975E+003
 1.0657488E+001, 9.9814396E-004, 8.3400000E+002, 3.9000192E+003
 1.0687729E+001, 1.2007939E-003, 7.0900000E+002, 3.9031645E+003
 1.0717970E+001, 1.4739977E-003, 1.4853333E+003, 3.9160425E+003
 1.0748211E+001, 1.4021020E-003, 1.3223333E+003, 3.9270564E+003
 1.0778452E+001, 1.7960946E-003, 1.4370000E+003, 3.9401825E+003
 1.0808693E+001, 1.9086285E-003, 1.4063333E+003, 3.9531263E+003
 1.0838934E+001, 1.6962218E-003, 1.4333333E+003, 3.9662544E+003
 1.0869176E+001, 2.2560408E-003, 1.4723333E+003, 3.9782337E+003
 1.0899417E+001, 2.2099248E-003, 1.6190000E+003, 3.9964287E+003
 1.0920585E+001, 1.2768325E-003, 2.0000000E+003, 4.0098173E+003
 1.0953851E+001, 1.7665842E-003, 1.5743333E+003, 4.0244772E+003
 1.0987116E+001, 1.5187304E-003, 1.3263333E+003, 4.0412973E+003
 1.1020381E+001, 1.3152512E-003, 1.2090000E+003, 4.0512700E+003
 1.1042558E+001, 1.6099242E-003, 2.0000000E+003, 4.0601530E+003
 1.1075823E+001, 1.5352051E-003, 9.3366667E+002, 4.0727261E+003
 1.1109088E+001, 1.8183677E-003, 2.0000000E+003, 4.0860092E+003
 1.1131265E+001, 1.8003669E-003, 1.5050000E+003, 4.0971075E+003
 1.1164530E+001, 2.1495257E-003, 1.8576667E+003, 4.1132047E+003
 1.1197795E+001, 1.3044533E-003, 2.0000000E+003, 4.1306928E+003
 1.1231061E+001, 2.3603104E-003, 1.4750000E+003, 4.1444977E+003
 1.1253237E+001, 1.9685455E-003, 2.0000000E+003, 4.1591372E+003
 1.1287611E+001, 9.9901241E-004, 5.1587097E+002, 4.1690549E+003
 1.1312006E+001, 9.9998195E-004, 6.8150000E+002, 4.1754199E+003
 1.1348598E+001, 1.2662072E-003, 1.3090000E+003, 4.1837698E+003
 1.1372992E+001, 9.9780460E-004, 4.7400000E+002, 4.1908415E+003
 1.1409584E+001, 1.1365794E-003, 1.4006667E+003, 4.1971261E+003
 1.1433978E+001, 1.1313103E-003, 1.0465000E+003, 4.2018039E+003
 1.1470570E+001, 9.9807360E-004, 2.5133333E+002, 4.2067438E+003
 1.1494964E+001, 1.2106886E-003, 1.1655000E+003, 4.2112199E+003
 1.1531556E+001, 1.7602811E-003, 1.4023333E+003, 4.2159506E+003
 1.1555951E+001, 2.0286511E-003, 1.3710000E+003, 4.2274404E+003
 1.1580345E+001, 1.1925912E-003, 1.2055000E+003, 4.2376972E+003
 1.1616937E+001, 1.4891549E-003, 9.0733333E+002, 4.2497275E+003
 1.1641331E+001, 9.9987519E-004, 8.7700000E+002, 4.2561655E+003
 1.1677923E+001, 1.2880836E-003, 1.3783333E+003, 4.2645595E+003
 1.1702317E+001, 1.4050619E-003, 1.0845000E+003, 4.2733652E+003
 1.1738909E+001, 1.7331935E-003, 1.4110000E+003, 4.2842814E+003
 1.1763304E+001, 1.4939181E-003, 1.2405000E+003, 4.2959157E+003
 1.1799895E+001, 2.3283373E-003, 2.0000000E+003, 4.3076415E+003
 1.1824290E+001, 1.2661285E-003, 2.0000000E+003, 4.3220148E+003
 1.1860881E+001, 1.5298562E-003, 1.5386667E+003, 4.3353697E+003
 1.1884035E+001, 2.0361080E-003, 1.5026685E+003, 4.3486979E+003
 1.1916903E+001, 1.4686332E-003, 8.7733333E+002, 4.3595275E+003
 1.1949772E+001, 9.9902990E-004, 6.5900000E+002, 4.3704838E+003
 1.1971684E+001, 1.7382425E-003, 2.0000000E+003, 4.3829675E+003
 1.2004552E+001, 9.9965119E-004, 6.9333333E+002, 4.3905418E+003
 1.2037421E+001, 9.9875073E-004, 5.3300000E+002, 4.3937525E+003
 1.2070289E+001, 1.0894566E-003, 1.3730000E+003, 4.3997416E+003
 1.2092202E+001, 9.9395911E-004, 1.6700000E+002, 4.4041525E+003
 1.2125070E+001, 1.5059355E-003, 8.4766667E+002, 4.4086243E+003
 1.2157938E+001, 1.7159825E-003, 1.3823333E+003, 4.4197809E+003
 1.2190807E+001, 1.1491995E-003, 8.8833333E+002, 4.4304124E+003
 1.2214910E+001, 9.9910803E-004, 1.9050000E+002, 4.4350161E+003
 1.2251066E+001, 1.0982884E-003, 7.9766667E+002, 4.4388748E+003
 1.2275169E+001, 1.3357515E-003, 1.9720000E+003, 4.4482331E+003
 1.2311324E+001, 1.1123241E-003, 1.5830000E+003, 4.4587263E+003
 1.2335428E+001, 9.9978270E-004, 4.2400000E+002, 4.4645959E+003
 1.2371583E+001, 1.5002677E-003, 1.3906667E+003, 4.4752687E+003
 1.2393196E+001, 2.0958425E-003, 1.9505000E+003, 4.4910756E+003
 1.2425614E+001, 1.2451125E-003, 1.5413333E+003, 4.5005496E+003
 1.2458033E+001, 1.1226816E-003, 7.6566667E+002, 4.5082333E+003
 1.2490451E+001, 1.3366842E-003, 1.1066667E+003, 4.5200143E+003
 1.2512064E+001, 1.0693359E-003, 1.0480000E+003, 4.5287028E+003
 1.2544482E+001, 1.0153810E-003, 1.1446667E+003, 4.5369980E+003
 1.2576901E+001, 2.2106893E-003, 1.5946667E+003, 4.5489101E+003
 1.2609320E+001, 1.6862640E-003, 1.5743333E+003, 4.5630058E+003
 1.2630932E+001, 1.2993036E-003, 1.1740000E+003, 4.5756916E+003
 1.2663351E+001, 3.2356134E-003, 2.0000000E+003, 4.5918377E+003
 1.2696850E+001, 2.0969396E-003, 2.0000000E+003, 4.6091270E+003
 1.2720624E+001, 1.8929638E-003, 2.0000000E+003, 4.6237160E+003
 1.2756284E+001, 1.7334077E-003, 1.4046667E+003, 4.6357364E+003
 1.2780058E+001, 9.9949916E-004, 6.4100000E+002, 4.6447265E+003
 1.2815718E+001, 1.2883369E-003, 1.4310000E+003, 4.6575790E+003
 1.2851379E+001, 1.0227927E-003, 8.1766667E+002, 4.6667595E+003
 1.2875152E+001, 9.8886664E-004, 8.4500000E+001, 4.6681713E+003
 1.2910813E+001, 1.1729445E-003, 1.4040000E+003, 4.6752622E+003
 1.2934586E+001, 9.9972377E-004, 1.0905000E+003, 4.6830588E+003
 1.2970247E+001, 1.0194044E-003, 9.3700000E+002, 4.6893896E+003
 1.2994021E+001, 1.8593033E-003, 2.0000000E+003, 4.6975400E+003
 1.3027258E+001, 1.5829001E-003, 1.4629785E+003, 4.7100121E+003
 1.3059285E+001, 1.7771491E-003, 2.0000000E+003, 4.7258774E+003
 1.3080636E+001, 2.8664581E-003, 2.0000000E+003, 4.7416191E+003
 1.3112662E+001, 1.6226284E-003, 1.3690000E+003, 4.7531982E+003
 1.3144689E+001, 9.9938972E-004, 3.5266667E+002, 4.7611503E+003
 1.3176715E+001, 1.1260489E-003, 1.4150000E+003, 4.7665616E+003
 1.3208742E+001, 9.9773215E-004, 6.4066667E+002, 4.7763740E+003
 1.3230092E+001, 9.9859489E-004, 1.0750000E+002, 4.7806455E+003
 1.3262119E+001, 9.9931024E-004, 7.5266667E+002, 4.7842252E+003
 1.3294145E+001, 1.8052594E-003, 2.0000000E+003, 4.7951417E+003
 1.3326172E+001, 1.1306954E-003, 8.8566667E+002, 4.8072911E+003
 1.3358198E+001, 1.2177068E-003, 8.0500000E+002, 4.8143111E+003
 1.3390225E+001, 1.1344881E-003, 1.1300000E+003, 4.8219895E+003
 1.3411576E+001, 9.9651785E-004, 8.8500000E+001, 4.8275422E+003
 1.3443602E+001, 1.9722979E-003, 1.8590000E+003, 4.8384033E+003
 1.3475629E+001, 1.6955272E-003, 1.6000000E+003, 4.8538541E+003
 1.3507655E+001, 2.0046043E-003, 1.3676667E+003, 4.8686482E+003
 1.3539681E+001, 2.2553256E-003, 1.1396667E+003, 4.8821341E+003
 1.3561032E+001, 2.2499863E-003, 2.0000000E+003, 4.8962929E+003
 1.3594126E+001, 1.0299930E-003, 1.1409677E+003, 4.9078888E+003
 1.3629355E+001, 1.1519610E-003, 7.9066667E+002, 4.9178287E+003
 1.3652842E+001, 1.5813710E-003, 2.0000000E+003, 4.9262622E+003
 1.3688071E+001, 9.9969811E-004, 1.0113333E+003, 4.9353668E+003
 1.3711557E+001, 1.1415388E-003, 1.0555000E+003, 4.9400090E+003
 1.3746786E+001, 9.9869536E-004, 7.0000000E+002, 4.9448873E+003
 1.3770272E+001, 9.9955230E-004, 4.7400000E+002, 4.9490427E+003
 1.3805501E+001, 1.3760038E-003, 1.3983333E+003, 4.9573227E+003
 1.3840730E+001, 9.9729293E-004, 2.6066667E+002, 4.9624057E+003
 1.3864216E+001, 9.9981607E-004, 1.5850000E+003, 4.9679230E+003
 1.3899445E+001, 1.2933400E-003, 1.3666667E+003, 4.9786557E+003
 1.3922931E+001, 9.9778279E-004, 1.2550000E+002, 4.9820424E+003
 1.3958160E+001, 1.6148512E-003, 1.3826667E+003, 4.9910709E+003
 1.3981646E+001, 1.3995649E-003, 1.4645000E+003, 5.0024382E+003
 1.4016875E+001, 1.0978411E-003, 8.3766667E+002, 5.0083496E+003
 1.4040361E+001, 9.9965429E-004, 7.8600000E+002, 5.0168049E+003
 1.4075591E+001, 9.9347628E-004, 1.2700000E+002, 5.0203212E+003
 1.4110820E+001, 9.9892699E-004, 1.6966667E+002, 5.0216136E+003
 1.4134306E+001, 1.3952958E-003, 1.1115000E+003, 5.0276105E+003
 1.4169535E+001, 1.3681371E-003, 1.4093333E+003, 5.0382369E+003
 1.4193021E+001, 9.9934209E-004, 6.5350000E+002, 5.0480576E+003
 1.4228250E+001, 1.8138658E-003, 1.1546667E+003, 5.0553199E+003
 1.4251736E+001, 1.2914785E-003, 1.0910000E+003, 5.0637182E+003
 1.4286965E+001, 9.9924137E-004, 4.0600000E+002, 5.0686445E+003
 1.4310451E+001, 9.9922828E-004, 1.0765000E+003, 5.0750649E+003
 1.4345680E+001, 1.0736305E-003, 1.3630000E+003, 5.0804586E+003
 1.4380909E+001, 1.5988104E-003, 1.3933333E+003, 5.0927066E+003
 1.4404395E+001, 1.0429830E-003, 1.1905000E+003, 5.1029470E+003
 1.4439624E+001, 9.9715664E-004, 5.2533333E+002, 5.1088310E+003
 1.4463111E+001, 1.1078050E-003, 1.0885000E+003, 5.1143605E+003
 1.4498340E+001, 1.1301197E-003, 8.6733333E+002, 5.1186300E+003
 1.4521826E+001, 1.5003687E-003, 2.0000000E+003, 5.1284511E+003
 1.4557055E+001, 9.9904076E-004, 2.7666667E+002, 5.1332045E+003
 1.4580541E+001, 1.1599136E-003, 1.2890000E+003, 5.1392685E+003
 1.4615770E+001, 1.3491205E-003, 1.4476667E+003, 5.1502472E+003
 1.4650999E+001, 9.9615523E-004, 1.3500000E+002, 5.1574685E+003
 1.4674485E+001, 9.9985600E-004, 4.6450000E+002, 5.1628776E+003
 1.4709714E+001, 1.1206855E-003, 1.3393333E+003, 5.1706700E+003
 1.4733200E+001, 1.8774637E-003, 2.0000000E+003, 5.1799045E+003
 1.4767177E+001, 1.1192799E-003, 1.4902054E+003, 5.1944324E+003
 1.4798647E+001, 1.1753642E-003, 1.3776667E+003, 5.2090803E+003
 1.4830118E+001, 1.3860030E-003, 1.4690000E+003, 5.2210836E+003
 1.4851099E+001, 9.9929432E-004, 3.5150000E+002, 5.2296826E+003
 1.4882570E+001, 9.9704851E-004, 1.2433333E+002, 5.2320364E+003
 1.4914041E+001, 9.9931527E-004, 3.7433333E+002, 5.2382991E+003
 1.4945512E+001, 1.6038666E-003, 1.5740000E+003, 5.2497905E+003
 1.4976983E+001, 1.5765800E-003, 1.7633333E+003, 5.2645665E+003
 1.5008454E+001, 1.2264100E-003, 9.0900000E+002, 5.2770720E+003
 1.5039925E+001, 1.6507354E-003, 2.0000000E+003, 5.2907296E+003
 1.5060905E+001, 1.3688218E-003, 1.9015000E+003, 5.3044318E+003
 1.5092376E+001, 1.2480809E-003, 8.6266667E+002, 5.3129628E+003
 1.5124896E+001, 1.6534661E-003, 1.5448387E+003, 5.3247048E+003
 1.5159514E+001, 1.5410446E-003, 1.2200000E+003, 5.3390813E+003
 1.5182593E+001, 1.3211853E-003, 1.1325000E+003, 5.3481623E+003
 1.5217211E+001, 1.0555504E-003, 1.9820000E+003, 5.3585561E+003
 1.5240289E+001, 9.9957754E-004, 5.6400000E+002, 5.3681686E+003
 1.5274907E+001, 9.9335491E-004, 7.8333333E+001, 5.3730245E+003
 1.5309525E+001, 9.9090687E-004, 4.6166667E+002, 5.3795315E+003
 1.5332604E+001, 1.9230868E-003, 2.0000000E+003, 5.3866059E+003
 1.5367222E+001, 1.6258755E-003, 1.4436667E+003, 5.4015318E+003
 1.5390301E+001, 9.9910689E-004, 5.8050000E+002, 5.4083024E+003
 1.5424919E+001, 1.4831560E-003, 1.7680000E+003, 5.4187444E+003
 1.5459537E+001, 9.9788896E-004, 6.2433333E+002, 5.4330491E+003
 1.5482615E+001, 9.9729758E-004, 2.0300000E+002, 5.4359006E+003
 1.5517233E+001, 9.8009978E-004, 9.5666667E+001, 5.4397340E+003
 1.5540312E+001, 9.8665302E-004, 9.1500000E+002, 5.4427426E+003
 1.5574930E+001, 1.1932102E-003, 7.5000000E+002, 5.4477543E+003
 1.5609548E+001, 1.2541405E-003, 1.3313333E+003, 5.4570011E+003
 1.5632627E+001, 1.5122284E-003, 2.0000000E+003, 5.4680322E+003
 1.5667245E+001, 1.1042742E-003, 8.9000000E+002, 5.4758688E+003
 1.5690324E+001, 1.2479376E-003, 2.0000000E+003, 5.4848176E+003
 1.5724942E+001, 9.9751129E-004, 2.0633333E+002, 5.4911433E+003
 1.5759560E+001, 9.9769186E-004, 4.0300000E+002, 5.4941332E+003
 1.5782638E+001, 9.9886132E-004, 3.7800000E+002, 5.4982805E+003
 1.5817256E+001, 1.0724283E-003, 1.3063333E+003, 5.5041645E+003
 1.5840335E+001, 9.9979149E-004, 1.2795000E+003, 5.5132106E+003
 1.5874953E+001, 1.3943836E-003, 1.4280000E+003, 5.5224851E+003
 1.5909571E+001, 1.2374763E-003, 1.5076667E+003, 5.5376025E+003
 1.5932650E+001, 9.9897419E-004, 1.0270000E+003, 5.5482643E+003
 1.5967268E+001, 1.1024739E-003, 7.8133333E+002, 5.5562901E+003
 1.5990346E+001, 9.9903197E-004, 4.3700000E+002, 5.5603185E+003
 1.6024964E+001, 9.9926224E-004, 4.5966667E+002, 5.5640890E+003
 1.6059582E+001, 1.0035185E-003, 8.4333333E+002, 5.5704944E+003
 1.6082661E+001, 1.1145067E-003, 1.2140000E+003, 5.5772036E+003
 1.6117279E+001, 1.1183651E-003, 1.4426667E+003, 5.5858025E+003
 1.6140358E+001, 9.9878235E-004, 7.4700000E+002, 5.5915122E+003
 1.6174976E+001, 1.3845191E-003, 1.4443333E+003, 5.6018261E+003
 1.6209594E+001, 1.9798231E-003, 1.6050000E+003, 5.6165724E+003
 1.6232672E+001, 1.7095989E-003, 2.0000000E+003, 5.6294164E+003
 1.6267290E+001, 9.9971630E-004, 1.2820000E+003, 5.6407872E+003
 1.6290369E+001, 1.1076696E-003, 1.2550000E+003, 5.6528718E+003
 1.6324987E+001, 1.2244238E-003, 9.5266667E+002, 5.6588802E+003
 1.6359605E+001, 9.9804042E-004, 2.7700000E+002, 5.6653566E+003
 1.6382684E+001, 1.2380380E-003, 1.3165000E+003, 5.6729777E+003
 1.6417302E+001, 1.0244070E-003, 1.1416667E+003, 5.6830257E+003
 1.6440380E+001, 9.9985572E-004, 9.7000000E+002, 5.6915017E+003
 1.6474998E+001, 1.3192643E-003, 1.6476667E+003, 5.7003316E+003
 1.6509616E+001, 1.7005188E-003, 1.4260000E+003, 5.7170569E+003
 1.6532695E+001, 1.4993017E-003, 2.0000000E+003, 5.7261245E+003
 1.6567313E+001, 1.7590253E-003, 2.0000000E+003, 5.7374443E+003
 1.6590392E+001, 9.9892323E-004, 1.0065000E+003, 5.7475761E+003
 1.6625010E+001, 9.9977138E-004, 9.9533333E+002, 5.7578694E+003
 1.6659628E+001, 1.6359342E-003, 1.3766667E+003, 5.7652307E+003
 1.6682706E+001, 1.5266185E-003, 2.0000000E+003, 5.7777526E+003
 1.6714985E+001, 9.9890447E-004, 3.7081301E+002, 5.7865490E+003
 1.6746094E+001, 9.9927516E-004, 6.0633333E+002, 5.7907594E+003
 1.6777202E+001, 1.0993570E-003, 1.0366667E+003, 5.7961868E+003
 1.6808311E+001, 1.1409385E-003, 9.0766667E+002, 5.8059353E+003
 1.6839420E+001, 1.1548792E-003, 1.3773333E+003, 5.8192604E+003
 1.6860159E+001, 9.9821532E-004, 1.5650000E+002, 5.8272495E+003
 1.6891268E+001, 9.9922036E-004, 4.9000000E+002, 5.8294733E+003
 1.6922377E+001, 1.5237624E-003, 1.7436667E+003, 5.8410092E+003
 1.6953485E+001, 1.6019057E-003, 1.4893333E+003, 5.8543206E+003
 1.6984594E+001, 1.4104573E-003, 1.7456667E+003, 5.8693053E+003
 1.7015703E+001, 9.9807765E-004, 5.1100000E+002, 5.8817115E+003
 1.7046812E+001, 1.3185505E-003, 1.5576667E+003, 5.8936079E+003
 1.7077920E+001, 1.8651040E-003, 2.0000000E+003, 5.9105094E+003
 1.7109029E+001, 1.0514625E-003, 1.0086667E+003, 5.9226085E+003
 1.7140138E+001, 1.2623605E-003, 1.4370000E+003, 5.9306866E+003
 1.7160877E+001, 9.9886812E-004, 3.5200000E+002, 5.9389995E+003
 1.7191986E+001, 1.5185813E-003, 1.1110000E+003, 5.9463802E+003
 1.7223095E+001, 1.0497833E-003, 9.0433333E+002, 5.9553774E+003
 1.7254203E+001, 1.9531574E-003, 2.0000000E+003, 5.9692345E+003
 1.7285312E+001, 1.4084342E-003, 1.1860000E+003, 5.9828541E+003
 1.7316421E+001, 1.3313443E-003, 1.5000000E+003, 5.9933100E+003
 1.7347530E+001, 1.4048936E-003, 1.1446667E+003, 6.0019389E+003
 1.7378638E+001, 1.9146505E-003, 1.5003333E+003, 6.0141650E+003
 1.7409747E+001, 1.2771131E-003, 1.5116667E+003, 6.0284892E+003
 1.7430486E+001, 9.9723249E-004, 1.8800000E+002, 6.0329040E+003
 1.7464706E+001, 1.0501718E-003, 1.0060000E+003, 6.0372317E+003
 1.7498925E+001, 9.9709848E-004, 4.5666667E+002, 6.0424526E+003
 1.7521739E+001, 9.9620516E-004, 1.9550000E+002, 6.0443779E+003
 1.7555958E+001, 1.3931636E-003, 2.0000000E+003, 6.0535841E+003
 1.7590178E+001, 1.1898396E-003, 1.3993333E+003, 6.0679156E+003
 1.7612991E+001, 1.3219030E-003, 2.0000000E+003, 6.0766047E+003
 1.7647211E+001, 1.9315930E-003, 1.6576667E+003, 6.0887337E+003
 1.7670024E+001, 1.2056171E-003, 1.2050000E+003, 6.1013491E+003
 1.7704243E+001, 1.2342503E-003, 1.6456667E+003, 6.1150865E+003
 1.7738463E+001, 2.2398341E-003, 2.0000000E+003, 6.1319627E+003
 1.7761276E+001, 1.8327377E-003, 1.1475000E+003, 6.1451205E+003
 1.7795496E+001, 1.3053716E-003, 1.9593333E+003, 6.1594851E+003
 1.7829715E+001, 9.9678388E-004, 2.5266667E+002, 6.1703614E+003
 1.7852528E+001, 2.1494807E-003, 1.0435000E+003, 6.1736455E+003
 1.7886748E+001, 1.6398810E-003, 1.6193333E+003, 6.1856430E+003
 1.7920968E+001, 9.9845428E-004, 7.3833333E+002, 6.1955084E+003
 1.7943781E+001, 9.9887747E-004, 7.5500000E+001, 6.1982614E+003
 1.7978000E+001, 2.1804115E-003, 2.0000000E+003, 6.2114596E+003
 1.8000813E+001, 9.9919693E-004, 1.9550000E+002, 6.2205666E+003
 1.8035033E+001, 1.1781854E-003, 1.4083333E+003, 6.2318238E+003
 1.8069253E+001, 1.6584484E-003, 1.3906667E+003, 6.2453372E+003
 1.8093206E+001, 2.0386720E-003, 2.0000000E+003, 6.2573041E+003
 1.8130848E+001, 1.3022945E-003, 1.1123333E+003, 6.2692325E+003
 1.8155942E+001, 1.2077248E-003, 1.1045000E+003, 6.2813640E+003
 1.8181037E+001, 1.2125903E-003, 1.5575000E+003, 6.2882954E+003
 1.8218678E+001, 1.2689789E-003, 8.2533333E+002, 6.3000234E+003
 1.8243773E+001, 9.9915127E-004, 1.2150000E+002, 6.3055395E+003
 1.8281414E+001, 2.3810783E-003, 2.0000000E+003, 6.3149562E+003
 1.8306509E+001, 1.5984971E-003, 2.0000000E+003, 6.3293945E+003
 1.8330272E+001, 1.1834899E-003, 1.0511765E+003, 6.3377635E+003
 1.8363921E+001, 1.5130585E-003, 2.0000000E+003, 6.3556679E+003
 1.8397570E+001, 1.0867862E-003, 1.4563333E+003, 6.3697153E+003
 1.8420002E+001, 1.7048987E-003, 2.0000000E+003, 6.3824663E+003
 1.8453651E+001, 1.0477577E-003, 7.5600000E+002, 6.3916424E+003
 1.8487299E+001, 1.8359127E-003, 1.4236667E+003, 6.4024833E+003
 1.8520948E+001, 9.9788748E-004, 3.2333333E+002, 6.4113165E+003
 1.8543381E+001, 2.2869683E-003, 2.0000000E+003, 6.4178810E+003
 1.8577029E+001, 1.9662029E-003, 2.0000000E+003, 6.4312389E+003
 1.8610678E+001, 1.1296438E-003, 9.5633333E+002, 6.4449038E+003
 1.8633111E+001, 1.3842953E-003, 1.1025000E+003, 6.4540764E+003
 1.8666759E+001, 1.0033849E-003, 8.6366667E+002, 6.4601445E+003
 1.8696456E+001, 9.9985904E-004, 8.3000000E+002, 6.4685174E+003
 1.8726153E+001, 1.0055357E-003, 1.2756667E+003, 6.4756997E+003
 1.8755849E+001, 9.9823768E-004, 5.8866667E+002, 6.4857304E+003
 1.8786536E+001, 1.6285244E-003, 1.4400000E+003, 6.4942919E+003
 1.8819202E+001, 1.3836130E-003, 1.4393333E+003, 6.5088857E+003
 1.8840979E+001, 1.0493634E-003, 2.0000000E+003, 6.5231345E+003
 1.8873646E+001, 1.2674767E-003, 1.4176667E+003, 6.5321399E+003
 1.8906312E+001, 9.9750902E-004, 9.9333333E+001, 6.5352993E+003
 1.8938978E+001, 1.0905073E-003, 1.2996667E+003, 6.5431227E+003
 1.8960756E+001, 9.9911461E-004, 2.4450000E+002, 6.5478115E+003
 1.8993422E+001, 1.1128309E-003, 7.3366667E+002, 6.5500328E+003
 1.9026088E+001, 1.0541235E-003, 1.2233333E+003, 6.5604316E+003
 1.9058754E+001, 9.9607133E-004, 1.1033333E+002, 6.5645566E+003
 1.9080532E+001, 1.2823409E-003, 1.5190000E+003, 6.5701423E+003
 1.9113198E+001, 1.8456893E-003, 1.6266667E+003, 6.5810056E+003
 1.9145864E+001, 1.3713227E-003, 1.4160000E+003, 6.5935611E+003
 1.9178530E+001, 1.2261606E-003, 8.1600000E+002, 6.6051262E+003
 1.9200308E+001, 9.9965598E-004, 9.8600000E+002, 6.6135676E+003
 1.9232974E+001, 9.9788116E-004, 1.2366667E+002, 6.6166743E+003
 1.9265640E+001, 1.0544393E-003, 8.0100000E+002, 6.6213678E+003
 1.9298307E+001, 1.1447126E-003, 8.6000000E+002, 6.6299571E+003
 1.9320084E+001, 1.5472971E-003, 1.8735000E+003, 6.6427778E+003
 1.9352750E+001, 1.1994995E-003, 1.5303333E+003, 6.6543050E+003
 1.9385417E+001, 1.3783957E-003, 7.9966667E+002, 6.6599394E+003
 1.9418083E+001, 9.9766262E-004, 1.0156667E+003, 6.6676365E+003
 1.9450749E+001, 1.1620741E-003, 7.7966667E+002, 6.6758772E+003
 1.9472527E+001, 1.5935844E-003, 1.4720000E+003, 6.6863344E+003
 1.9505193E+001, 1.0158811E-003, 9.1366667E+002, 6.6990594E+003
 1.9537859E+001, 2.0184203E-003, 2.0000000E+003, 6.7111074E+003
 1.9570525E+001, 1.4884136E-003, 2.0000000E+003, 6.7267993E+003
 1.9592303E+001, 9.9820314E-004, 3.6950000E+002, 6.7373745E+003
 1.9624969E+001, 1.1991946E-003, 1.3450000E+003, 6.7432678E+003
 1.9657635E+001, 1.1869943E-003, 8.7533333E+002, 6.7493403E+003
 1.9690302E+001, 1.3766835E-003, 1.3676667E+003, 6.7603038E+003
 1.9714257E+001, 1.5781101E-003, 2.0000000E+003, 6.7729164E+003
 1.9750190E+001, 1.4348305E-003, 2.0000000E+003, 6.7864610E+003
 1.9774145E+001, 1.1351084E-003, 1.0515000E+003, 6.7926716E+003
 1.9810078E+001, 9.9922155E-004, 8.3133333E+002, 6.8007368E+003
 1.9834033E+001, 1.0420973E-003, 1.0485000E+003, 6.8071440E+003
 1.9868476E+001, 1.1783402E-003, 1.0877176E+003, 6.8185756E+003
 1.9899940E+001, 1.7008111E-003, 1.7473333E+003, 6.8337734E+003
 1.9920916E+001, 1.0102521E-003, 1.1845000E+003, 6.8455798E+003
 1.9952380E+001, 1.2657786E-003, 7.4233333E+002, 6.8501111E+003
 1.9983844E+001, 1.0476198E-003, 1.3950000E+003, 6.8597547E+003
 2.0015307E+001, 1.3073488E-003, 7.8700000E+002, 6.8678570E+003
 2.0046771E+001, 9.9553740E-004, 1.6433333E+002, 6.8751596E+003
 2.0078235E+001, 9.9867411E-004, 1.0963333E+003, 6.8793701E+003
 2.0109699E+001, 1.1038341E-003, 9.0466667E+002, 6.8873596E+003
 2.0130675E+001, 9.9985241E-004, 1.1740000E+003, 6.8923366E+003
 2.0162139E+001, 1.3034262E-003, 7.8000000E+002, 6.8971774E+003
 2.0193602E+001, 1.1571958E-003, 1.3693333E+003, 6.9046894E+003
 2.0225066E+001, 1.4717863E-003, 1.4573333E+003, 6.9147011E+003
 2.0256530E+001, 1.2555162E-003, 8.5433333E+002, 6.9242223E+003
 2.0287994E+001, 1.1135624E-003, 9.4733333E+002, 6.9343294E+003
 2.0319458E+001, 1.7333696E-003, 1.6710000E+003, 6.9448400E+003
 2.0340434E+001, 2.3494054E-003, 2.0000000E+003, 6.9596159E+003
 2.0371898E+001, 9.9960353E-004, 8.6766667E+002, 6.9691424E+003
 2.0403361E+001, 9.9904752E-004, 7.6933333E+002, 6.9757003E+003
 2.0436923E+001, 1.0920776E-003, 1.3254375E+003, 6.9847556E+003
 2.0471533E+001, 9.9972897E-004, 4.3200000E+002, 6.9907034E+003
 2.0494607E+001, 1.3332597E-003, 1.0585000E+003, 6.9967180E+003
 2.0529217E+001, 1.1872035E-003, 1.2103333E+003, 7.0018028E+003
 2.0552290E+001, 1.1583420E-003, 1.0375000E+003, 7.0130388E+003
 2.0586901E+001, 1.3846478E-003, 9.1466667E+002, 7.0196300E+003
 2.0621511E+001, 1.0409663E-003, 8.9566667E+002, 7.0313907E+003
 2.0644584E+001, 1.3667210E-003, 1.2820000E+003, 7.0428781E+003
 2.0679194E+001, 1.3299583E-003, 7.9200000E+002, 7.0506899E+003
 2.0702268E+001, 1.4496635E-003, 2.0000000E+003, 7.0631618E+003
 2.0736878E+001, 1.1211619E-003, 9.8400000E+002, 7.0735107E+003
 2.0771488E+001, 1.5695226E-003, 9.6466667E+002, 7.0827452E+003
 2.0794562E+001, 1.3144654E-003, 1.4590000E+003, 7.0918290E+003
 2.0829172E+001, 9.9857612E-004, 7.1200000E+002, 7.1007665E+003
 2.0852246E+001, 1.1188571E-003, 1.0455000E+003, 7.1066999E+003
 2.0886856E+001, 1.4306724E-003, 8.6533333E+002, 7.1162372E+003
 2.0921466E+001, 1.2041519E-003, 8.4533333E+002, 7.1272884E+003
 2.0944539E+001, 1.5990390E-003, 1.2275000E+003, 7.1392011E+003
 2.0979150E+001, 9.9943444E-004, 6.5433333E+002, 7.1465594E+003
 2.1002223E+001, 1.0025851E-003, 1.1145000E+003, 7.1510097E+003
 2.1036833E+001, 1.4966123E-003, 1.0223333E+003, 7.1572169E+003
 2.1071444E+001, 2.0896413E-003, 1.6080000E+003, 7.1730875E+003
 2.1094517E+001, 1.8486354E-003, 1.1120000E+003, 7.1832419E+003
 2.1129127E+001, 1.1310214E-003, 1.4273333E+003, 7.1956394E+003
 2.1152201E+001, 9.9976903E-004, 3.1750000E+002, 7.2018964E+003
 2.1186811E+001, 1.8840029E-003, 2.0000000E+003, 7.2122566E+003
 2.1221421E+001, 9.9809121E-004, 4.7133333E+002, 7.2218522E+003
 2.1244495E+001, 1.7279428E-003, 2.0000000E+003, 7.2295861E+003
 2.1279105E+001, 3.2166372E-003, 1.6753333E+003, 7.2447343E+003
 2.1302178E+001, 1.9298765E-003, 2.0000000E+003, 7.2603840E+003
 2.1336789E+001, 9.9615088E-004, 7.1000000E+002, 7.2698123E+003
 2.1371399E+001, 1.2525358E-003, 1.2906667E+003, 7.2805437E+003
 2.1394472E+001, 9.9928117E-004, 2.9800000E+002, 7.2837626E+003
 2.1429083E+001, 1.0196809E-003, 1.9706667E+003, 7.2925281E+003
 2.1452156E+001, 1.1425943E-003, 1.1630000E+003, 7.3010117E+003
 2.1486766E+001, 1.9802892E-003, 2.0000000E+003, 7.3113468E+003
 2.1521377E+001, 1.2701780E-003, 1.0656667E+003, 7.3239513E+003
 2.1544450E+001, 1.4214596E-003, 1.0850000E+003, 7.3334763E+003
 2.1579060E+001, 1.9896600E-003, 2.0000000E+003, 7.3473365E+003
 2.1602134E+001, 2.2709478E-003, 1.1915000E+003, 7.3609243E+003
 2.1636744E+001, 1.1616417E-003, 9.3733333E+002, 7.3703390E+003
 2.1671354E+001, 1.6132645E-003, 1.6446667E+003, 7.3841002E+003
 2.1694428E+001, 9.9988879E-004, 5.6500000E+002, 7.3941013E+003
 2.1729038E+001, 1.5672861E-003, 1.4050000E+003, 7.3990869E+003
 2.1752111E+001, 1.4511059E-003, 2.0000000E+003, 7.4124885E+003
 2.1786722E+001, 1.7920246E-003, 1.4136667E+003, 7.4212786E+003
 2.1821332E+001, 2.3018522E-003, 2.0000000E+003, 7.4372643E+003
 2.1844405E+001, 9.9867269E-004, 4.2300000E+002, 7.4475222E+003
 2.1879016E+001, 1.4817747E-003, 1.4283333E+003, 7.4560538E+003
 2.1902089E+001, 1.5543214E-003, 1.3140000E+003, 7.4683083E+003
 2.1935329E+001, 1.1335224E-003, 1.3506150E+003, 7.4754556E+003
 2.1965827E+001, 2.0635944E-003, 2.0000000E+003, 7.4933865E+003
 2.1996325E+001, 1.3376249E-003, 1.8546667E+003, 7.5094018E+003
 2.2027839E+001, 1.8073415E-003, 2.0000000E+003, 7.5247666E+003
 2.2050205E+001, 1.7452083E-003, 1.0935000E+003, 7.5374030E+003
 2.2083753E+001, 1.2151492E-003, 1.8866667E+003, 7.5472576E+003
 2.2117301E+001, 1.4520735E-003, 8.4766667E+002, 7.5558198E+003
 2.2150848E+001, 1.6039973E-003, 9.7633333E+002, 7.5707831E+003
 2.2173214E+001, 1.8879740E-003, 2.0000000E+003, 7.5784487E+003
 2.2206762E+001, 1.4810719E-003, 1.4450000E+003, 7.5889667E+003
 2.2240309E+001, 1.2678456E-003, 1.4526667E+003, 7.6028123E+003
 2.2262675E+001, 1.0133413E-003, 1.4350000E+003, 7.6132504E+003
 2.2296223E+001, 1.1027505E-003, 9.4766667E+002, 7.6241233E+003
 2.2329771E+001, 9.9396112E-004, 3.6566667E+002, 7.6350997E+003
 2.2352136E+001, 9.9983320E-004, 4.4150000E+002, 7.6382153E+003
 2.2385684E+001, 2.1883023E-003, 1.5073333E+003, 7.6485525E+003
 2.2419232E+001, 1.5845933E-003, 1.0563333E+003, 7.6613683E+003
 2.2441597E+001, 1.5226826E-003, 1.1620000E+003, 7.6691721E+003
 2.2475145E+001, 1.0257910E-003, 1.3743333E+003, 7.6814288E+003
 2.2508693E+001, 1.1597587E-003, 1.2773333E+003, 7.6944646E+003
 2.2531058E+001, 1.4626579E-003, 1.1125000E+003, 7.7073796E+003
 2.2564606E+001, 9.9790693E-004, 6.5266667E+002, 7.7121669E+003
 2.2598154E+001, 1.0906665E-003, 7.7000000E+002, 7.7174719E+003
 2.2620519E+001, 1.2516165E-003, 1.8060000E+003, 7.7297092E+003
 2.2654067E+001, 9.9670421E-004, 4.2166667E+002, 7.7372836E+003
 2.2687615E+001, 9.9959018E-004, 1.1210000E+003, 7.7461342E+003
 2.2721163E+001, 1.4263442E-003, 1.7960000E+003, 7.7594858E+003
 2.2743528E+001, 1.0537569E-003, 1.0875000E+003, 7.7702441E+003
 2.2777076E+001, 1.2768873E-003, 8.3466667E+002, 7.7743261E+003
 2.2810624E+001, 1.4177696E-003, 2.0000000E+003, 7.7849879E+003
 2.2832989E+001, 1.4070800E-003, 1.0555000E+003, 7.7935529E+003
 2.2866537E+001, 1.9962838E-003, 1.5963333E+003, 7.8031796E+003
 2.2900085E+001, 1.0845142E-003, 1.0636667E+003, 7.8161931E+003
 2.2922450E+001, 1.4285533E-003, 1.1105000E+003, 7.8249677E+003
 2.2955998E+001, 1.0871030E-003, 8.5666667E+002, 7.8326258E+003
 2.2989546E+001, 1.3284635E-003, 9.6700000E+002, 7.8414986E+003
 2.3011911E+001, 1.2874130E-003, 2.0000000E+003, 7.8512629E+003
 2.3045459E+001, 9.9773667E-004, 1.6000000E+002, 7.8587172E+003
 2.3079007E+001, 1.0673170E-003, 7.4766667E+002, 7.8636315E+003
 2.3101372E+001, 1.2924991E-003, 1.4025000E+003, 7.8688566E+003
 2.3134920E+001, 1.1801748E-003, 1.5486667E+003, 7.8809314E+003
 2.3168468E+001, 9.9409018E-004, 7.9333333E+001, 7.8869923E+003
 2.3190833E+001, 1.4883707E-003, 1.0380000E+003, 7.8895527E+003
 2.3224381E+001, 9.9908112E-004, 8.4633333E+002, 7.8966398E+003
 2.3257929E+001, 1.2712005E-003, 8.5466667E+002, 7.9043486E+003
 2.3280295E+001, 9.9994902E-004, 5.6350000E+002, 7.9100248E+003
 2.3313842E+001, 1.2073130E-003, 1.4043333E+003, 7.9180745E+003
 2.3347390E+001, 9.9879848E-004, 2.3066667E+002, 7.9236643E+003
 2.3380938E+001, 1.0794629E-003, 1.4003333E+003, 7.9325934E+003
 2.3403304E+001, 1.0654595E-003, 1.1175000E+003, 7.9444374E+003
 2.3436851E+001, 1.5905948E-003, 1.6140000E+003, 7.9541022E+003
 2.3470399E+001, 1.0601532E-003, 8.9033333E+002, 7.9633107E+003
 2.3492765E+001, 1.3685635E-003, 1.1255000E+003, 7.9695844E+003
 2.3526313E+001, 1.3723423E-003, 1.4226667E+003, 7.9796894E+003
 2.3559860E+001, 1.0899038E-003, 1.8253333E+003, 7.9940255E+003
 2.3582226E+001, 9.9763248E-004, 2.1400000E+002, 8.0023454E+003
 2.3615774E+001, 1.3098591E-003, 1.7116667E+003, 8.0135799E+003
 2.3649322E+001, 1.1517071E-003, 1.3620000E+003, 8.0267757E+003
 2.3671687E+001, 9.9557726E-004, 1.6050000E+002, 8.0335114E+003
 2.3705235E+001, 2.1348978E-003, 1.0736667E+003, 8.0400401E+003
 2.3738783E+001, 2.4184395E-003, 2.0000000E+003, 8.0560948E+003
 2.3761148E+001, 1.5022636E-003, 1.2720000E+003, 8.0673378E+003
 2.3790383E+001, 1.1039946E-003, 1.0263333E+003, 8.0808852E+003
 2.3829364E+001, 1.4521564E-003, 9.7575000E+002, 8.0903636E+003
 2.3858599E+001, 2.0128412E-003, 1.8696667E+003, 8.1066393E+003
 2.3889783E+001, 1.5550277E-003, 1.3647500E+003, 8.1231262E+003
 2.3911222E+001, 1.1506714E-003, 1.1425000E+003, 8.1337426E+003
 2.3943381E+001, 1.2555736E-003, 1.4690000E+003, 8.1451897E+003
 2.3975540E+001, 1.6372501E-003, 1.4283333E+003, 8.1586354E+003
 2.4007699E+001, 1.8799766E-003, 1.4740000E+003, 8.1737978E+003
 2.4039858E+001, 1.2786218E-003, 1.4490000E+003, 8.1883990E+003
 2.4061297E+001, 1.9077364E-003, 1.0940000E+003, 8.1951381E+003
 2.4093456E+001, 1.3302963E-003, 1.6730000E+003, 8.2091246E+003
 2.4125615E+001, 1.7614499E-003, 1.9736667E+003, 8.2253186E+003
 2.4157774E+001, 1.0679616E-003, 1.1963333E+003, 8.2358733E+003
 2.4189932E+001, 1.4689236E-003, 2.0000000E+003, 8.2465654E+003
 2.4211372E+001, 9.9967675E-004, 8.6350000E+002, 8.2557499E+003
 2.4243530E+001, 9.8894694E-004, 4.9366667E+002, 8.2620637E+003
 2.4275689E+001, 9.7614472E-004, 4.8300000E+002, 8.2649101E+003
 2.4307848E+001, 1.1873106E-003, 1.9066667E+003, 8.2755579E+003
 2.4340007E+001, 1.1515445E-003, 1.4020000E+003, 8.2899466E+003
 2.4361446E+001, 1.0913090E-003, 1.1920000E+003, 8.2974731E+003
 2.4393605E+001, 1.3683151E-003, 2.0000000E+003, 8.3108121E+003
 2.4425764E+001, 9.9717205E-004, 1.7066667E+002, 8.3212659E+003
 2.4457923E+001, 1.9998373E-003, 1.4626667E+003, 8.3278001E+003
 2.4490081E+001, 1.3996358E-003, 9.1100000E+002, 8.3397467E+003
 2.4511521E+001, 9.9952378E-004, 8.1550000E+002, 8.3505053E+003
 2.4543680E+001, 1.3419092E-003, 1.4510000E+003, 8.3630165E+003
 2.4575838E+001, 1.3188063E-003, 1.3623333E+003, 8.3749973E+003
 2.4607997E+001, 1.2327508E-003, 8.8833333E+002, 8.3876126E+003
 2.4640156E+001, 1.3704613E-003, 8.8966667E+002, 8.3964746E+003
 2.4661595E+001, 1.1516570E-003, 1.5465000E+003, 8.4023071E+003
 2.4693754E+001, 1.4294703E-003, 1.5053333E+003, 8.4093333E+003
 2.4728057E+001, 1.7577558E-003, 2.0000000E+003, 8.4242665E+003
 2.4751640E+001, 2.6878619E-003, 2.0000000E+003, 8.4378364E+003
 2.4787015E+001, 1.9017189E-003, 1.9176667E+003, 8.4522724E+003
 2.4810598E+001, 1.8984817E-003, 2.0000000E+003, 8.4669619E+003
 2.4845973E+001, 1.0279637E-003, 7.9566667E+002, 8.4763662E+003
 2.4881347E+001, 1.3600173E-003, 1.8983333E+003, 8.4887617E+003
 2.4904930E+001, 1.0119282E-003, 1.0845000E+003, 8.4994877E+003
 2.4940305E+001, 1.5101259E-003, 1.0226667E+003, 8.5050572E+003
 2.4963888E+001, 2.1672057E-003, 1.3285000E+003, 8.5138168E+003
 2.4999263E+001, 1.4412261E-003, 2.0000000E+003, 8.5299723E+003
 2.5022846E+001, 9.9965629E-004, 6.0650000E+002, 8.5396611E+003
 2.5058221E+001, 9.9452949E-004, 2.0500000E+002, 8.5443880E+003
 2.5080168E+001, 1.2478419E-003, 1.0318401E+003, 8.5503431E+003
 2.5110635E+001, 1.2780506E-003, 8.2566667E+002, 8.5575058E+003
 2.5143133E+001, 2.3838379E-003, 1.5228750E+003, 8.5704953E+003
 2.5178881E+001, 1.7058391E-003, 1.4015625E+003, 8.5809664E+003
 2.5203458E+001, 9.9991952E-004, 1.7265000E+003, 8.5940107E+003
 2.5240323E+001, 1.1290023E-003, 1.4623333E+003, 8.6057324E+003
 2.5264899E+001, 1.6401211E-003, 1.6995000E+003, 8.6148256E+003
 2.5301764E+001, 9.9869039E-004, 8.2766667E+002, 8.6233915E+003
 2.5326341E+001, 9.9985852E-004, 6.4850000E+002, 8.6312158E+003
 2.5350918E+001, 2.7430053E-003, 2.0000000E+003, 8.6405385E+003
 2.5384923E+001, 1.7261992E-003, 1.3984029E+003, 8.6549770E+003
 2.5417499E+001, 1.2371911E-003, 1.4046667E+003, 8.6653902E+003
 2.5450075E+001, 1.8311630E-003, 1.6120000E+003, 8.6784378E+003
 2.5471792E+001, 1.5808848E-003, 1.0430000E+003, 8.6875566E+003
 2.5507626E+001, 1.0192627E-003, 8.9733333E+002, 8.6975748E+003
 2.5531515E+001, 1.2842418E-003, 1.8265000E+003, 8.7071479E+003
 2.5567348E+001, 1.5696594E-003, 1.9926667E+003, 8.7232854E+003
 2.5591237E+001, 9.9640787E-004, 1.3350000E+002, 8.7308232E+003
 2.5627071E+001, 1.0840961E-003, 7.9000000E+002, 8.7346126E+003
 2.5650960E+001, 9.9804415E-004, 2.1950000E+002, 8.7401826E+003
 2.5686793E+001, 9.9009246E-004, 6.1500000E+002, 8.7433225E+003
 2.5710682E+001, 9.9942987E-004, 9.5400000E+002, 8.7527714E+003
 2.5746516E+001, 1.2617408E-003, 9.7533333E+002, 8.7642291E+003
 2.5770405E+001, 9.9975272E-004, 8.9800000E+002, 8.7720986E+003
 2.5806238E+001, 9.9699097E-004, 2.3133333E+002, 8.7781096E+003
 2.5830127E+001, 1.6215339E-003, 1.1035000E+003, 8.7853090E+003
 2.5865961E+001, 1.1125170E-003, 9.6633333E+002, 8.7975322E+003
 2.5901794E+001, 1.1612692E-003, 8.8866667E+002, 8.8069677E+003
 2.5925683E+001, 1.9662855E-003, 1.3410000E+003, 8.8182592E+003
 2.5958279E+001, 1.2700943E-003, 1.3110937E+003, 8.8279160E+003
 2.5989257E+001, 9.9943523E-004, 3.5033333E+002, 8.8384518E+003
 2.6020234E+001, 1.0820642E-003, 8.3400000E+002, 8.8466210E+003
 2.6040886E+001, 1.0358176E-003, 1.8265000E+003, 8.8552548E+003
 2.6073928E+001, 9.9895561E-004, 1.5787500E+002, 8.8614276E+003
 2.6108003E+001, 1.0767857E-003, 7.8266667E+002, 8.8663518E+003
 2.6130720E+001, 9.9921825E-004, 3.4200000E+002, 8.8689633E+003
 2.6164795E+001, 1.0459761E-003, 8.0666667E+002, 8.8752044E+003
 2.6198870E+001, 1.0509820E-003, 1.1110000E+003, 8.8840742E+003
 2.6221587E+001, 9.9873027E-004, 3.1600000E+002, 8.8883569E+003
 2.6255662E+001, 1.0696137E-003, 1.6563333E+003, 8.8951734E+003
 2.6289737E+001, 1.1552674E-003, 1.0790000E+003, 8.9054208E+003
 2.6312454E+001, 1.7724312E-003, 2.0000000E+003, 8.9183271E+003
 2.6346529E+001, 1.0933835E-003, 8.8033333E+002, 8.9269042E+003
 2.6380605E+001, 1.0299928E-003, 8.9800000E+002, 8.9333092E+003
 2.6403321E+001, 1.1364028E-003, 1.0890000E+003, 8.9395239E+003
 2.6437396E+001, 2.3845039E-003, 1.9936667E+003, 8.9534928E+003
 2.6460113E+001, 1.2874373E-003, 1.1705000E+003, 8.9658330E+003
 2.6494188E+001, 1.1707048E-003, 1.4203333E+003, 8.9741406E+003
 2.6528263E+001, 9.9628739E-004, 9.3600000E+002, 8.9821315E+003
 2.6550980E+001, 1.0741016E-003, 1.1900000E+003, 8.9875175E+003
 2.6585055E+001, 1.2979808E-003, 1.3730000E+003, 8.9927154E+003
 2.6619130E+001, 1.4029088E-003, 1.5123333E+003, 9.0040410E+003
 2.6641847E+001, 1.2083653E-003, 1.0800000E+003, 9.0131757E+003
 2.6675922E+001, 9.9856883E-004, 2.3933333E+002, 9.0162776E+003
 2.6709998E+001, 9.9834340E-004, 5.0766667E+002, 9.0219938E+003
 2.6732714E+001, 9.9952254E-004, 9.4050000E+002, 9.0253510E+003
 2.6766789E+001, 1.1279957E-003, 8.7366667E+002, 9.0327936E+003
 2.6800865E+001, 1.5641930E-003, 2.0000000E+003, 9.0466992E+003
 2.6825853E+001, 9.9969122E-004, 4.4750000E+002, 9.0542719E+003
 2.6850841E+001, 9.9381446E-004, 6.9500000E+002, 9.0572158E+003
 2.6888324E+001, 9.9805599E-004, 2.5666667E+002, 9.0604469E+003
 2.6913313E+001, 1.0198918E-003, 1.9855000E+003, 9.0678359E+003
 2.6950795E+001, 1.6214375E-003, 1.3723333E+003, 9.0761995E+003
 2.6975784E+001, 9.9736063E-004, 1.7500000E+002, 9.0829760E+003
 2.7009256E+001, 1.0981843E-003, 1.9360000E+003, 9.0910670E+003
 2.7031571E+001, 9.9808195E-004, 1.9900000E+002, 9.0988095E+003
 2.7065044E+001, 1.1839551E-003, 2.0000000E+003, 9.1096321E+003
 2.7098516E+001, 1.5719024E-003, 1.0493333E+003, 9.1188964E+003
 2.7120831E+001, 1.1916768E-003, 1.9575000E+003, 9.1328295E+003
 2.7154303E+001, 1.0797240E-003, 1.1790000E+003, 9.1394290E+003
 2.7187776E+001, 9.9422395E-004, 9.5333333E+001, 9.1475696E+003
 2.7210091E+001, 9.9467358E-004, 9.7000000E+002, 9.1507871E+003
 2.7243563E+001, 1.0287474E-003, 1.1770000E+003, 9.1589869E+003
 2.7277036E+001, 9.9896397E-004, 6.7033333E+002, 9.1653050E+003
 2.7310508E+001, 1.3588011E-003, 8.9966667E+002, 9.1702060E+003
 2.7332823E+001, 1.9149459E-003, 2.0000000E+003, 9.1801415E+003
 2.7366296E+001, 9.9940176E-004, 7.2533333E+002, 9.1876308E+003
 2.7399768E+001, 1.1147952E-003, 8.0833333E+002, 9.1937828E+003
 2.7422083E+001, 1.6269380E-003, 1.8040000E+003, 9.2020634E+003
 2.7456671E+001, 1.4030614E-003, 1.4267742E+003, 9.2140119E+003
 2.7481218E+001, 1.6375582E-003, 2.0000000E+003, 9.2253627E+003
 2.7518038E+001, 1.2995710E-003, 1.3263333E+003, 9.2369788E+003
 2.7542584E+001, 1.2485894E-003, 1.2910000E+003, 9.2479311E+003
 2.7579404E+001, 1.3290723E-003, 1.2286667E+003, 9.2534065E+003
 2.7603950E+001, 9.9883174E-004, 3.6950000E+002, 9.2613388E+003
 2.7640770E+001, 1.1790787E-003, 1.1623333E+003, 9.2675813E+003
 2.7665316E+001, 2.1065716E-003, 1.0340000E+003, 9.2739081E+003
 2.7702136E+001, 1.8084635E-003, 1.5956667E+003, 9.2875794E+003
 2.7726683E+001, 1.2325810E-003, 1.0755000E+003, 9.3001943E+003
 2.7751229E+001, 1.6256967E-003, 1.1690000E+003, 9.3072880E+003
 2.7783803E+001, 1.0233409E-003, 1.2416667E+003, 9.3176344E+003
 2.7816376E+001, 2.7269785E-003, 2.0000000E+003, 9.3324274E+003
 2.7848950E+001, 1.1451183E-003, 8.0100000E+002, 9.3436679E+003
 2.7870666E+001, 1.3714383E-003, 2.0000000E+003, 9.3496005E+003
 2.7903239E+001, 9.9523699E-004, 6.6000000E+001, 9.3525442E+003
 2.7935813E+001, 1.0821375E-003, 1.4466667E+003, 9.3617643E+003
 2.7968386E+001, 1.7438177E-003, 2.0000000E+003, 9.3749540E+003
 2.7990102E+001, 9.9977972E-004, 1.3710000E+003, 9.3851664E+003
 2.8022676E+001, 1.3290518E-003, 1.4613333E+003, 9.3984029E+003
 2.8055249E+001, 1.3485469E-003, 9.6933333E+002, 9.4080996E+003
 2.8087823E+001, 1.2608050E-003, 1.0706667E+003, 9.4128098E+003
 2.8120396E+001, 1.7390812E-003, 1.4213333E+003, 9.4262333E+003
 2.8142112E+001, 9.9887779E-004, 2.5850000E+002, 9.4359160E+003
 2.8174686E+001, 1.5916149E-003, 1.3413333E+003, 9.4412405E+003
 2.8208345E+001, 1.0382162E-003, 8.2235484E+002, 9.4547990E+003
 2.8232232E+001, 1.1220098E-003, 1.8170000E+003, 9.4621367E+003
 2.8268063E+001, 1.2780776E-003, 1.4783333E+003, 9.4722109E+003
 2.8291951E+001, 1.1037875E-003, 1.3000000E+003, 9.4847080E+003
 2.8324645E+001, 1.0128254E-003, 1.4016977E+003, 9.4936530E+003
 2.8355771E+001, 9.9822695E-004, 7.6433333E+002, 9.5011614E+003
 2.8387934E+001, 1.0044434E-003, 8.0580645E+002, 9.5076622E+003
 2.8410759E+001, 9.9784269E-004, 1.3950000E+002, 9.5122695E+003
 2.8444998E+001, 1.2285291E-003, 1.4246667E+003, 9.5211647E+003
 2.8479236E+001, 1.1046492E-003, 8.8300000E+002, 9.5334153E+003
 2.8502062E+001, 1.1342625E-003, 1.3480000E+003, 9.5429804E+003
 2.8536300E+001, 1.4472625E-003, 1.5783333E+003, 9.5523183E+003
 2.8570538E+001, 1.6039048E-003, 9.2400000E+002, 9.5629075E+003
 2.8593364E+001, 1.2585661E-003, 1.1645000E+003, 9.5719946E+003
 2.8627602E+001, 1.1833268E-003, 1.1000000E+003, 9.5832311E+003
 2.8650428E+001, 1.2626785E-003, 1.0815000E+003, 9.5908583E+003
 2.8684666E+001, 3.0879104E-003, 2.0000000E+003, 9.6047643E+003
 2.8718905E+001, 1.2485859E-003, 1.0603333E+003, 9.6203043E+003
 2.8741730E+001, 9.9949423E-004, 6.5650000E+002, 9.6280180E+003
 2.8775969E+001, 1.5058722E-003, 1.3746667E+003, 9.6345771E+003
 2.8810207E+001, 2.0042676E-003, 1.5293333E+003, 9.6483782E+003
 2.8833033E+001, 1.1798170E-003, 1.0875000E+003, 9.6596386E+003
 2.8867271E+001, 2.0104076E-003, 2.0000000E+003, 9.6717565E+003
 2.8890096E+001, 1.1497485E-003, 2.0000000E+003, 9.6850551E+003
 2.8922044E+001, 1.1694616E-003, 8.3402882E+002, 9.6936332E+003
 2.8952846E+001, 1.4722559E-003, 1.3800000E+003, 9.7009322E+003
 2.8985701E+001, 1.4027857E-003, 1.0413125E+003, 9.7113974E+003
 2.9019583E+001, 1.8938540E-003, 1.9093333E+003, 9.7263072E+003
 2.9042171E+001, 1.1327619E-003, 1.1165000E+003, 9.7396401E+003
 2.9076053E+001, 9.9985211E-004, 1.3810000E+003, 9.7450712E+003
 2.9109935E+001, 1.3556243E-003, 1.4526667E+003, 9.7543356E+003
 2.9132523E+001, 1.1554501E-003, 1.4390000E+003, 9.7616196E+003
 2.9166405E+001, 1.0622486E-003, 1.1826667E+003, 9.7683919E+003
 2.9197921E+001, 1.4310993E-003, 1.6737220E+003, 9.7787033E+003
 2.9228255E+001, 1.0952659E-003, 8.7833333E+002, 9.7881829E+003
 2.9258589E+001, 1.0347762E-003, 7.3733333E+002, 9.7934996E+003
 2.9280834E+001, 1.3997076E-003, 1.9105000E+003, 9.8050961E+003
 2.9314201E+001, 9.9966497E-004, 1.0626667E+003, 9.8130836E+003
 2.9347568E+001, 1.3326259E-003, 1.3996667E+003, 9.8234300E+003
 2.9380935E+001, 1.5171935E-003, 1.4716667E+003, 9.8390458E+003
 2.9403180E+001, 1.0607271E-003, 1.1095000E+003, 9.8487431E+003
 2.9436547E+001, 1.1408137E-003, 1.4153333E+003, 9.8548616E+003
 2.9469914E+001, 9.9857224E-004, 2.7533333E+002, 9.8622916E+003
 2.9492159E+001, 1.1622747E-003, 1.0910000E+003, 9.8672910E+003
 2.9525526E+001, 1.4127232E-003, 1.6110000E+003, 9.8750963E+003
 2.9558893E+001, 1.8699790E-003, 1.3926667E+003, 9.8886917E+003
 2.9581138E+001, 1.0581640E-003, 1.5595000E+003, 9.8991459E+003
 2.9614505E+001, 1.5945767E-003, 1.4046667E+003, 9.9118277E+003
 2.9647872E+001, 1.1362993E-003, 1.3613333E+003, 9.9292359E+003
 2.9670117E+001, 1.2578052E-003, 1.0680000E+003, 9.9371088E+003
 2.9703484E+001, 9.9701057E-004, 5.4433333E+002, 9.9428170E+003
 2.9737963E+001, 1.3692766E-003, 1.4009677E+003, 9.9524744E+003
 2.9762433E+001, 2.1444025E-003, 2.0000000E+003, 9.9659423E+003
 2.9799136E+001, 1.4191098E-003, 1.7503333E+003, 9.9791874E+003
 2.9823606E+001, 1.1511797E-003, 1.5975000E+003, 9.9927123E+003
 2.9860309E+001, 1.0040760E-003, 1.1413333E+003, 9.9990989E+003
 2.9884779E+001, 1.3792670E-003, 1.7965000E+003, 1.0008900E+004
 2.9921483E+001, 1.4676841E-003, 9.1233333E+002, 1.0017561E+004
 2.9945952E+001, 1.7353878E-003, 2.0000000E+003, 1.0028781E+004
 2.9970421E+001, 1.3583983E-003, 1.2665000E+003, 1.0038112E+004
 3.0000000E+001, 1.6210016E-003, 1.7381755E+003, 1.0050564E+004
