s,m3/s,m3/s,m/s,
Time,"flow_in","flow_out","error","iter"
 0.0000000E+000, 2.0896396E-003, 2.1388555E-003, 0.0000000E+000, 0.0000000E+000
 1.2500000E-001, 0.0000000E+000, 1.9784628E-003, 4.3368087E-019, 1.0000000E+000
 2.5000000E-001, 1.2435300E-001, 1.2435300E-001, 2.7755576E-017, 1.0000000E+000
 3.7500000E-001, 2.4491866E-001, 2.4491866E-001, 5.5511151E-017, 1.0000000E+000
 5.0000000E-001, 3.5835740E-001, 3.5835740E-001, 5.5511151E-017, 1.0000000E+000
 6.2500000E-001, 4.6211716E-001, 4.6211716E-001, 5.5511151E-017, 1.0000000E+000
 7.5000000E-001, 5.5459972E-001, 5.5459972E-001, 1.1102230E-016, 1.0000000E+000
 8.7500000E-001, 6.3514895E-001, 6.3514895E-001, 1.1102230E-016, 1.0000000E+000
 1.0000000E+000, 7.0390560E-001, 7.0390560E-001, 1.1102230E-016, 1.0000000E+000
 1.1250000E+000, 7.6159416E-001, 7.6159416E-001, 1.1102230E-016, 1.0000000E+000
 1.2500000E+000, 8.0930107E-001, 8.0930107E-001, 1.1102230E-016, 1.0000000E+000
 1.3750000E+000, 8.4828364E-001, 8.4828364E-001, 1.1102230E-016, 1.0000000E+000
 1.5000000E+000, 8.7982670E-001, 8.7982670E-001, 1.1102230E-016, 1.0000000E+000
 1.6250000E+000, 9.0514825E-001, 9.0514825E-001, 2.2204460E-016, 1.0000000E+000
 1.7500000E+000, 9.2534623E-001, 9.2534623E-001, 2.2204460E-016, 1.0000000E+000
 1.8750000E+000, 9.4137554E-001, 9.4137554E-001, 2.2204460E-016, 1.0000000E+000
 2.0000000E+000, 9.5404526E-001, 9.5404526E-001, 2.2204460E-016, 1.0000000E+000
 2.1250000E+000, 9.6402758E-001, 9.6402758E-001, 2.2204460E-016, 1.0000000E+000
 2.2500000E+000, 9.7187275E-001, 9.7187275E-001, 2.2204460E-016, 1.0000000E+000
 2.3620559E+000, 9.7802611E-001, 9.7802611E-001, 2.2204460E-016, 1.0000000E+000
 2.4741118E+000, 9.8239908E-001, 9.8239908E-001, 2.2204460E-016, 1.0000000E+000
 2.5861677E+000, 9.8590799E-001, 9.8590799E-001, 2.2204460E-016, 1.0000000E+000
 2.6982236E+000, 9.8872135E-001, 9.8872135E-001, 2.2204460E-016, 1.0000000E+000
 2.8102794E+000, 9.9097559E-001, 9.9097559E-001, 2.2204460E-016, 1.0000000E+000
 2.9223353E+000, 9.9278092E-001, 9.9278092E-001, 2.2204460E-016, 1.0000000E+000
 3.0343912E+000, 9.9422614E-001, 9.9422614E-001, 2.2204460E-016, 1.0000000E+000
 3.1464471E+000, 9.9538271E-001, 9.9538271E-001, 2.2204460E-016, 1.0000000E+000
 3.2585030E+000, 9.9630803E-001, 9.9630803E-001, 2.2204460E-016, 1.0000000E+000
 3.3705589E+000, 9.9704819E-001, 9.9704819E-001, 2.2204460E-016, 1.0000000E+000
 3.4826148E+000, 9.9764014E-001, 9.9764014E-001, 2.2204460E-016, 1.0000000E+000
 3.5819265E+000, 9.9811349E-001, 9.9811349E-001, 2.2204460E-016, 1.0000000E+000
 3.6812383E+000, 9.9845306E-001, 9.9845306E-001, 2.2204460E-016, 1.0000000E+000
 3.7805500E+000, 9.9873156E-001, 9.9873156E-001, 2.2204460E-016, 1.0000000E+000
 3.8798618E+000, 9.9895994E-001, 9.9895994E-001, 2.2204460E-016, 1.0000000E+000
 3.9791735E+000, 9.9914721E-001, 9.9914721E-001, 4.4408921E-016, 1.0000000E+000
 4.0784853E+000, 9.9930078E-001, 9.9930078E-001, 4.4408921E-016, 1.0000000E+000
 4.1777970E+000, 9.9942670E-001, 9.9942670E-001, 2.2204460E-016, 1.0000000E+000
 4.2771088E+000, 9.9952995E-001, 9.9952995E-001, 2.2204460E-016, 1.0000000E+000
 4.3764205E+000, 9.9961461E-001, 9.9961461E-001, 2.2204460E-016, 1.0000000E+000
 4.4757323E+000, 9.9968403E-001, 9.9968403E-001, 2.2204460E-016, 1.0000000E+000
 4.5750440E+000, 9.9974094E-001, 9.9974094E-001, 2.2204460E-016, 1.0000000E+000
 4.6743558E+000, 9.9978760E-001, 9.9978760E-001, 2.2204460E-016, 1.0000000E+000
 4.7736675E+000, 9.9982586E-001, 9.9982586E-001, 2.2204460E-016, 1.0000000E+000
 4.8729793E+000, 9.9985723E-001, 9.9985723E-001, 2.2204460E-016, 1.0000000E+000
 4.9722910E+000, 9.9988295E-001, 9.9988295E-001, 2.2204460E-016, 1.0000000E+000
 5.0716028E+000, 9.9990403E-001, 9.9990403E-001, 2.2204460E-016, 1.0000000E+000
 5.1709145E+000, 9.9992132E-001, 9.9992132E-001, 2.2204460E-016, 1.0000000E+000
 5.2702263E+000, 9.9993549E-001, 9.9993549E-001, 2.2204460E-016, 1.0000000E+000
 5.3695380E+000, 9.9994711E-001, 9.9994711E-001, 2.2204460E-016, 1.0000000E+000
 5.4688498E+000, 9.9995664E-001, 9.9995664E-001, 2.2204460E-016, 1.0000000E+000
 5.5681615E+000, 9.9996445E-001, 9.9996445E-001, 2.2204460E-016, 1.0000000E+000
 5.6674733E+000, 9.9997085E-001, 9.9997085E-001, 2.2204460E-016, 1.0000000E+000
 5.7667850E+000, 9.9997610E-001, 9.9997610E-001, 2.2204460E-016, 1.0000000E+000
 5.8660968E+000, 9.9998041E-001, 9.9998041E-001, 2.2204460E-016, 1.0000000E+000
 5.9654085E+000, 9.9998394E-001, 9.9998394E-001, 2.2204460E-016, 1.0000000E+000
 6.0647203E+000, 9.9998683E-001, 9.9998683E-001, 2.2204460E-016, 1.0000000E+000
 6.1640320E+000, 9.9998920E-001, 9.9998920E-001, 2.2204460E-016, 1.0000000E+000
 6.2633438E+000, 9.9999115E-001, 9.9999115E-001, 2.2204460E-016, 1.0000000E+000
 6.3626555E+000, 9.9999274E-001, 9.9999274E-001, 2.2204460E-016, 1.0000000E+000
 6.4619673E+000, 9.9999405E-001, 9.9999405E-001, 2.2204460E-016, 1.0000000E+000
 6.5612790E+000, 9.9999512E-001, 9.9999512E-001, 2.2204460E-016, 1.0000000E+000
 6.6605908E+000, 9.9999600E-001, 9.9999600E-001, 2.2204460E-016, 1.0000000E+000
 6.7599025E+000, 9.9999672E-001, 9.9999672E-001, 2.2204460E-016, 1.0000000E+000
 6.8487327E+000, 9.9999731E-001, 9.9999731E-001, 2.2204460E-016, 1.0000000E+000
 6.9375628E+000, 9.9999775E-001, 9.9999775E-001, 2.2204460E-016, 1.0000000E+000
 7.0263929E+000, 9.9999812E-001, 9.9999812E-001, 2.2204460E-016, 1.0000000E+000
 7.1152230E+000, 9.9999842E-001, 9.9999842E-001, 2.2204460E-016, 1.0000000E+000
 7.2040532E+000, 9.9999868E-001, 9.9999868E-001, 4.4408921E-016, 1.0000000E+000
 7.2928833E+000, 9.9999889E-001, 9.9999889E-001, 2.2204460E-016, 1.0000000E+000
 7.3817134E+000, 9.9999907E-001, 9.9999907E-001, 2.2204460E-016, 1.0000000E+000
 7.4705435E+000, 9.9999922E-001, 9.9999922E-001, 4.4408921E-016, 1.0000000E+000
 7.5593737E+000, 9.9999935E-001, 9.9999935E-001, 2.2204460E-016, 1.0000000E+000
 7.6482038E+000, 9.9999946E-001, 9.9999946E-001, 2.2204460E-016, 1.0000000E+000
 7.7370339E+000, 9.9999955E-001, 9.9999955E-001, 2.2204460E-016, 1.0000000E+000
 7.8258640E+000, 9.9999962E-001, 9.9999962E-001, 4.4408921E-016, 1.0000000E+000
 7.9146942E+000, 9.9999968E-001, 9.9999968E-001, 2.2204460E-016, 1.0000000E+000
 8.0035243E+000, 9.9999973E-001, 9.9999973E-001, 2.2204460E-016, 1.0000000E+000
 8.0923544E+000, 9.9999978E-001, 9.9999978E-001, 2.2204460E-016, 1.0000000E+000
 8.1811845E+000, 9.9999981E-001, 9.9999981E-001, 2.2204460E-016, 1.0000000E+000
 8.2700146E+000, 9.9999984E-001, 9.9999984E-001, 2.2204460E-016, 1.0000000E+000
 8.3588448E+000, 9.9999987E-001, 9.9999987E-001, 2.2204460E-016, 1.0000000E+000
 8.4476749E+000, 9.9999989E-001, 9.9999989E-001, 2.2204460E-016, 1.0000000E+000
 8.5365050E+000, 9.9999991E-001, 9.9999991E-001, 2.2204460E-016, 1.0000000E+000
 8.6253351E+000, 9.9999992E-001, 9.9999992E-001, 2.2204460E-016, 1.0000000E+000
 8.7141653E+000, 9.9999994E-001, 9.9999994E-001, 2.2204460E-016, 1.0000000E+000
 8.8029954E+000, 9.9999995E-001, 9.9999995E-001, 2.2204460E-016, 1.0000000E+000
 8.8918255E+000, 9.9999995E-001, 9.9999995E-001, 2.2204460E-016, 1.0000000E+000
 8.9806556E+000, 9.9999996E-001, 9.9999996E-001, 2.2204460E-016, 1.0000000E+000
 9.0694858E+000, 9.9999997E-001, 9.9999997E-001, 2.2204460E-016, 1.0000000E+000
 9.1583159E+000, 9.9999997E-001, 9.9999997E-001, 2.2204460E-016, 1.0000000E+000
 9.2471460E+000, 9.9999998E-001, 9.9999998E-001, 2.2204460E-016, 1.0000000E+000
 9.3359761E+000, 9.9999998E-001, 9.9999998E-001, 2.2204460E-016, 1.0000000E+000
 9.4248063E+000, 9.9999998E-001, 9.9999998E-001, 2.2204460E-016, 1.0000000E+000
 9.5136364E+000, 9.9999999E-001, 9.9999999E-001, 2.2204460E-016, 1.0000000E+000
 9.6024665E+000, 9.9999999E-001, 9.9999999E-001, 2.2204460E-016, 1.0000000E+000
 9.6912966E+000, 9.9999999E-001, 9.9999999E-001, 2.2204460E-016, 1.0000000E+000
 9.7801267E+000, 9.9999999E-001, 9.9999999E-001, 2.2204460E-016, 1.0000000E+000
 9.8689569E+000, 9.9999999E-001, 9.9999999E-001, 2.2204460E-016, 1.0000000E+000
 9.9577870E+000, 9.9999999E-001, 9.9999999E-001, 2.2204460E-016, 1.0000000E+000
 1.0046617E+001, 1.0000000E+000, 1.0000000E+000, 2.2204460E-016, 1.0000000E+000
 1.0135447E+001, 1.0000000E+000, 1.0000000E+000, 2.2204460E-016, 1.0000000E+000
 1.0224277E+001, 1.0000000E+000, 1.0000000E+000, 2.2204460E-016, 1.0000000E+000
 1.0313107E+001, 1.0000000E+000, 1.0000000E+000, 2.2204460E-016, 1.0000000E+000
 1.0401938E+001, 1.0000000E+000, 1.0000000E+000, 2.2204460E-016, 1.0000000E+000
 1.0490768E+001, 1.0000000E+000, 1.0000000E+000, 4.4408921E-016, 1.0000000E+000
 1.0579598E+001, 1.0000000E+000, 1.0000000E+000, 2.2204460E-016, 1.0000000E+000
 1.0668428E+001, 1.0000000E+000, 1.0000000E+000, 2.2204460E-016, 1.0000000E+000
 1.0757258E+001, 1.0000000E+000, 1.0000000E+000, 2.2204460E-016, 1.0000000E+000
 1.0846088E+001, 1.0000000E+000, 1.0000000E+000, 2.2204460E-016, 1.0000000E+000
 1.0934918E+001, 1.0000000E+000, 1.0000000E+000, 2.2204460E-016, 1.0000000E+000
 1.1023748E+001, 1.0000000E+000, 1.0000000E+000, 2.2204460E-016, 1.0000000E+000
 1.1112579E+001, 1.0000000E+000, 1.0000000E+000, 2.2204460E-016, 1.0000000E+000
 1.1201409E+001, 1.0000000E+000, 1.0000000E+000, 2.2204460E-016, 1.0000000E+000
 1.1290239E+001, 1.0000000E+000, 1.0000000E+000, 2.2204460E-016, 1.0000000E+000
 1.1379069E+001, 1.0000000E+000, 1.0000000E+000, 2.2204460E-016, 1.0000000E+000
 1.1467899E+001, 1.0000000E+000, 1.0000000E+000, 2.2204460E-016, 1.0000000E+000
 1.1556729E+001, 1.0000000E+000, 1.0000000E+000, 2.2204460E-016, 1.0000000E+000
 1.1645559E+001, 1.0000000E+000, 1.0000000E+000, 4.4408921E-016, 1.0000000E+000
 1.1734389E+001, 1.0000000E+000, 1.0000000E+000, 2.2204460E-016, 1.0000000E+000
 1.1823220E+001, 1.0000000E+000, 1.0000000E+000, 2.2204460E-016, 1.0000000E+000
 1.1912050E+001, 1.0000000E+000, 1.0000000E+000, 2.2204460E-016, 1.0000000E+000
 1.2000880E+001, 1.0000000E+000, 1.0000000E+000, 2.2204460E-016, 1.0000000E+000
 1.2089710E+001, 1.0000000E+000, 1.0000000E+000, 2.2204460E-016, 1.0000000E+000
 1.2178540E+001, 1.0000000E+000, 1.0000000E+000, 2.2204460E-016, 1.0000000E+000
 1.2267370E+001, 1.0000000E+000, 1.0000000E+000, 2.2204460E-016, 1.0000000E+000
 1.2356200E+001, 1.0000000E+000, 1.0000000E+000, 2.2204460E-016, 1.0000000E+000
 1.2445030E+001, 1.0000000E+000, 1.0000000E+000, 2.2204460E-016, 1.0000000E+000
 1.2533861E+001, 1.0000000E+000, 1.0000000E+000, 2.2204460E-016, 1.0000000E+000
 1.2622691E+001, 1.0000000E+000, 1.0000000E+000, 2.2204460E-016, 1.0000000E+000
 1.2711521E+001, 1.0000000E+000, 1.0000000E+000, 2.2204460E-016, 1.0000000E+000
 1.2800351E+001, 1.0000000E+000, 1.0000000E+000, 2.2204460E-016, 1.0000000E+000
 1.2889181E+001, 1.0000000E+000, 1.0000000E+000, 4.4408921E-016, 1.0000000E+000
 1.2978011E+001, 1.0000000E+000, 1.0000000E+000, 2.2204460E-016, 1.0000000E+000
 1.3066841E+001, 1.0000000E+000, 1.0000000E+000, 2.2204460E-016, 1.0000000E+000
 1.3155671E+001, 1.0000000E+000, 1.0000000E+000, 2.2204460E-016, 1.0000000E+000
 1.3244502E+001, 1.0000000E+000, 1.0000000E+000, 2.2204460E-016, 1.0000000E+000
 1.3333332E+001, 1.0000000E+000, 1.0000000E+000, 2.2204460E-016, 1.0000000E+000
 1.3422162E+001, 1.0000000E+000, 1.0000000E+000, 2.2204460E-016, 1.0000000E+000
 1.3510992E+001, 1.0000000E+000, 1.0000000E+000, 2.2204460E-016, 1.0000000E+000
 1.3599822E+001, 1.0000000E+000, 1.0000000E+000, 2.2204460E-016, 1.0000000E+000
 1.3688652E+001, 1.0000000E+000, 1.0000000E+000, 2.2204460E-016, 1.0000000E+000
 1.3777482E+001, 1.0000000E+000, 1.0000000E+000, 2.2204460E-016, 1.0000000E+000
 1.3866312E+001, 1.0000000E+000, 1.0000000E+000, 4.4408921E-016, 1.0000000E+000
 1.3955143E+001, 1.0000000E+000, 1.0000000E+000, 2.2204460E-016, 1.0000000E+000
 1.4043973E+001, 1.0000000E+000, 1.0000000E+000, 2.2204460E-016, 1.0000000E+000
 1.4132803E+001, 1.0000000E+000, 1.0000000E+000, 2.2204460E-016, 1.0000000E+000
 1.4221633E+001, 1.0000000E+000, 1.0000000E+000, 2.2204460E-016, 1.0000000E+000
 1.4310463E+001, 1.0000000E+000, 1.0000000E+000, 2.2204460E-016, 1.0000000E+000
 1.4399293E+001, 1.0000000E+000, 1.0000000E+000, 2.2204460E-016, 1.0000000E+000
 1.4488123E+001, 1.0000000E+000, 1.0000000E+000, 2.2204460E-016, 1.0000000E+000
 1.4576953E+001, 1.0000000E+000, 1.0000000E+000, 2.2204460E-016, 1.0000000E+000
 1.4665784E+001, 1.0000000E+000, 1.0000000E+000, 2.2204460E-016, 1.0000000E+000
 1.4754614E+001, 1.0000000E+000, 1.0000000E+000, 2.2204460E-016, 1.0000000E+000
 1.4843444E+001, 1.0000000E+000, 1.0000000E+000, 2.2204460E-016, 1.0000000E+000
 1.4932274E+001, 1.0000000E+000, 1.0000000E+000, 2.2204460E-016, 1.0000000E+000
 1.5021104E+001, 1.0000000E+000, 1.0000000E+000, 2.2204460E-016, 1.0000000E+000
 1.5109934E+001, 1.0000000E+000, 1.0000000E+000, 2.2204460E-016, 1.0000000E+000
 1.5198764E+001, 1.0000000E+000, 1.0000000E+000, 2.2204460E-016, 1.0000000E+000
 1.5287594E+001, 1.0000000E+000, 1.0000000E+000, 2.2204460E-016, 1.0000000E+000
 1.5376425E+001, 1.0000000E+000, 1.0000000E+000, 2.2204460E-016, 1.0000000E+000
 1.5465255E+001, 1.0000000E+000, 1.0000000E+000, 2.2204460E-016, 1.0000000E+000
 1.5554085E+001, 1.0000000E+000, 1.0000000E+000, 2.2204460E-016, 1.0000000E+000
 1.5642915E+001, 1.0000000E+000, 1.0000000E+000, 2.2204460E-016, 1.0000000E+000
 1.5731745E+001, 1.0000000E+000, 1.0000000E+000, 2.2204460E-016, 1.0000000E+000
 1.5820575E+001, 1.0000000E+000, 1.0000000E+000, 2.2204460E-016, 1.0000000E+000
 1.5909405E+001, 1.0000000E+000, 1.0000000E+000, 2.2204460E-016, 1.0000000E+000
 1.5998235E+001, 1.0000000E+000, 1.0000000E+000, 4.4408921E-016, 1.0000000E+000
 1.6087066E+001, 1.0000000E+000, 1.0000000E+000, 2.2204460E-016, 1.0000000E+000
 1.6175896E+001, 1.0000000E+000, 1.0000000E+000, 2.2204460E-016, 1.0000000E+000
 1.6264726E+001, 1.0000000E+000, 1.0000000E+000, 2.2204460E-016, 1.0000000E+000
 1.6353556E+001, 1.0000000E+000, 1.0000000E+000, 2.2204460E-016, 1.0000000E+000
 1.6442386E+001, 1.0000000E+000, 1.0000000E+000, 2.2204460E-016, 1.0000000E+000
 1.6531216E+001, 1.0000000E+000, 1.0000000E+000, 2.2204460E-016, 1.0000000E+000
 1.6620046E+001, 1.0000000E+000, 1.0000000E+000, 2.2204460E-016, 1.0000000E+000
 1.6708876E+001, 1.0000000E+000, 1.0000000E+000, 2.2204460E-016, 1.0000000E+000
 1.6797707E+001, 1.0000000E+000, 1.0000000E+000, 2.2204460E-016, 1.0000000E+000
 1.6886537E+001, 1.0000000E+000, 1.0000000E+000, 2.2204460E-016, 1.0000000E+000
 1.6975367E+001, 1.0000000E+000, 1.0000000E+000, 4.4408921E-016, 1.0000000E+000
 1.7064197E+001, 1.0000000E+000, 1.0000000E+000, 2.2204460E-016, 1.0000000E+000
 1.7153027E+001, 1.0000000E+000, 1.0000000E+000, 4.4408921E-016, 1.0000000E+000
 1.7241857E+001, 1.0000000E+000, 1.0000000E+000, 2.2204460E-016, 1.0000000E+000
 1.7330687E+001, 1.0000000E+000, 1.0000000E+000, 2.2204460E-016, 1.0000000E+000
 1.7419517E+001, 1.0000000E+000, 1.0000000E+000, 2.2204460E-016, 1.0000000E+000
 1.7508348E+001, 1.0000000E+000, 1.0000000E+000, 2.2204460E-016, 1.0000000E+000
 1.7597178E+001, 1.0000000E+000, 1.0000000E+000, 4.4408921E-016, 1.0000000E+000
 1.7686008E+001, 1.0000000E+000, 1.0000000E+000, 2.2204460E-016, 1.0000000E+000
 1.7774838E+001, 1.0000000E+000, 1.0000000E+000, 2.2204460E-016, 1.0000000E+000
 1.7863668E+001, 1.0000000E+000, 1.0000000E+000, 2.2204460E-016, 1.0000000E+000
 1.7952498E+001, 1.0000000E+000, 1.0000000E+000, 2.2204460E-016, 1.0000000E+000
 1.8041328E+001, 1.0000000E+000, 1.0000000E+000, 2.2204460E-016, 1.0000000E+000
 1.8130158E+001, 1.0000000E+000, 1.0000000E+000, 2.2204460E-016, 1.0000000E+000
 1.8218988E+001, 1.0000000E+000, 1.0000000E+000, 2.2204460E-016, 1.0000000E+000
 1.8307819E+001, 1.0000000E+000, 1.0000000E+000, 2.2204460E-016, 1.0000000E+000
 1.8396649E+001, 1.0000000E+000, 1.0000000E+000, 2.2204460E-016, 1.0000000E+000
 1.8485479E+001, 1.0000000E+000, 1.0000000E+000, 4.4408921E-016, 1.0000000E+000
 1.8574309E+001, 1.0000000E+000, 1.0000000E+000, 2.2204460E-016, 1.0000000E+000
 1.8663139E+001, 1.0000000E+000, 1.0000000E+000, 2.2204460E-016, 1.0000000E+000
 1.8751969E+001, 1.0000000E+000, 1.0000000E+000, 2.2204460E-016, 1.0000000E+000
 1.8840799E+001, 1.0000000E+000, 1.0000000E+000, 2.2204460E-016, 1.0000000E+000
 1.8929629E+001, 1.0000000E+000, 1.0000000E+000, 2.2204460E-016, 1.0000000E+000
 1.9018460E+001, 1.0000000E+000, 1.0000000E+000, 2.2204460E-016, 1.0000000E+000
 1.9107290E+001, 1.0000000E+000, 1.0000000E+000, 2.2204460E-016, 1.0000000E+000
 1.9196120E+001, 1.0000000E+000, 1.0000000E+000, 2.2204460E-016, 1.0000000E+000
 1.9284950E+001, 1.0000000E+000, 1.0000000E+000, 2.2204460E-016, 1.0000000E+000
 1.9373780E+001, 1.0000000E+000, 1.0000000E+000, 2.2204460E-016, 1.0000000E+000
 1.9462610E+001, 1.0000000E+000, 1.0000000E+000, 2.2204460E-016, 1.0000000E+000
 1.9551440E+001, 1.0000000E+000, 1.0000000E+000, 2.2204460E-016, 1.0000000E+000
 1.9640270E+001, 1.0000000E+000, 1.0000000E+000, 2.2204460E-016, 1.0000000E+000
 1.9729101E+001, 1.0000000E+000, 1.0000000E+000, 2.2204460E-016, 1.0000000E+000
 1.9817931E+001, 1.0000000E+000, 1.0000000E+000, 2.2204460E-016, 1.0000000E+000
 1.9906761E+001, 1.0000000E+000, 1.0000000E+000, 2.2204460E-016, 1.0000000E+000
 1.9995591E+001, 1.0000000E+000, 1.0000000E+000, 2.2204460E-016, 1.0000000E+000
 2.0084421E+001, 1.0000000E+000, 1.0000000E+000, 2.2204460E-016, 1.0000000E+000
 2.0173251E+001, 1.0000000E+000, 1.0000000E+000, 2.2204460E-016, 1.0000000E+000
 2.0262081E+001, 1.0000000E+000, 1.0000000E+000, 2.2204460E-016, 1.0000000E+000
 2.0350911E+001, 1.0000000E+000, 1.0000000E+000, 2.2204460E-016, 1.0000000E+000
 2.0439742E+001, 1.0000000E+000, 1.0000000E+000, 4.4408921E-016, 1.0000000E+000
 2.0528572E+001, 1.0000000E+000, 1.0000000E+000, 2.2204460E-016, 1.0000000E+000
 2.0617402E+001, 1.0000000E+000, 1.0000000E+000, 2.2204460E-016, 1.0000000E+000
 2.0706232E+001, 1.0000000E+000, 1.0000000E+000, 4.4408921E-016, 1.0000000E+000
 2.0795062E+001, 1.0000000E+000, 1.0000000E+000, 2.2204460E-016, 1.0000000E+000
 2.0883892E+001, 1.0000000E+000, 1.0000000E+000, 2.2204460E-016, 1.0000000E+000
 2.0972722E+001, 1.0000000E+000, 1.0000000E+000, 2.2204460E-016, 1.0000000E+000
 2.1061552E+001, 1.0000000E+000, 1.0000000E+000, 2.2204460E-016, 1.0000000E+000
 2.1150383E+001, 1.0000000E+000, 1.0000000E+000, 2.2204460E-016, 1.0000000E+000
 2.1239213E+001, 1.0000000E+000, 1.0000000E+000, 2.2204460E-016, 1.0000000E+000
 2.1328043E+001, 1.0000000E+000, 1.0000000E+000, 2.2204460E-016, 1.0000000E+000
 2.1416873E+001, 1.0000000E+000, 1.0000000E+000, 2.2204460E-016, 1.0000000E+000
 2.1505703E+001, 1.0000000E+000, 1.0000000E+000, 2.2204460E-016, 1.0000000E+000
 2.1594533E+001, 1.0000000E+000, 1.0000000E+000, 4.4408921E-016, 1.0000000E+000
 2.1683363E+001, 1.0000000E+000, 1.0000000E+000, 2.2204460E-016, 1.0000000E+000
 2.1772193E+001, 1.0000000E+000, 1.0000000E+000, 2.2204460E-016, 1.0000000E+000
 2.1861024E+001, 1.0000000E+000, 1.0000000E+000, 2.2204460E-016, 1.0000000E+000
 2.1949854E+001, 1.0000000E+000, 1.0000000E+000, 2.2204460E-016, 1.0000000E+000
 2.2038684E+001, 1.0000000E+000, 1.0000000E+000, 2.2204460E-016, 1.0000000E+000
 2.2127514E+001, 1.0000000E+000, 1.0000000E+000, 2.2204460E-016, 1.0000000E+000
 2.2216344E+001, 1.0000000E+000, 1.0000000E+000, 2.2204460E-016, 1.0000000E+000
 2.2305174E+001, 1.0000000E+000, 1.0000000E+000, 2.2204460E-016, 1.0000000E+000
 2.2394004E+001, 1.0000000E+000, 1.0000000E+000, 4.4408921E-016, 1.0000000E+000
 2.2482834E+001, 1.0000000E+000, 1.0000000E+000, 2.2204460E-016, 1.0000000E+000
 2.2571665E+001, 1.0000000E+000, 9.9999999E-001, 2.2204460E-016, 1.0000000E+000
 2.2660495E+001, 1.0000000E+000, 9.9999999E-001, 2.2204460E-016, 1.0000000E+000
 2.2749325E+001, 1.0000000E+000, 9.9999999E-001, 2.2204460E-016, 1.0000000E+000
 2.2838155E+001, 1.0000000E+000, 9.9999999E-001, 2.2204460E-016, 1.0000000E+000
 2.2926985E+001, 1.0000000E+000, 9.9999999E-001, 2.2204460E-016, 1.0000000E+000
 2.3015815E+001, 1.0000000E+000, 9.9999999E-001, 2.2204460E-016, 1.0000000E+000
 2.3104645E+001, 1.0000000E+000, 9.9999999E-001, 2.2204460E-016, 1.0000000E+000
 2.3193475E+001, 1.0000000E+000, 1.0000000E+000, 2.2204460E-016, 1.0000000E+000
 2.3282306E+001, 1.0000000E+000, 1.0000000E+000, 2.2204460E-016, 1.0000000E+000
 2.3371136E+001, 1.0000000E+000, 1.0000000E+000, 2.2204460E-016, 1.0000000E+000
 2.3459966E+001, 1.0000000E+000, 1.0000000E+000, 2.2204460E-016, 1.0000000E+000
 2.3548796E+001, 1.0000000E+000, 1.0000000E+000, 2.2204460E-016, 1.0000000E+000
 2.3637626E+001, 1.0000000E+000, 1.0000000E+000, 4.4408921E-016, 1.0000000E+000
 2.3726456E+001, 1.0000000E+000, 1.0000000E+000, 2.2204460E-016, 1.0000000E+000
 2.3815286E+001, 1.0000000E+000, 1.0000000E+000, 4.4408921E-016, 1.0000000E+000
 2.3904116E+001, 1.0000000E+000, 1.0000000E+000, 4.4408921E-016, 1.0000000E+000
 2.3992947E+001, 1.0000000E+000, 1.0000000E+000, 2.2204460E-016, 1.0000000E+000
 2.4081777E+001, 1.0000000E+000, 1.0000000E+000, 2.2204460E-016, 1.0000000E+000
 2.4170607E+001, 1.0000000E+000, 1.0000000E+000, 2.2204460E-016, 1.0000000E+000
 2.4259437E+001, 1.0000000E+000, 1.0000000E+000, 2.2204460E-016, 1.0000000E+000
 2.4348267E+001, 1.0000000E+000, 1.0000000E+000, 4.4408921E-016, 1.0000000E+000
 2.4437097E+001, 1.0000000E+000, 1.0000000E+000, 2.2204460E-016, 1.0000000E+000
 2.4525927E+001, 1.0000000E+000, 1.0000000E+000, 4.4408921E-016, 1.0000000E+000
 2.4614757E+001, 1.0000000E+000, 1.0000000E+000, 2.2204460E-016, 1.0000000E+000
 2.4703588E+001, 1.0000000E+000, 1.0000000E+000, 2.2204460E-016, 1.0000000E+000
 2.4792418E+001, 1.0000000E+000, 1.0000000E+000, 2.2204460E-016, 1.0000000E+000
 2.4881248E+001, 1.0000000E+000, 1.0000000E+000, 2.2204460E-016, 1.0000000E+000
 2.4970078E+001, 1.0000000E+000, 1.0000000E+000, 4.4408921E-016, 1.0000000E+000
 2.5058908E+001, 1.0000000E+000, 1.0000000E+000, 2.2204460E-016, 1.0000000E+000
 2.5147738E+001, 1.0000000E+000, 1.0000000E+000, 2.2204460E-016, 1.0000000E+000
 2.5236568E+001, 1.0000000E+000, 1.0000000E+000, 2.2204460E-016, 1.0000000E+000
 2.5325398E+001, 1.0000000E+000, 9.9999999E-001, 2.2204460E-016, 1.0000000E+000
 2.5414229E+001, 1.0000000E+000, 9.9999999E-001, 2.2204460E-016, 1.0000000E+000
 2.5503059E+001, 1.0000000E+000, 1.0000000E+000, 2.2204460E-016, 1.0000000E+000
 2.5591889E+001, 1.0000000E+000, 1.0000000E+000, 2.2204460E-016, 1.0000000E+000
 2.5680719E+001, 1.0000000E+000, 1.0000001E+000, 2.2204460E-016, 1.0000000E+000
 2.5769549E+001, 1.0000000E+000, 1.0000002E+000, 2.2204460E-016, 1.0000000E+000
 2.5858379E+001, 1.0000000E+000, 1.0000002E+000, 4.4408921E-016, 1.0000000E+000
 2.5947209E+001, 1.0000000E+000, 1.0000003E+000, 2.2204460E-016, 1.0000000E+000
 2.6036039E+001, 1.0000000E+000, 1.0000004E+000, 2.2204460E-016, 1.0000000E+000
 2.6124869E+001, 1.0000000E+000, 1.0000006E+000, 2.2204460E-016, 1.0000000E+000
 2.6213700E+001, 1.0000000E+000, 1.0000007E+000, 2.2204460E-016, 1.0000000E+000
 2.6302530E+001, 1.0000000E+000, 1.0000008E+000, 2.2204460E-016, 1.0000000E+000
 2.6391360E+001, 1.0000000E+000, 1.0000010E+000, 2.2204460E-016, 1.0000000E+000
 2.6480190E+001, 1.0000000E+000, 1.0000011E+000, 2.2204460E-016, 1.0000000E+000
 2.6569020E+001, 1.0000000E+000, 1.0000011E+000, 2.2204460E-016, 1.0000000E+000
 2.6657850E+001, 1.0000000E+000, 1.0000012E+000, 2.2204460E-016, 1.0000000E+000
 2.6746680E+001, 1.0000000E+000, 1.0000013E+000, 2.2204460E-016, 1.0000000E+000
 2.6835510E+001, 1.0000000E+000, 1.0000013E+000, 2.2204460E-016, 1.0000000E+000
 2.6924341E+001, 1.0000000E+000, 1.0000014E+000, 2.2204460E-016, 1.0000000E+000
 2.7013171E+001, 1.0000000E+000, 1.0000014E+000, 2.2204460E-016, 1.0000000E+000
 2.7102001E+001, 1.0000000E+000, 1.0000015E+000, 2.2204460E-016, 1.0000000E+000
 2.7190831E+001, 1.0000000E+000, 1.0000016E+000, 2.2204460E-016, 1.0000000E+000
 2.7279661E+001, 1.0000000E+000, 1.0000019E+000, 2.2204460E-016, 1.0000000E+000
 2.7368491E+001, 1.0000000E+000, 1.0000020E+000, 2.2204460E-016, 1.0000000E+000
 2.7457321E+001, 1.0000000E+000, 1.0000021E+000, 2.2204460E-016, 1.0000000E+000
 2.7546151E+001, 1.0000000E+000, 1.0000021E+000, 2.2204460E-016, 1.0000000E+000
 2.7634982E+001, 1.0000000E+000, 1.0000023E+000, 4.4408921E-016, 1.0000000E+000
 2.7723812E+001, 1.0000000E+000, 1.0000022E+000, 2.2204460E-016, 1.0000000E+000
 2.7812642E+001, 1.0000000E+000, 1.0000020E+000, 2.2204460E-016, 1.0000000E+000
 2.7901472E+001, 1.0000000E+000, 1.0000017E+000, 2.2204460E-016, 1.0000000E+000
 2.7990302E+001, 1.0000000E+000, 1.0000012E+000, 2.2204460E-016, 1.0000000E+000
 2.8079132E+001, 1.0000000E+000, 1.0000008E+000, 2.2204460E-016, 1.0000000E+000
 2.8167962E+001, 1.0000000E+000, 1.0000004E+000, 2.2204460E-016, 1.0000000E+000
 2.8256792E+001, 1.0000000E+000, 9.9999995E-001, 2.2204460E-016, 1.0000000E+000
 2.8345623E+001, 1.0000000E+000, 9.9999948E-001, 2.2204460E-016, 1.0000000E+000
 2.8434453E+001, 1.0000000E+000, 9.9999901E-001, 2.2204460E-016, 1.0000000E+000
 2.8523283E+001, 1.0000000E+000, 9.9999856E-001, 2.2204460E-016, 1.0000000E+000
 2.8612113E+001, 1.0000000E+000, 9.9999812E-001, 2.2204460E-016, 1.0000000E+000
 2.8700943E+001, 1.0000000E+000, 9.9999800E-001, 2.2204460E-016, 1.0000000E+000
 2.8789773E+001, 1.0000000E+000, 9.9999831E-001, 2.2204460E-016, 1.0000000E+000
 2.8878603E+001, 1.0000000E+000, 9.9999902E-001, 2.2204460E-016, 1.0000000E+000
 2.8967433E+001, 1.0000000E+000, 9.9999979E-001, 2.2204460E-016, 1.0000000E+000
 2.9056264E+001, 1.0000000E+000, 1.0000002E+000, 2.2204460E-016, 1.0000000E+000
 2.9145094E+001, 1.0000000E+000, 1.0000001E+000, 2.2204460E-016, 1.0000000E+000
 2.9233924E+001, 1.0000000E+000, 9.9999992E-001, 2.2204460E-016, 1.0000000E+000
 2.9322754E+001, 1.0000000E+000, 9.9999977E-001, 2.2204460E-016, 1.0000000E+000
 2.9411584E+001, 1.0000000E+000, 9.9999972E-001, 2.2204460E-016, 1.0000000E+000
 2.9500414E+001, 1.0000000E+000, 9.9999973E-001, 2.2204460E-016, 1.0000000E+000
 2.9589244E+001, 1.0000000E+000, 9.9999977E-001, 4.4408921E-016, 1.0000000E+000
 2.9678074E+001, 1.0000000E+000, 9.9999981E-001, 2.2204460E-016, 1.0000000E+000
 2.9766905E+001, 1.0000000E+000, 9.9999984E-001, 2.2204460E-016, 1.0000000E+000
 2.9855735E+001, 1.0000000E+000, 9.9999987E-001, 2.2204460E-016, 1.0000000E+000
 2.9944565E+001, 1.0000000E+000, 9.9999989E-001, 2.2204460E-016, 1.0000000E+000
 3.0033395E+001, 1.0000000E+000, 9.9999990E-001, 2.2204460E-016, 1.0000000E+000
 3.0122225E+001, 1.0000000E+000, 9.9999990E-001, 4.4408921E-016, 1.0000000E+000
 3.0211055E+001, 1.0000000E+000, 9.9999992E-001, 2.2204460E-016, 1.0000000E+000
 3.0299885E+001, 1.0000000E+000, 9.9999993E-001, 4.4408921E-016, 1.0000000E+000
 3.0388715E+001, 1.0000000E+000, 9.9999993E-001, 2.2204460E-016, 1.0000000E+000
 3.0477546E+001, 1.0000000E+000, 9.9999992E-001, 4.4408921E-016, 1.0000000E+000
 3.0566376E+001, 1.0000000E+000, 9.9999990E-001, 2.2204460E-016, 1.0000000E+000
 3.0655206E+001, 1.0000000E+000, 9.9999989E-001, 2.2204460E-016, 1.0000000E+000
 3.0744036E+001, 1.0000000E+000, 9.9999988E-001, 2.2204460E-016, 1.0000000E+000
 3.0832866E+001, 1.0000000E+000, 9.9999988E-001, 2.2204460E-016, 1.0000000E+000
 3.0921696E+001, 1.0000000E+000, 9.9999988E-001, 2.2204460E-016, 1.0000000E+000
 3.1010526E+001, 1.0000000E+000, 9.9999988E-001, 2.2204460E-016, 1.0000000E+000
 3.1099356E+001, 1.0000000E+000, 9.9999988E-001, 2.2204460E-016, 1.0000000E+000
 3.1188187E+001, 1.0000000E+000, 9.9999987E-001, 2.2204460E-016, 1.0000000E+000
 3.1277017E+001, 1.0000000E+000, 9.9999986E-001, 2.2204460E-016, 1.0000000E+000
 3.1365847E+001, 1.0000000E+000, 9.9999985E-001, 2.2204460E-016, 1.0000000E+000
 3.1454677E+001, 1.0000000E+000, 9.9999985E-001, 4.4408921E-016, 1.0000000E+000
 3.1543507E+001, 1.0000000E+000, 9.9999984E-001, 2.2204460E-016, 1.0000000E+000
 3.1632337E+001, 1.0000000E+000, 9.9999983E-001, 2.2204460E-016, 1.0000000E+000
 3.1721167E+001, 1.0000000E+000, 9.9999986E-001, 4.4408921E-016, 1.0000000E+000
 3.1809997E+001, 1.0000000E+000, 9.9999989E-001, 2.2204460E-016, 1.0000000E+000
 3.1898828E+001, 1.0000000E+000, 9.9999991E-001, 2.2204460E-016, 1.0000000E+000
 3.1987658E+001, 1.0000000E+000, 1.0000001E+000, 2.2204460E-016, 1.0000000E+000
 3.2076488E+001, 1.0000000E+000, 1.0000003E+000, 2.2204460E-016, 1.0000000E+000
 3.2165318E+001, 1.0000000E+000, 1.0000006E+000, 2.2204460E-016, 1.0000000E+000
 3.2254148E+001, 1.0000000E+000, 1.0000010E+000, 2.2204460E-016, 1.0000000E+000
 3.2342978E+001, 1.0000000E+000, 1.0000021E+000, 2.2204460E-016, 1.0000000E+000
 3.2431808E+001, 1.0000000E+000, 1.0000041E+000, 4.4408921E-016, 1.0000000E+000
 3.2520638E+001, 1.0000000E+000, 1.0000080E+000, 2.2204460E-016, 1.0000000E+000
 3.2609469E+001, 1.0000000E+000, 1.0000164E+000, 2.2204460E-016, 1.0000000E+000
 3.2698299E+001, 1.0000000E+000, 1.0000380E+000, 4.4408921E-016, 1.0000000E+000
 3.2787129E+001, 1.0000000E+000, 1.0000972E+000, 4.4408921E-016, 1.0000000E+000
 3.2875959E+001, 1.0000000E+000, 1.0002468E+000, 2.2204460E-016, 1.0000000E+000
 3.2964789E+001, 1.0000000E+000, 1.0006277E+000, 2.2204460E-016, 1.0000000E+000
 3.3053619E+001, 1.0000000E+000, 1.0016284E+000, 2.2204460E-016, 1.0000000E+000
 3.3142449E+001, 1.0000000E+000, 1.0044591E+000, 2.2204460E-016, 1.0000000E+000
 3.3231279E+001, 1.0000000E+000, 1.0135304E+000, 2.2204460E-016, 1.0000000E+000
 3.3300314E+001, 1.0000000E+000, 1.0071398E+000, 2.2204460E-016, 1.0000000E+000
 3.3376251E+001, 1.0000000E+000, 1.0061230E+000, 2.2204460E-016, 1.0000000E+000
 3.3459783E+001, 1.0000000E+000, 1.0086923E+000, 2.2204460E-016, 1.0000000E+000
 3.3543314E+001, 1.0000000E+000, 1.0116704E+000, 4.4408921E-016, 1.0000000E+000
 3.3626845E+001, 1.0000000E+000, 1.0144375E+000, 4.4408921E-016, 1.0000000E+000
 3.3710377E+001, 1.0000000E+000, 1.0167229E+000, 2.2204460E-016, 1.0000000E+000
 3.3793908E+001, 1.0000000E+000, 1.0193059E+000, 2.2204460E-016, 1.0000000E+000
 3.3877439E+001, 1.0000000E+000, 1.0221040E+000, 4.4408921E-016, 1.0000000E+000
 3.3960971E+001, 1.0000000E+000, 1.0222097E+000, 2.2204460E-016, 1.0000000E+000
 3.4044502E+001, 1.0000000E+000, 1.0164220E+000, 4.4408921E-016, 1.0000000E+000
 3.4128034E+001, 1.0000000E+000, 1.0089077E+000, 2.2204460E-016, 1.0000000E+000
 3.4211565E+001, 1.0000000E+000, 1.0040471E+000, 2.2204460E-016, 1.0000000E+000
 3.4295096E+001, 1.0000000E+000, 1.0014702E+000, 4.4408921E-016, 1.0000000E+000
 3.4378628E+001, 1.0000000E+000, 1.0001367E+000, 2.2204460E-016, 1.0000000E+000
 3.4462159E+001, 1.0000000E+000, 9.9949138E-001, 2.2204460E-016, 1.0000000E+000
 3.4545690E+001, 1.0000000E+000, 9.9924940E-001, 2.2204460E-016, 1.0000000E+000
 3.4629222E+001, 1.0000000E+000, 9.9922757E-001, 2.2204460E-016, 1.0000000E+000
 3.4712753E+001, 1.0000000E+000, 9.9931718E-001, 2.2204460E-016, 1.0000000E+000
 3.4796285E+001, 1.0000000E+000, 9.9944460E-001, 2.2204460E-016, 1.0000000E+000
 3.4879816E+001, 1.0000000E+000, 9.9956841E-001, 2.2204460E-016, 1.0000000E+000
 3.4963347E+001, 1.0000000E+000, 9.9966795E-001, 2.2204460E-016, 1.0000000E+000
 3.5046879E+001, 1.0000000E+000, 9.9973925E-001, 2.2204460E-016, 1.0000000E+000
 3.5130410E+001, 1.0000000E+000, 9.9978848E-001, 2.2204460E-016, 1.0000000E+000
 3.5213942E+001, 1.0000000E+000, 9.9982357E-001, 2.2204460E-016, 1.0000000E+000
 3.5297473E+001, 1.0000000E+000, 9.9984967E-001, 2.2204460E-016, 1.0000000E+000
 3.5381004E+001, 1.0000000E+000, 9.9987493E-001, 2.2204460E-016, 1.0000000E+000
 3.5464536E+001, 1.0000000E+000, 9.9990157E-001, 2.2204460E-016, 1.0000000E+000
 3.5548067E+001, 1.0000000E+000, 9.9992655E-001, 2.2204460E-016, 1.0000000E+000
 3.5631598E+001, 1.0000000E+000, 9.9995015E-001, 2.2204460E-016, 1.0000000E+000
 3.5715130E+001, 1.0000000E+000, 9.9996763E-001, 2.2204460E-016, 1.0000000E+000
 3.5798661E+001, 1.0000000E+000, 9.9997994E-001, 2.2204460E-016, 1.0000000E+000
 3.5882193E+001, 1.0000000E+000, 9.9998922E-001, 2.2204460E-016, 1.0000000E+000
 3.5965724E+001, 1.0000000E+000, 9.9999521E-001, 2.2204460E-016, 1.0000000E+000
 3.6049255E+001, 1.0000000E+000, 9.9999897E-001, 4.4408921E-016, 1.0000000E+000
 3.6132787E+001, 1.0000000E+000, 1.0000011E+000, 2.2204460E-016, 1.0000000E+000
 3.6216318E+001, 1.0000000E+000, 1.0000025E+000, 2.2204460E-016, 1.0000000E+000
 3.6299849E+001, 1.0000000E+000, 1.0000035E+000, 2.2204460E-016, 1.0000000E+000
 3.6383381E+001, 1.0000000E+000, 1.0000034E+000, 2.2204460E-016, 1.0000000E+000
 3.6466912E+001, 1.0000000E+000, 1.0000027E+000, 2.2204460E-016, 1.0000000E+000
 3.6550444E+001, 1.0000000E+000, 1.0000017E+000, 2.2204460E-016, 1.0000000E+000
 3.6633975E+001, 1.0000000E+000, 1.0000007E+000, 4.4408921E-016, 1.0000000E+000
 3.6717506E+001, 1.0000000E+000, 9.9999987E-001, 2.2204460E-016, 1.0000000E+000
 3.6801038E+001, 1.0000000E+000, 9.9999888E-001, 2.2204460E-016, 1.0000000E+000
 3.6884569E+001, 1.0000000E+000, 9.9999753E-001, 2.2204460E-016, 1.0000000E+000
 3.6968100E+001, 1.0000000E+000, 9.9999611E-001, 2.2204460E-016, 1.0000000E+000
 3.7051632E+001, 1.0000000E+000, 9.9999478E-001, 4.4408921E-016, 1.0000000E+000
 3.7135163E+001, 1.0000000E+000, 9.9999381E-001, 4.4408921E-016, 1.0000000E+000
 3.7218695E+001, 1.0000000E+000, 9.9999352E-001, 4.4408921E-016, 1.0000000E+000
 3.7302226E+001, 1.0000000E+000, 9.9999373E-001, 4.4408921E-016, 1.0000000E+000
 3.7385757E+001, 1.0000000E+000, 9.9999430E-001, 2.2204460E-016, 1.0000000E+000
 3.7469289E+001, 1.0000000E+000, 9.9999503E-001, 2.2204460E-016, 1.0000000E+000
 3.7552820E+001, 1.0000000E+000, 9.9999564E-001, 2.2204460E-016, 1.0000000E+000
 3.7636352E+001, 1.0000000E+000, 9.9999632E-001, 2.2204460E-016, 1.0000000E+000
 3.7719883E+001, 1.0000000E+000, 9.9999709E-001, 2.2204460E-016, 1.0000000E+000
 3.7803414E+001, 1.0000000E+000, 9.9999780E-001, 2.2204460E-016, 1.0000000E+000
 3.7886946E+001, 1.0000000E+000, 9.9999822E-001, 4.4408921E-016, 1.0000000E+000
 3.7970477E+001, 1.0000000E+000, 9.9999861E-001, 2.2204460E-016, 1.0000000E+000
 3.8054008E+001, 1.0000000E+000, 9.9999881E-001, 2.2204460E-016, 1.0000000E+000
 3.8137540E+001, 1.0000000E+000, 9.9999887E-001, 2.2204460E-016, 1.0000000E+000
 3.8221071E+001, 1.0000000E+000, 9.9999882E-001, 2.2204460E-016, 1.0000000E+000
 3.8304603E+001, 1.0000000E+000, 9.9999878E-001, 2.2204460E-016, 1.0000000E+000
 3.8388134E+001, 1.0000000E+000, 9.9999881E-001, 4.4408921E-016, 1.0000000E+000
 3.8471665E+001, 1.0000000E+000, 9.9999891E-001, 4.4408921E-016, 1.0000000E+000
 3.8555197E+001, 1.0000000E+000, 9.9999904E-001, 2.2204460E-016, 1.0000000E+000
 3.8638728E+001, 1.0000000E+000, 9.9999901E-001, 2.2204460E-016, 1.0000000E+000
 3.8722259E+001, 1.0000000E+000, 9.9999888E-001, 2.2204460E-016, 1.0000000E+000
 3.8805791E+001, 1.0000000E+000, 9.9999866E-001, 4.4408921E-016, 1.0000000E+000
 3.8889322E+001, 1.0000000E+000, 9.9999839E-001, 2.2204460E-016, 1.0000000E+000
 3.8972854E+001, 1.0000000E+000, 9.9999813E-001, 2.2204460E-016, 1.0000000E+000
 3.9056385E+001, 1.0000000E+000, 9.9999789E-001, 2.2204460E-016, 1.0000000E+000
 3.9139916E+001, 1.0000000E+000, 9.9999773E-001, 2.2204460E-016, 1.0000000E+000
 3.9223448E+001, 1.0000000E+000, 9.9999761E-001, 2.2204460E-016, 1.0000000E+000
 3.9306979E+001, 1.0000000E+000, 9.9999749E-001, 2.2204460E-016, 1.0000000E+000
 3.9390510E+001, 1.0000000E+000, 9.9999740E-001, 2.2204460E-016, 1.0000000E+000
 3.9474042E+001, 1.0000000E+000, 9.9999733E-001, 2.2204460E-016, 1.0000000E+000
 3.9557573E+001, 1.0000000E+000, 9.9999733E-001, 2.2204460E-016, 1.0000000E+000
 3.9641105E+001, 1.0000000E+000, 9.9999735E-001, 2.2204460E-016, 1.0000000E+000
 3.9724636E+001, 1.0000000E+000, 9.9999736E-001, 2.2204460E-016, 1.0000000E+000
 3.9808167E+001, 1.0000000E+000, 9.9999738E-001, 2.2204460E-016, 1.0000000E+000
 3.9891699E+001, 1.0000000E+000, 9.9999741E-001, 2.2204460E-016, 1.0000000E+000
 3.9975230E+001, 1.0000000E+000, 9.9999746E-001, 2.2204460E-016, 1.0000000E+000
 4.0058761E+001, 1.0000000E+000, 9.9999754E-001, 2.2204460E-016, 1.0000000E+000
 4.0142293E+001, 1.0000000E+000, 9.9999765E-001, 2.2204460E-016, 1.0000000E+000
 4.0225824E+001, 1.0000000E+000, 9.9999777E-001, 2.2204460E-016, 1.0000000E+000
 4.0309356E+001, 1.0000000E+000, 9.9999789E-001, 2.2204460E-016, 1.0000000E+000
 4.0392887E+001, 1.0000000E+000, 9.9999803E-001, 2.2204460E-016, 1.0000000E+000
 4.0476418E+001, 1.0000000E+000, 9.9999815E-001, 2.2204460E-016, 1.0000000E+000
 4.0559950E+001, 1.0000000E+000, 9.9999826E-001, 2.2204460E-016, 1.0000000E+000
 4.0643481E+001, 1.0000000E+000, 9.9999835E-001, 2.2204460E-016, 1.0000000E+000
 4.0727013E+001, 1.0000000E+000, 9.9999844E-001, 2.2204460E-016, 1.0000000E+000
 4.0810544E+001, 1.0000000E+000, 9.9999854E-001, 2.2204460E-016, 1.0000000E+000
 4.0894075E+001, 1.0000000E+000, 9.9999865E-001, 2.2204460E-016, 1.0000000E+000
 4.0977607E+001, 1.0000000E+000, 9.9999878E-001, 2.2204460E-016, 1.0000000E+000
 4.1061138E+001, 1.0000000E+000, 9.9999891E-001, 4.4408921E-016, 1.0000000E+000
 4.1144669E+001, 1.0000000E+000, 9.9999905E-001, 2.2204460E-016, 1.0000000E+000
 4.1228201E+001, 1.0000000E+000, 9.9999917E-001, 2.2204460E-016, 1.0000000E+000
 4.1311732E+001, 1.0000000E+000, 9.9999930E-001, 2.2204460E-016, 1.0000000E+000
 4.1395264E+001, 1.0000000E+000, 9.9999940E-001, 4.4408921E-016, 1.0000000E+000
 4.1478795E+001, 1.0000000E+000, 9.9999948E-001, 4.4408921E-016, 1.0000000E+000
 4.1562326E+001, 1.0000000E+000, 9.9999956E-001, 2.2204460E-016, 1.0000000E+000
 4.1645858E+001, 1.0000000E+000, 9.9999959E-001, 2.2204460E-016, 1.0000000E+000
 4.1729389E+001, 1.0000000E+000, 9.9999961E-001, 2.2204460E-016, 1.0000000E+000
 4.1812920E+001, 1.0000000E+000, 9.9999962E-001, 4.4408921E-016, 1.0000000E+000
 4.1896452E+001, 1.0000000E+000, 9.9999962E-001, 2.2204460E-016, 1.0000000E+000
 4.1979983E+001, 1.0000000E+000, 9.9999962E-001, 2.2204460E-016, 1.0000000E+000
 4.2063515E+001, 1.0000000E+000, 9.9999964E-001, 2.2204460E-016, 1.0000000E+000
 4.2147046E+001, 1.0000000E+000, 9.9999965E-001, 2.2204460E-016, 1.0000000E+000
 4.2230577E+001, 1.0000000E+000, 9.9999967E-001, 2.2204460E-016, 1.0000000E+000
 4.2314109E+001, 1.0000000E+000, 9.9999971E-001, 2.2204460E-016, 1.0000000E+000
 4.2397640E+001, 1.0000000E+000, 9.9999976E-001, 2.2204460E-016, 1.0000000E+000
 4.2481171E+001, 1.0000000E+000, 9.9999978E-001, 2.2204460E-016, 1.0000000E+000
 4.2564703E+001, 1.0000000E+000, 9.9999981E-001, 2.2204460E-016, 1.0000000E+000
 4.2648234E+001, 1.0000000E+000, 9.9999983E-001, 4.4408921E-016, 1.0000000E+000
 4.2731766E+001, 1.0000000E+000, 9.9999985E-001, 2.2204460E-016, 1.0000000E+000
 4.2815297E+001, 1.0000000E+000, 9.9999988E-001, 2.2204460E-016, 1.0000000E+000
 4.2898828E+001, 1.0000000E+000, 9.9999989E-001, 2.2204460E-016, 1.0000000E+000
 4.2982360E+001, 1.0000000E+000, 9.9999990E-001, 2.2204460E-016, 1.0000000E+000
 4.3065891E+001, 1.0000000E+000, 9.9999991E-001, 2.2204460E-016, 1.0000000E+000
 4.3149422E+001, 1.0000000E+000, 9.9999992E-001, 2.2204460E-016, 1.0000000E+000
 4.3232954E+001, 1.0000000E+000, 9.9999992E-001, 2.2204460E-016, 1.0000000E+000
 4.3316485E+001, 1.0000000E+000, 9.9999990E-001, 2.2204460E-016, 1.0000000E+000
 4.3400017E+001, 1.0000000E+000, 9.9999988E-001, 2.2204460E-016, 1.0000000E+000
 4.3483548E+001, 1.0000000E+000, 9.9999987E-001, 4.4408921E-016, 1.0000000E+000
 4.3567079E+001, 1.0000000E+000, 9.9999986E-001, 2.2204460E-016, 1.0000000E+000
 4.3650611E+001, 1.0000000E+000, 9.9999987E-001, 2.2204460E-016, 1.0000000E+000
 4.3734142E+001, 1.0000000E+000, 9.9999989E-001, 2.2204460E-016, 1.0000000E+000
 4.3817674E+001, 1.0000000E+000, 9.9999992E-001, 4.4408921E-016, 1.0000000E+000
 4.3901205E+001, 1.0000000E+000, 9.9999996E-001, 2.2204460E-016, 1.0000000E+000
 4.3984736E+001, 1.0000000E+000, 9.9999999E-001, 2.2204460E-016, 1.0000000E+000
 4.4068268E+001, 1.0000000E+000, 1.0000000E+000, 2.2204460E-016, 1.0000000E+000
 4.4151799E+001, 1.0000000E+000, 1.0000000E+000, 2.2204460E-016, 1.0000000E+000
 4.4235330E+001, 1.0000000E+000, 1.0000000E+000, 2.2204460E-016, 1.0000000E+000
 4.4318862E+001, 1.0000000E+000, 1.0000000E+000, 2.2204460E-016, 1.0000000E+000
 4.4402393E+001, 1.0000000E+000, 1.0000000E+000, 2.2204460E-016, 1.0000000E+000
 4.4485925E+001, 1.0000000E+000, 1.0000000E+000, 4.4408921E-016, 1.0000000E+000
 4.4569456E+001, 1.0000000E+000, 1.0000142E+000, 2.2204460E-016, 1.0000000E+000
 4.4652987E+001, 1.0000000E+000, 1.0000000E+000, 4.4408921E-016, 1.0000000E+000
 4.4736519E+001, 1.0000000E+000, 1.0000001E+000, 2.2204460E-016, 1.0000000E+000
 4.4820050E+001, 1.0000000E+000, 1.0000001E+000, 4.4408921E-016, 1.0000000E+000
 4.4903581E+001, 1.0000000E+000, 1.0000001E+000, 2.2204460E-016, 1.0000000E+000
 4.4987113E+001, 1.0000000E+000, 1.0000001E+000, 2.2204460E-016, 1.0000000E+000
 4.5070644E+001, 1.0000000E+000, 1.0000001E+000, 2.2204460E-016, 1.0000000E+000
 4.5154176E+001, 1.0000000E+000, 1.0000001E+000, 2.2204460E-016, 1.0000000E+000
 4.5237707E+001, 1.0000000E+000, 1.0000001E+000, 4.4408921E-016, 1.0000000E+000
 4.5321238E+001, 1.0000000E+000, 1.0000001E+000, 2.2204460E-016, 1.0000000E+000
 4.5404770E+001, 1.0000000E+000, 1.0000001E+000, 2.2204460E-016, 1.0000000E+000
 4.5488301E+001, 1.0000000E+000, 1.0000001E+000, 2.2204460E-016, 1.0000000E+000
 4.5571832E+001, 1.0000000E+000, 1.0000001E+000, 2.2204460E-016, 1.0000000E+000
 4.5655364E+001, 1.0000000E+000, 1.0000001E+000, 2.2204460E-016, 1.0000000E+000
 4.5738895E+001, 1.0000000E+000, 1.0000001E+000, 2.2204460E-016, 1.0000000E+000
 4.5822427E+001, 1.0000000E+000, 1.0000001E+000, 2.2204460E-016, 1.0000000E+000
 4.5905958E+001, 1.0000000E+000, 1.0000001E+000, 2.2204460E-016, 1.0000000E+000
 4.5989489E+001, 1.0000000E+000, 1.0000001E+000, 2.2204460E-016, 1.0000000E+000
 4.6073021E+001, 1.0000000E+000, 1.0000001E+000, 4.4408921E-016, 1.0000000E+000
 4.6156552E+001, 1.0000000E+000, 1.0000001E+000, 2.2204460E-016, 1.0000000E+000
 4.6240084E+001, 1.0000000E+000, 1.0000001E+000, 4.4408921E-016, 1.0000000E+000
 4.6323615E+001, 1.0000000E+000, 1.0000001E+000, 4.4408921E-016, 1.0000000E+000
 4.6407146E+001, 1.0000000E+000, 1.0000001E+000, 2.2204460E-016, 1.0000000E+000
 4.6490678E+001, 1.0000000E+000, 1.0000001E+000, 2.2204460E-016, 1.0000000E+000
 4.6574209E+001, 1.0000000E+000, 1.0000001E+000, 2.2204460E-016, 1.0000000E+000
 4.6657740E+001, 1.0000000E+000, 1.0000001E+000, 2.2204460E-016, 1.0000000E+000
 4.6741272E+001, 1.0000000E+000, 1.0000001E+000, 2.2204460E-016, 1.0000000E+000
 4.6824803E+001, 1.0000000E+000, 1.0000001E+000, 4.4408921E-016, 1.0000000E+000
 4.6908335E+001, 1.0000000E+000, 1.0000001E+000, 2.2204460E-016, 1.0000000E+000
 4.6991866E+001, 1.0000000E+000, 1.0000001E+000, 2.2204460E-016, 1.0000000E+000
 4.7075397E+001, 1.0000000E+000, 1.0000001E+000, 2.2204460E-016, 1.0000000E+000
 4.7158929E+001, 1.0000000E+000, 1.0000001E+000, 2.2204460E-016, 1.0000000E+000
 4.7242460E+001, 1.0000000E+000, 1.0000001E+000, 2.2204460E-016, 1.0000000E+000
 4.7325991E+001, 1.0000000E+000, 1.0000001E+000, 2.2204460E-016, 1.0000000E+000
 4.7409523E+001, 1.0000000E+000, 1.0000001E+000, 2.2204460E-016, 1.0000000E+000
 4.7493054E+001, 1.0000000E+000, 1.0000001E+000, 2.2204460E-016, 1.0000000E+000
 4.7576586E+001, 1.0000000E+000, 1.0000001E+000, 2.2204460E-016, 1.0000000E+000
 4.7660117E+001, 1.0000000E+000, 1.0000001E+000, 2.2204460E-016, 1.0000000E+000
 4.7743648E+001, 1.0000000E+000, 1.0000001E+000, 2.2204460E-016, 1.0000000E+000
 4.7827180E+001, 1.0000000E+000, 1.0000000E+000, 4.4408921E-016, 1.0000000E+000
 4.7910711E+001, 1.0000000E+000, 1.0000000E+000, 2.2204460E-016, 1.0000000E+000
 4.7994242E+001, 1.0000000E+000, 1.0000000E+000, 2.2204460E-016, 1.0000000E+000
 4.8077774E+001, 1.0000000E+000, 1.0000000E+000, 2.2204460E-016, 1.0000000E+000
 4.8161305E+001, 1.0000000E+000, 1.0000000E+000, 2.2204460E-016, 1.0000000E+000
 4.8244837E+001, 1.0000000E+000, 1.0000000E+000, 2.2204460E-016, 1.0000000E+000
 4.8328368E+001, 1.0000000E+000, 1.0000000E+000, 2.2204460E-016, 1.0000000E+000
 4.8411899E+001, 1.0000000E+000, 1.0000000E+000, 2.2204460E-016, 1.0000000E+000
 4.8495431E+001, 1.0000000E+000, 1.0000000E+000, 2.2204460E-016, 1.0000000E+000
 4.8578962E+001, 1.0000000E+000, 1.0000000E+000, 2.2204460E-016, 1.0000000E+000
 4.8662493E+001, 1.0000000E+000, 1.0000000E+000, 4.4408921E-016, 1.0000000E+000
 4.8746025E+001, 1.0000000E+000, 1.0000000E+000, 2.2204460E-016, 1.0000000E+000
 4.8829556E+001, 1.0000000E+000, 1.0000000E+000, 2.2204460E-016, 1.0000000E+000
 4.8913088E+001, 1.0000000E+000, 1.0000000E+000, 2.2204460E-016, 1.0000000E+000
 4.8996619E+001, 1.0000000E+000, 1.0000000E+000, 2.2204460E-016, 1.0000000E+000
 4.9080150E+001, 1.0000000E+000, 1.0000000E+000, 2.2204460E-016, 1.0000000E+000
 4.9163682E+001, 1.0000000E+000, 1.0000000E+000, 2.2204460E-016, 1.0000000E+000
 4.9247213E+001, 1.0000000E+000, 1.0000000E+000, 4.4408921E-016, 1.0000000E+000
 4.9330745E+001, 1.0000000E+000, 1.0000000E+000, 2.2204460E-016, 1.0000000E+000
 4.9414276E+001, 1.0000000E+000, 1.0000000E+000, 2.2204460E-016, 1.0000000E+000
 4.9497807E+001, 1.0000000E+000, 1.0000000E+000, 2.2204460E-016, 1.0000000E+000
 4.9581339E+001, 1.0000000E+000, 1.0000000E+000, 2.2204460E-016, 1.0000000E+000
 4.9664870E+001, 1.0000000E+000, 1.0000000E+000, 2.2204460E-016, 1.0000000E+000
 4.9748401E+001, 1.0000000E+000, 1.0000001E+000, 2.2204460E-016, 1.0000000E+000
 4.9831933E+001, 1.0000000E+000, 1.0000001E+000, 2.2204460E-016, 1.0000000E+000
 4.9915464E+001, 1.0000000E+000, 1.0000001E+000, 2.2204460E-016, 1.0000000E+000
 4.9998996E+001, 1.0000000E+000, 1.0000001E+000, 2.2204460E-016, 1.0000000E+000
 5.0082527E+001, 1.0000000E+000, 1.0000001E+000, 2.2204460E-016, 1.0000000E+000
 5.0166058E+001, 1.0000000E+000, 1.0000000E+000, 2.2204460E-016, 1.0000000E+000
 5.0249590E+001, 1.0000000E+000, 1.0000000E+000, 2.2204460E-016, 1.0000000E+000
 5.0333121E+001, 1.0000000E+000, 1.0000000E+000, 2.2204460E-016, 1.0000000E+000
 5.0416652E+001, 1.0000000E+000, 1.0000000E+000, 4.4408921E-016, 1.0000000E+000
 5.0500184E+001, 1.0000000E+000, 1.0000000E+000, 2.2204460E-016, 1.0000000E+000
 5.0583715E+001, 1.0000000E+000, 1.0000000E+000, 2.2204460E-016, 1.0000000E+000
 5.0667247E+001, 1.0000000E+000, 1.0000000E+000, 2.2204460E-016, 1.0000000E+000
 5.0750778E+001, 1.0000000E+000, 1.0000000E+000, 4.4408921E-016, 1.0000000E+000
 5.0834309E+001, 1.0000000E+000, 1.0000000E+000, 4.4408921E-016, 1.0000000E+000
 5.0917841E+001, 1.0000000E+000, 1.0000000E+000, 2.2204460E-016, 1.0000000E+000
 5.1001372E+001, 1.0000000E+000, 1.0000000E+000, 2.2204460E-016, 1.0000000E+000
 5.1084903E+001, 1.0000000E+000, 1.0000000E+000, 4.4408921E-016, 1.0000000E+000
 5.1168435E+001, 1.0000000E+000, 1.0000000E+000, 4.4408921E-016, 1.0000000E+000
 5.1251966E+001, 1.0000000E+000, 1.0000000E+000, 2.2204460E-016, 1.0000000E+000
 5.1335498E+001, 1.0000000E+000, 1.0000000E+000, 2.2204460E-016, 1.0000000E+000
 5.1419029E+001, 1.0000000E+000, 1.0000000E+000, 2.2204460E-016, 1.0000000E+000
 5.1502560E+001, 1.0000000E+000, 1.0000000E+000, 2.2204460E-016, 1.0000000E+000
 5.1586092E+001, 1.0000000E+000, 1.0000000E+000, 2.2204460E-016, 1.0000000E+000
 5.1669623E+001, 1.0000000E+000, 1.0000000E+000, 2.2204460E-016, 1.0000000E+000
 5.1753155E+001, 1.0000000E+000, 1.0000000E+000, 2.2204460E-016, 1.0000000E+000
 5.1836686E+001, 1.0000000E+000, 1.0000001E+000, 2.2204460E-016, 1.0000000E+000
 5.1920217E+001, 1.0000000E+000, 1.0000001E+000, 2.2204460E-016, 1.0000000E+000
 5.2003749E+001, 1.0000000E+000, 1.0000001E+000, 2.2204460E-016, 1.0000000E+000
 5.2087280E+001, 1.0000000E+000, 1.0000001E+000, 2.2204460E-016, 1.0000000E+000
 5.2170811E+001, 1.0000000E+000, 1.0000001E+000, 2.2204460E-016, 1.0000000E+000
 5.2254343E+001, 1.0000000E+000, 1.0000001E+000, 2.2204460E-016, 1.0000000E+000
 5.2337874E+001, 1.0000000E+000, 1.0000001E+000, 2.2204460E-016, 1.0000000E+000
 5.2421406E+001, 1.0000000E+000, 1.0000001E+000, 2.2204460E-016, 1.0000000E+000
 5.2504937E+001, 1.0000000E+000, 1.0000001E+000, 2.2204460E-016, 1.0000000E+000
 5.2588468E+001, 1.0000000E+000, 1.0000001E+000, 2.2204460E-016, 1.0000000E+000
 5.2672000E+001, 1.0000000E+000, 1.0000001E+000, 2.2204460E-016, 1.0000000E+000
 5.2755531E+001, 1.0000000E+000, 1.0000001E+000, 2.2204460E-016, 1.0000000E+000
 5.2839062E+001, 1.0000000E+000, 1.0000001E+000, 4.4408921E-016, 1.0000000E+000
 5.2922594E+001, 1.0000000E+000, 1.0000001E+000, 2.2204460E-016, 1.0000000E+000
 5.3006125E+001, 1.0000000E+000, 1.0000001E+000, 2.2204460E-016, 1.0000000E+000
 5.3089657E+001, 1.0000000E+000, 1.0000000E+000, 2.2204460E-016, 1.0000000E+000
 5.3173188E+001, 1.0000000E+000, 1.0000000E+000, 2.2204460E-016, 1.0000000E+000
 5.3256719E+001, 1.0000000E+000, 1.0000000E+000, 2.2204460E-016, 1.0000000E+000
 5.3340251E+001, 1.0000000E+000, 1.0000000E+000, 4.4408921E-016, 1.0000000E+000
 5.3423782E+001, 1.0000000E+000, 1.0000000E+000, 2.2204460E-016, 1.0000000E+000
 5.3507313E+001, 1.0000000E+000, 1.0000000E+000, 4.4408921E-016, 1.0000000E+000
 5.3590845E+001, 1.0000000E+000, 1.0000000E+000, 2.2204460E-016, 1.0000000E+000
 5.3674376E+001, 1.0000000E+000, 1.0000000E+000, 2.2204460E-016, 1.0000000E+000
 5.3757908E+001, 1.0000000E+000, 1.0000000E+000, 2.2204460E-016, 1.0000000E+000
 5.3841439E+001, 1.0000000E+000, 1.0000000E+000, 4.4408921E-016, 1.0000000E+000
 5.3924970E+001, 1.0000000E+000, 1.0000000E+000, 2.2204460E-016, 1.0000000E+000
 5.4008502E+001, 1.0000000E+000, 1.0000000E+000, 2.2204460E-016, 1.0000000E+000
 5.4092033E+001, 1.0000000E+000, 1.0000000E+000, 4.4408921E-016, 1.0000000E+000
 5.4175564E+001, 1.0000000E+000, 1.0000000E+000, 2.2204460E-016, 1.0000000E+000
 5.4259096E+001, 1.0000000E+000, 1.0000000E+000, 2.2204460E-016, 1.0000000E+000
 5.4342627E+001, 1.0000000E+000, 1.0000000E+000, 2.2204460E-016, 1.0000000E+000
 5.4426159E+001, 1.0000000E+000, 1.0000000E+000, 2.2204460E-016, 1.0000000E+000
 5.4509690E+001, 1.0000000E+000, 1.0000000E+000, 4.4408921E-016, 1.0000000E+000
 5.4593221E+001, 1.0000000E+000, 1.0000000E+000, 2.2204460E-016, 1.0000000E+000
 5.4676753E+001, 1.0000000E+000, 1.0000000E+000, 2.2204460E-016, 1.0000000E+000
 5.4760284E+001, 1.0000000E+000, 1.0000000E+000, 2.2204460E-016, 1.0000000E+000
 5.4843816E+001, 1.0000000E+000, 1.0000000E+000, 2.2204460E-016, 1.0000000E+000
 5.4927347E+001, 1.0000000E+000, 1.0000000E+000, 2.2204460E-016, 1.0000000E+000
 5.5010878E+001, 1.0000000E+000, 1.0000000E+000, 2.2204460E-016, 1.0000000E+000
 5.5094410E+001, 1.0000000E+000, 1.0000000E+000, 2.2204460E-016, 1.0000000E+000
 5.5177941E+001, 1.0000000E+000, 1.0000000E+000, 2.2204460E-016, 1.0000000E+000
 5.5261472E+001, 1.0000000E+000, 1.0000000E+000, 2.2204460E-016, 1.0000000E+000
 5.5345004E+001, 1.0000000E+000, 1.0000000E+000, 2.2204460E-016, 1.0000000E+000
 5.5428535E+001, 1.0000000E+000, 1.0000000E+000, 2.2204460E-016, 1.0000000E+000
 5.5512067E+001, 1.0000000E+000, 1.0000000E+000, 2.2204460E-016, 1.0000000E+000
 5.5595598E+001, 1.0000000E+000, 1.0000000E+000, 2.2204460E-016, 1.0000000E+000
 5.5679129E+001, 1.0000000E+000, 1.0000000E+000, 2.2204460E-016, 1.0000000E+000
 5.5762661E+001, 1.0000000E+000, 1.0000000E+000, 2.2204460E-016, 1.0000000E+000
 5.5846192E+001, 1.0000000E+000, 1.0000000E+000, 2.2204460E-016, 1.0000000E+000
 5.5929723E+001, 1.0000000E+000, 1.0000000E+000, 2.2204460E-016, 1.0000000E+000
 5.6013255E+001, 1.0000000E+000, 1.0000000E+000, 2.2204460E-016, 1.0000000E+000
 5.6096786E+001, 1.0000000E+000, 1.0000000E+000, 2.2204460E-016, 1.0000000E+000
 5.6180318E+001, 1.0000000E+000, 1.0000000E+000, 4.4408921E-016, 1.0000000E+000
 5.6263849E+001, 1.0000000E+000, 1.0000000E+000, 2.2204460E-016, 1.0000000E+000
 5.6347380E+001, 1.0000000E+000, 1.0000000E+000, 2.2204460E-016, 1.0000000E+000
 5.6430912E+001, 1.0000000E+000, 1.0000000E+000, 2.2204460E-016, 1.0000000E+000
 5.6514443E+001, 1.0000000E+000, 1.0000000E+000, 2.2204460E-016, 1.0000000E+000
 5.6597974E+001, 1.0000000E+000, 1.0000000E+000, 2.2204460E-016, 1.0000000E+000
 5.6681506E+001, 1.0000000E+000, 1.0000000E+000, 2.2204460E-016, 1.0000000E+000
 5.6765037E+001, 1.0000000E+000, 1.0000000E+000, 2.2204460E-016, 1.0000000E+000
 5.6848569E+001, 1.0000000E+000, 1.0000000E+000, 2.2204460E-016, 1.0000000E+000
 5.6932100E+001, 1.0000000E+000, 1.0000000E+000, 2.2204460E-016, 1.0000000E+000
 5.7015631E+001, 1.0000000E+000, 1.0000000E+000, 2.2204460E-016, 1.0000000E+000
 5.7099163E+001, 1.0000000E+000, 1.0000000E+000, 2.2204460E-016, 1.0000000E+000
 5.7182694E+001, 1.0000000E+000, 1.0000000E+000, 2.2204460E-016, 1.0000000E+000
 5.7266225E+001, 1.0000000E+000, 1.0000000E+000, 4.4408921E-016, 1.0000000E+000
 5.7349757E+001, 1.0000000E+000, 1.0000000E+000, 2.2204460E-016, 1.0000000E+000
 5.7433288E+001, 1.0000000E+000, 1.0000000E+000, 2.2204460E-016, 1.0000000E+000
 5.7516820E+001, 1.0000000E+000, 1.0000000E+000, 4.4408921E-016, 1.0000000E+000
 5.7600351E+001, 1.0000000E+000, 1.0000000E+000, 2.2204460E-016, 1.0000000E+000
 5.7683882E+001, 1.0000000E+000, 1.0000000E+000, 4.4408921E-016, 1.0000000E+000
 5.7767414E+001, 1.0000000E+000, 1.0000000E+000, 2.2204460E-016, 1.0000000E+000
 5.7850945E+001, 1.0000000E+000, 1.0000000E+000, 2.2204460E-016, 1.0000000E+000
 5.7934477E+001, 1.0000000E+000, 1.0000000E+000, 2.2204460E-016, 1.0000000E+000
 5.8018008E+001, 1.0000000E+000, 1.0000000E+000, 2.2204460E-016, 1.0000000E+000
 5.8101539E+001, 1.0000000E+000, 1.0000000E+000, 2.2204460E-016, 1.0000000E+000
 5.8185071E+001, 1.0000000E+000, 1.0000000E+000, 2.2204460E-016, 1.0000000E+000
 5.8268602E+001, 1.0000000E+000, 1.0000000E+000, 4.4408921E-016, 1.0000000E+000
 5.8352133E+001, 1.0000000E+000, 1.0000000E+000, 2.2204460E-016, 1.0000000E+000
 5.8435665E+001, 1.0000000E+000, 1.0000000E+000, 2.2204460E-016, 1.0000000E+000
 5.8519196E+001, 1.0000000E+000, 1.0000000E+000, 2.2204460E-016, 1.0000000E+000
 5.8602728E+001, 1.0000000E+000, 1.0000000E+000, 4.4408921E-016, 1.0000000E+000
 5.8686259E+001, 1.0000000E+000, 1.0000000E+000, 2.2204460E-016, 1.0000000E+000
 5.8769790E+001, 1.0000000E+000, 1.0000000E+000, 2.2204460E-016, 1.0000000E+000
 5.8853322E+001, 1.0000000E+000, 1.0000000E+000, 2.2204460E-016, 1.0000000E+000
 5.8936853E+001, 1.0000000E+000, 1.0000000E+000, 2.2204460E-016, 1.0000000E+000
 5.9020384E+001, 1.0000000E+000, 1.0000000E+000, 4.4408921E-016, 1.0000000E+000
 5.9103916E+001, 1.0000000E+000, 1.0000000E+000, 4.4408921E-016, 1.0000000E+000
 5.9187447E+001, 1.0000000E+000, 1.0000000E+000, 2.2204460E-016, 1.0000000E+000
 5.9270979E+001, 1.0000000E+000, 1.0000000E+000, 2.2204460E-016, 1.0000000E+000
 5.9354510E+001, 1.0000000E+000, 1.0000000E+000, 2.2204460E-016, 1.0000000E+000
 5.9438041E+001, 1.0000000E+000, 1.0000000E+000, 4.4408921E-016, 1.0000000E+000
 5.9521573E+001, 1.0000000E+000, 1.0000000E+000, 2.2204460E-016, 1.0000000E+000
 5.9605104E+001, 1.0000000E+000, 1.0000000E+000, 2.2204460E-016, 1.0000000E+000
 5.9688635E+001, 1.0000000E+000, 1.0000000E+000, 4.4408921E-016, 1.0000000E+000
 5.9772167E+001, 1.0000000E+000, 1.0000000E+000, 2.2204460E-016, 1.0000000E+000
 5.9855698E+001, 1.0000000E+000, 1.0000000E+000, 2.2204460E-016, 1.0000000E+000
 5.9939230E+001, 1.0000000E+000, 1.0000000E+000, 2.2204460E-016, 1.0000000E+000
 6.0000000E+001, 1.0000000E+000, 1.0000000E+000, 2.2204460E-016, 1.0000000E+000
