s,Pa,m/s,,s
Time,"pres","error","iter","cpu"
 0.0000000E+000, 0.0000000E+000, 0.0000000E+000, 0.0000000E+000, 2.9234300E+000
 3.9528471E-003, 5.7310542E-002, 9.9882238E-006, 3.0440000E+003, 2.4401595E+002
 7.9056942E-003, 5.7927894E-002, 9.9941290E-006, 3.1700000E+002, 2.7576989E+002
 1.1858541E-002, 5.7969263E-002, 9.9816331E-006, 4.1000000E+001, 2.8061956E+002
 1.5811388E-002, 5.7978220E-002, 9.9925260E-006, 2.5000000E+001, 2.8401903E+002
 1.9764235E-002, 5.7970135E-002, 9.9507345E-006, 1.9000000E+001, 2.8660088E+002
 2.3717082E-002, 5.7951218E-002, 9.9903126E-006, 1.3000000E+001, 2.8871798E+002
 2.7669930E-002, 5.7924959E-002, 9.9624180E-006, 1.2000000E+001, 2.9056206E+002
 3.1622777E-002, 5.7893007E-002, 9.9538286E-006, 1.0000000E+001, 2.9214800E+002
 3.5575624E-002, 5.7856805E-002, 9.9456142E-006, 9.0000000E+000, 2.9365835E+002
 3.9528471E-002, 5.7817200E-002, 9.9807268E-006, 8.0000000E+000, 2.9508605E+002
 4.3481318E-002, 5.7775162E-002, 9.9838542E-006, 9.0000000E+000, 2.9639284E+002
 4.7434165E-002, 5.7730849E-002, 9.9873818E-006, 9.0000000E+000, 2.9790386E+002
 5.1387012E-002, 5.7686537E-002, 9.9850760E-006, 1.0000000E+001, 2.9930312E+002
 5.5339859E-002, 5.7644023E-002, 9.9532023E-006, 1.2000000E+001, 3.0133626E+002
 5.9292706E-002, 5.7605081E-002, 9.9972105E-006, 1.5000000E+001, 3.0330352E+002
 6.3245553E-002, 5.7584533E-002, 9.9932533E-006, 2.6000000E+001, 3.0635808E+002
 6.7198400E-002, 5.7605015E-002, 9.9885117E-006, 5.4000000E+001, 3.1205349E+002
 7.1151247E-002, 5.7612407E-002, 9.9905492E-006, 5.2000000E+001, 3.1774865E+002
 7.5104094E-002, 5.7577968E-002, 9.9819653E-006, 3.3000000E+001, 3.2098797E+002
 7.9056942E-002, 5.7526759E-002, 9.9825634E-006, 2.4000000E+001, 3.2366845E+002
 8.2485458E-002, 5.7483126E-002, 9.9610193E-006, 1.6000000E+001, 3.2650341E+002
 8.5913974E-002, 5.7432282E-002, 9.9840310E-006, 1.4000000E+001, 3.2872896E+002
 8.9342491E-002, 5.7381431E-002, 9.9869868E-006, 1.5000000E+001, 3.3088244E+002
 9.2352532E-002, 5.7347326E-002, 9.9768480E-006, 1.5000000E+001, 3.3319927E+002
 9.5362572E-002, 5.7305492E-002, 9.9793514E-006, 1.2000000E+001, 3.3515288E+002
 9.8372613E-002, 5.7280754E-002, 9.9892501E-006, 2.1000000E+001, 3.3814623E+002
 1.0138265E-001, 5.7266521E-002, 9.9913793E-006, 2.6000000E+001, 3.4159408E+002
 1.0400996E-001, 5.7268763E-002, 9.9986559E-006, 2.3000000E+001, 3.4535390E+002
 1.0663727E-001, 5.7246191E-002, 9.9774044E-006, 2.3000000E+001, 3.4828255E+002
 1.0926457E-001, 5.7209301E-002, 9.9906167E-006, 1.8000000E+001, 3.5083529E+002
 1.1189188E-001, 5.7164770E-002, 9.9835141E-006, 1.6000000E+001, 3.5315572E+002
 1.1451918E-001, 5.7116166E-002, 9.9748654E-006, 1.4000000E+001, 3.5508391E+002
 1.1682774E-001, 5.7078079E-002, 9.9978781E-006, 5.0000000E+000, 3.5675936E+002
 1.1913629E-001, 5.7042798E-002, 9.9760412E-006, 1.7000000E+001, 3.5875985E+002
 1.2144484E-001, 5.6995171E-002, 9.9093335E-006, 5.0000000E+000, 3.6070199E+002
 1.2375339E-001, 5.6963341E-002, 9.9964581E-006, 1.7000000E+001, 3.6262127E+002
 1.2606194E-001, 5.6924796E-002, 9.9946513E-006, 1.3000000E+001, 3.6441036E+002
 1.2837049E-001, 5.6900019E-002, 9.9694569E-006, 1.9000000E+001, 3.6683422E+002
 1.3042302E-001, 5.6892001E-002, 9.9936846E-006, 4.0000000E+000, 3.6898150E+002
 1.3247555E-001, 5.6893330E-002, 9.9977214E-006, 3.2000000E+001, 3.7236025E+002
 1.3452808E-001, 5.6856817E-002, 9.9779452E-006, 4.0000000E+000, 3.7410192E+002
 1.3658061E-001, 5.6837869E-002, 9.9948387E-006, 2.6000000E+001, 3.7729607E+002
 1.3863313E-001, 5.6791903E-002, 9.9536380E-006, 4.0000000E+000, 3.7910866E+002
 1.4068566E-001, 5.6760566E-002, 9.9820915E-006, 2.2000000E+001, 3.8167940E+002
 1.4273819E-001, 5.6709131E-002, 9.8917591E-006, 4.0000000E+000, 3.8294347E+002
 1.4479072E-001, 5.6673494E-002, 9.9800760E-006, 1.9000000E+001, 3.8515807E+002
 1.4661616E-001, 5.6632308E-002, 9.8838851E-006, 4.0000000E+000, 3.8647234E+002
 1.4844160E-001, 5.6602774E-002, 9.9705073E-006, 1.6000000E+001, 3.8845736E+002
 1.5026704E-001, 5.6560979E-002, 9.9100628E-006, 4.0000000E+000, 3.8981719E+002
 1.5209248E-001, 5.6540194E-002, 9.9737140E-006, 1.9000000E+001, 3.9260427E+002
 1.5391792E-001, 5.6501630E-002, 9.9292536E-006, 4.0000000E+000, 3.9413424E+002
 1.5574336E-001, 5.6486696E-002, 9.9719381E-006, 2.4000000E+001, 3.9669536E+002
 1.5756880E-001, 5.6450007E-002, 9.9473887E-006, 4.0000000E+000, 3.9836382E+002
 1.5939424E-001, 5.6435914E-002, 9.9999354E-006, 2.5000000E+001, 4.0137795E+002
 1.6121968E-001, 5.6396121E-002, 9.9843264E-006, 4.0000000E+000, 4.0334563E+002
 1.6304512E-001, 5.6375770E-002, 9.9747598E-006, 2.5000000E+001, 4.0595955E+002
 1.6468362E-001, 5.6338479E-002, 9.8752039E-006, 4.0000000E+000, 4.0754757E+002
 1.6632212E-001, 5.6311150E-002, 9.9629235E-006, 1.7000000E+001, 4.0967556E+002
 1.6796061E-001, 5.6270073E-002, 9.8953149E-006, 4.0000000E+000, 4.1104274E+002
 1.6959911E-001, 5.6242809E-002, 9.9942969E-006, 1.6000000E+001, 4.1290871E+002
 1.7123761E-001, 5.6201109E-002, 9.9146557E-006, 4.0000000E+000, 4.1446904E+002
 1.7287611E-001, 5.6173173E-002, 9.9801907E-006, 1.7000000E+001, 4.1660637E+002
 1.7451460E-001, 5.6128105E-002, 9.9119645E-006, 4.0000000E+000, 4.1810933E+002
 1.7615310E-001, 5.6103286E-002, 9.9918973E-006, 1.8000000E+001, 4.2012722E+002
 1.7779160E-001, 5.6062963E-002, 9.9183309E-006, 4.0000000E+000, 4.2152584E+002
 1.7943010E-001, 5.6040112E-002, 9.9640365E-006, 2.1000000E+001, 4.2397091E+002
 1.8106859E-001, 5.5999678E-002, 9.9014722E-006, 4.0000000E+000, 4.2525429E+002
 1.8270709E-001, 5.5978672E-002, 9.9887391E-006, 2.1000000E+001, 4.2808761E+002
 1.8434559E-001, 5.5938562E-002, 9.9592367E-006, 4.0000000E+000, 4.2926806E+002
 1.8581797E-001, 5.5930128E-002, 9.9754846E-006, 2.0000000E+001, 4.3231298E+002
 1.8729036E-001, 5.5887643E-002, 9.8628851E-006, 3.0000000E+000, 4.3381334E+002
 1.8876275E-001, 5.5866919E-002, 9.9942127E-006, 1.6000000E+001, 4.3601668E+002
 1.9023514E-001, 5.5826179E-002, 9.9584235E-006, 3.0000000E+000, 4.3740722E+002
 1.9170752E-001, 5.5805290E-002, 9.9892479E-006, 1.8000000E+001, 4.3945449E+002
 1.9317991E-001, 5.5759019E-002, 9.9845213E-006, 3.0000000E+000, 4.4057503E+002
 1.9465230E-001, 5.5735035E-002, 9.9596950E-006, 1.7000000E+001, 4.4290511E+002
 1.9612469E-001, 5.5690244E-002, 9.8733298E-006, 4.0000000E+000, 4.4393975E+002
 1.9759707E-001, 5.5665069E-002, 9.9886645E-006, 1.5000000E+001, 4.4607848E+002
 1.9906946E-001, 5.5624059E-002, 9.9442255E-006, 4.0000000E+000, 4.4725304E+002
 2.0054185E-001, 5.5600245E-002, 9.9970163E-006, 1.8000000E+001, 4.4973098E+002
 2.0201424E-001, 5.5557870E-002, 9.9107466E-006, 4.0000000E+000, 4.5123153E+002
 2.0348662E-001, 5.5534858E-002, 9.9811803E-006, 1.8000000E+001, 4.5308532E+002
 2.0495901E-001, 5.5493485E-002, 9.9071171E-006, 4.0000000E+000, 4.5480611E+002
 2.0643140E-001, 5.5471502E-002, 9.9670874E-006, 1.9000000E+001, 4.5694716E+002
 2.0790379E-001, 5.5428923E-002, 9.8965649E-006, 4.0000000E+000, 4.5853118E+002
 2.0937617E-001, 5.5403611E-002, 9.9684659E-006, 1.9000000E+001, 4.6041207E+002
 2.1070086E-001, 5.5370054E-002, 9.8753756E-006, 3.0000000E+000, 4.6205706E+002
 2.1202554E-001, 5.5350471E-002, 9.9812843E-006, 1.5000000E+001, 4.6373476E+002
 2.1335022E-001, 5.5311278E-002, 9.8781071E-006, 3.0000000E+000, 4.6488442E+002
 2.1467491E-001, 5.5288596E-002, 9.9801424E-006, 1.6000000E+001, 4.6694365E+002
 2.1599959E-001, 5.5246170E-002, 9.8756290E-006, 3.0000000E+000, 4.6809951E+002
 2.1732427E-001, 5.5222929E-002, 9.9861841E-006, 1.5000000E+001, 4.7011092E+002
 2.1864896E-001, 5.5182419E-002, 9.8755931E-006, 3.0000000E+000, 4.7119796E+002
 2.1997364E-001, 5.5158407E-002, 9.9676941E-006, 1.6000000E+001, 4.7310772E+002
 2.2129832E-001, 5.5114443E-002, 9.8657983E-006, 3.0000000E+000, 4.7430852E+002
 2.2262301E-001, 5.5092295E-002, 9.9942445E-006, 1.5000000E+001, 4.7624321E+002
 2.2394769E-001, 5.5050172E-002, 9.9125714E-006, 3.0000000E+000, 4.7736034E+002
 2.2527237E-001, 5.5029916E-002, 9.9893514E-006, 1.7000000E+001, 4.7945278E+002
 2.2659706E-001, 5.4984224E-002, 9.8995826E-006, 3.0000000E+000, 4.8058294E+002
 2.2792174E-001, 5.4963101E-002, 9.9715834E-006, 1.7000000E+001, 4.8275487E+002
 2.2924642E-001, 5.4919217E-002, 9.8805474E-006, 3.0000000E+000, 4.8392318E+002
 2.3057111E-001, 5.4897289E-002, 9.9680966E-006, 1.7000000E+001, 4.8613707E+002
 2.3189579E-001, 5.4855254E-002, 9.8768630E-006, 3.0000000E+000, 4.8740410E+002
 2.3322047E-001, 5.4832539E-002, 9.9625720E-006, 1.7000000E+001, 4.8957253E+002
 2.3454516E-001, 5.4787195E-002, 9.8854149E-006, 3.0000000E+000, 4.9080355E+002
 2.3586984E-001, 5.4764082E-002, 9.9758854E-006, 1.7000000E+001, 4.9288656E+002
 2.3719452E-001, 5.4720720E-002, 9.8823067E-006, 3.0000000E+000, 4.9403884E+002
 2.3851920E-001, 5.4696825E-002, 9.9961676E-006, 1.6000000E+001, 4.9611553E+002
 2.3984389E-001, 5.4652789E-002, 9.9173617E-006, 3.0000000E+000, 4.9736629E+002
 2.4103415E-001, 5.4638590E-002, 9.9728660E-006, 1.6000000E+001, 4.9936010E+002
 2.4222442E-001, 5.4571634E-002, 9.9176657E-006, 3.0000000E+000, 5.0012056E+002
 2.4341468E-001, 5.4575130E-002, 9.9899827E-006, 1.3000000E+001, 5.0225875E+002
 2.4460494E-001, 5.4507546E-002, 9.9348771E-006, 3.0000000E+000, 5.0302099E+002
 2.4579521E-001, 5.4513643E-002, 9.9700301E-006, 1.5000000E+001, 5.0535814E+002
 2.4698547E-001, 5.4445356E-002, 9.8870284E-006, 3.0000000E+000, 5.0604122E+002
 2.4817573E-001, 5.4444432E-002, 9.9914122E-006, 1.3000000E+001, 5.0797967E+002
 2.4936600E-001, 5.4375630E-002, 9.9757971E-006, 3.0000000E+000, 5.0906868E+002
 2.5055626E-001, 5.4387130E-002, 9.9872612E-006, 1.6000000E+001, 5.1149071E+002
 2.5174652E-001, 5.4317572E-002, 9.8955643E-006, 3.0000000E+000, 5.1229479E+002
 2.5293679E-001, 5.4315447E-002, 9.9923022E-006, 1.3000000E+001, 5.1437963E+002
 2.5412705E-001, 5.4272008E-002, 9.8898844E-006, 3.0000000E+000, 5.1565929E+002
 2.5531731E-001, 5.4253170E-002, 9.9974628E-006, 1.4000000E+001, 5.1769933E+002
 2.5650758E-001, 5.4209237E-002, 9.9121842E-006, 3.0000000E+000, 5.1876952E+002
 2.5769784E-001, 5.4190034E-002, 9.9716031E-006, 1.5000000E+001, 5.2095000E+002
 2.5888811E-001, 5.4118773E-002, 9.9445172E-006, 3.0000000E+000, 5.2168218E+002
 2.6007837E-001, 5.4122516E-002, 9.9818076E-006, 1.5000000E+001, 5.2365642E+002
 2.6126863E-001, 5.4050626E-002, 9.9057090E-006, 3.0000000E+000, 5.2467785E+002
 2.6245890E-001, 5.4050478E-002, 9.9833110E-006, 1.3000000E+001, 5.2660198E+002
 2.6364916E-001, 5.3978072E-002, 9.9489769E-006, 3.0000000E+000, 5.2740703E+002
 2.6483942E-001, 5.3984376E-002, 9.9697521E-006, 1.6000000E+001, 5.2966802E+002
 2.6602969E-001, 5.3911304E-002, 9.8967821E-006, 3.0000000E+000, 5.3036297E+002
 2.6721995E-001, 5.3910309E-002, 9.9746856E-006, 1.4000000E+001, 5.3248900E+002
 2.6841021E-001, 5.3866738E-002, 9.8671330E-006, 3.0000000E+000, 5.3361608E+002
 2.6960048E-001, 5.3845067E-002, 9.9940864E-006, 1.4000000E+001, 5.3576623E+002
 2.7079074E-001, 5.3806900E-002, 9.9159712E-006, 3.0000000E+000, 5.3699071E+002
 2.7317127E-001, 5.3762139E-002, 9.9314624E-006, 9.5000000E+000, 5.3952724E+002
 2.7436153E-001, 5.3713813E-002, 9.9877169E-006, 1.4000000E+001, 5.4209728E+002
 2.7674206E-001, 5.3658602E-002, 9.9352331E-006, 9.0000000E+000, 5.4438854E+002
 2.7887797E-001, 5.3595229E-002, 9.8918016E-006, 3.0000000E+000, 5.4740597E+002
 2.8101388E-001, 5.3535322E-002, 9.9279503E-006, 9.5000000E+000, 5.5033092E+002
 2.8208184E-001, 5.3487846E-002, 9.9251750E-006, 3.0000000E+000, 5.5233019E+002
 2.8421775E-001, 5.3436073E-002, 9.9478222E-006, 9.0000000E+000, 5.5419320E+002
 2.8635366E-001, 5.3390710E-002, 9.9810159E-006, 1.0000000E+001, 5.5744060E+002
 2.8848957E-001, 5.3308655E-002, 9.9124912E-006, 3.0000000E+000, 5.5999590E+002
 2.9062548E-001, 5.3254968E-002, 9.9325235E-006, 1.0000000E+001, 5.6295498E+002
 2.9276139E-001, 5.3202349E-002, 9.9782059E-006, 1.0000000E+001, 5.6601131E+002
 2.9489730E-001, 5.3119370E-002, 9.9281450E-006, 3.0000000E+000, 5.6846273E+002
 2.9703321E-001, 5.3058645E-002, 9.9530490E-006, 9.5000000E+000, 5.7152239E+002
 2.9810117E-001, 5.3014124E-002, 9.9734647E-006, 3.0000000E+000, 5.7334630E+002
 3.0023708E-001, 5.2958098E-002, 9.9044329E-006, 1.0000000E+001, 5.7556771E+002
 3.0237299E-001, 5.2897223E-002, 9.9555513E-006, 9.0000000E+000, 5.7817806E+002
 3.0450890E-001, 5.2816057E-002, 9.9731923E-006, 7.5000000E+000, 5.8089769E+002
 3.0664481E-001, 5.2748987E-002, 9.9740714E-006, 8.5000000E+000, 5.8343956E+002
 3.0878072E-001, 5.2680449E-002, 9.9435643E-006, 7.5000000E+000, 5.8621441E+002
 3.1091663E-001, 5.2623507E-002, 9.9375421E-006, 8.0000000E+000, 5.8904061E+002
 3.1305254E-001, 5.2554904E-002, 9.9534945E-006, 7.5000000E+000, 5.9164052E+002
 3.1412050E-001, 5.2499534E-002, 9.9291967E-006, 3.0000000E+000, 5.9352215E+002
 3.1625641E-001, 5.2439343E-002, 9.9741342E-006, 8.0000000E+000, 5.9558568E+002
 3.1839232E-001, 5.2369296E-002, 9.9365893E-006, 8.0000000E+000, 5.9862743E+002
 3.2041996E-001, 5.2322447E-002, 9.9744412E-006, 9.1529148E+000, 6.0158819E+002
 3.2233932E-001, 5.2237382E-002, 9.8453005E-006, 3.0000000E+000, 6.0447976E+002
 3.2425869E-001, 5.2206374E-002, 9.9739417E-006, 9.5000000E+000, 6.0758861E+002
 3.2617806E-001, 5.2125887E-002, 9.9145243E-006, 3.0000000E+000, 6.1010152E+002
 3.2809743E-001, 5.2069961E-002, 9.9543879E-006, 8.0000000E+000, 6.1300301E+002
 3.3001680E-001, 5.2025782E-002, 9.9820426E-006, 9.0000000E+000, 6.1592528E+002
 3.3289585E-001, 5.1925946E-002, 9.9159302E-006, 5.6666667E+000, 6.1911044E+002
 3.3481522E-001, 5.1837078E-002, 9.9786431E-006, 6.5000000E+000, 6.2229705E+002
 3.3673458E-001, 5.1768167E-002, 9.9563692E-006, 3.0000000E+000, 6.2504860E+002
 3.3865395E-001, 5.1708857E-002, 9.9410789E-006, 8.5000000E+000, 6.2829796E+002
 3.4057332E-001, 5.1652981E-002, 9.9634662E-006, 8.0000000E+000, 6.3124041E+002
 3.4249269E-001, 5.1575337E-002, 9.9743379E-006, 6.5000000E+000, 6.3431423E+002
 3.4441206E-001, 5.1522372E-002, 9.9707342E-006, 7.0000000E+000, 6.3720043E+002
 3.4633142E-001, 5.1461241E-002, 9.9690386E-006, 7.0000000E+000, 6.4005385E+002
 3.4825079E-001, 5.1388176E-002, 9.9818990E-006, 7.0000000E+000, 6.4279925E+002
 3.5017016E-001, 5.1317399E-002, 9.9684574E-006, 3.5000000E+000, 6.4556997E+002
 3.5208953E-001, 5.1250567E-002, 9.9715300E-006, 7.5000000E+000, 6.4870488E+002
 3.5400890E-001, 5.1191874E-002, 9.9915526E-006, 8.0000000E+000, 6.5147133E+002
 3.5688795E-001, 5.1092982E-002, 9.9673500E-006, 6.6666667E+000, 6.5509461E+002
 3.5880732E-001, 5.1002530E-002, 9.9696377E-006, 6.0000000E+000, 6.5874700E+002
 3.6072668E-001, 5.0955233E-002, 9.9869937E-006, 8.0000000E+000, 6.6249495E+002
 3.6264605E-001, 5.0882937E-002, 9.9888734E-006, 6.5000000E+000, 6.6552852E+002
 3.6456542E-001, 5.0824889E-002, 9.9842186E-006, 7.5000000E+000, 6.6854577E+002
 3.6648479E-001, 5.0746809E-002, 9.9954266E-006, 6.5000000E+000, 6.7145943E+002
 3.6830816E-001, 5.0675102E-002, 9.9869769E-006, 4.5263249E+000, 6.7417871E+002
 3.7003553E-001, 5.0616202E-002, 9.9950921E-006, 5.0000000E+000, 6.7692330E+002
 3.7262658E-001, 5.0534095E-002, 9.9916582E-006, 5.0000000E+000, 6.8025807E+002
 3.7435395E-001, 5.0451096E-002, 9.9913008E-006, 6.0000000E+000, 6.8369552E+002
 3.7608131E-001, 5.0396694E-002, 9.9895382E-006, 7.0000000E+000, 6.8625478E+002
 3.7867237E-001, 5.0325622E-002, 9.9886842E-006, 5.0000000E+000, 6.8959921E+002
 3.8039974E-001, 5.0256952E-002, 9.9876276E-006, 6.5000000E+000, 6.9319842E+002
 3.8212710E-001, 5.0200548E-002, 9.9935834E-006, 6.5000000E+000, 6.9615685E+002
 3.8471816E-001, 5.0117618E-002, 9.9935154E-006, 5.6666667E+000, 6.9949592E+002
 3.8644552E-001, 5.0026968E-002, 9.9962838E-006, 5.0000000E+000, 7.0251870E+002
 3.8817289E-001, 4.9951541E-002, 9.9836071E-006, 5.0000000E+000, 7.0489766E+002
 3.9076395E-001, 4.9863575E-002, 9.9836179E-006, 5.3333333E+000, 7.0802202E+002
 3.9249131E-001, 4.9783463E-002, 9.9870765E-006, 5.5000000E+000, 7.1111495E+002
 3.9421868E-001, 4.9727822E-002, 9.9837064E-006, 6.5000000E+000, 7.1361251E+002
 3.9680973E-001, 4.9665492E-002, 9.9860374E-006, 6.6666667E+000, 7.1723192E+002
 3.9853710E-001, 4.9597200E-002, 9.9929628E-006, 6.5000000E+000, 7.2076845E+002
 4.0026447E-001, 4.9531358E-002, 9.9802517E-006, 6.5000000E+000, 7.2352364E+002
 4.0285552E-001, 4.9437660E-002, 9.9876506E-006, 5.3333333E+000, 7.2653521E+002
 4.0458289E-001, 4.9334090E-002, 9.9856549E-006, 4.5000000E+000, 7.2940847E+002
 4.0631026E-001, 4.9255249E-002, 9.9816268E-006, 5.0000000E+000, 7.3169970E+002
 4.0803763E-001, 4.9179002E-002, 9.9816648E-006, 5.0000000E+000, 7.3417360E+002
 4.1062868E-001, 4.9103841E-002, 9.9894884E-006, 6.0000000E+000, 7.3738598E+002
 4.1235605E-001, 4.9042739E-002, 9.9835780E-006, 7.0000000E+000, 7.4076671E+002
 4.1408342E-001, 4.9004604E-002, 9.9839911E-006, 8.0000000E+000, 7.4361388E+002
 4.1667447E-001, 4.8938647E-002, 9.9917142E-006, 7.0000000E+000, 7.4699769E+002
 4.1840184E-001, 4.8844272E-002, 9.9947383E-006, 5.5000000E+000, 7.5031102E+002
 4.2012921E-001, 4.8755439E-002, 9.9768533E-006, 5.0000000E+000, 7.5250597E+002
 4.2263291E-001, 4.8646905E-002, 9.9742361E-006, 4.3449628E+000, 7.5553645E+002
 4.2418558E-001, 4.8549183E-002, 9.9733074E-006, 4.0000000E+000, 7.5854757E+002
 4.2651458E-001, 4.8458175E-002, 9.9633951E-006, 4.0000000E+000, 7.6103199E+002
 4.2806725E-001, 4.8400515E-002, 9.9821059E-006, 5.5000000E+000, 7.6388381E+002
 4.3039625E-001, 4.8371292E-002, 9.9853448E-006, 7.0000000E+000, 7.6734531E+002
 4.3272525E-001, 4.8341089E-002, 9.9920842E-006, 7.3333333E+000, 7.7201759E+002
 4.3427792E-001, 4.8268050E-002, 9.9916276E-006, 5.5000000E+000, 7.7540050E+002
 4.3660692E-001, 4.8157748E-002, 9.9769255E-006, 4.0000000E+000, 7.7822075E+002
 4.3815959E-001, 4.8042031E-002, 9.9906359E-006, 3.5000000E+000, 7.8105718E+002
 4.4048859E-001, 4.7944237E-002, 9.9443702E-006, 4.3333333E+000, 7.8360438E+002
 4.4204126E-001, 4.7833877E-002, 9.9166941E-006, 3.5000000E+000, 7.8602721E+002
 4.4437026E-001, 4.7727294E-002, 9.9452919E-006, 3.6666667E+000, 7.8849610E+002
 4.4669926E-001, 4.7645351E-002, 9.9688428E-006, 6.0000000E+000, 7.9165351E+002
 4.4825193E-001, 4.7653706E-002, 9.9909551E-006, 8.5000000E+000, 7.9558434E+002
 4.5058093E-001, 4.7642059E-002, 9.9854517E-006, 8.6666667E+000, 7.9975738E+002
 4.5213360E-001, 4.7568242E-002, 9.9708084E-006, 6.0000000E+000, 8.0310634E+002
 4.5446260E-001, 4.7449994E-002, 9.9551463E-006, 4.0000000E+000, 8.0637796E+002
 4.5601527E-001, 4.7323833E-002, 9.9304546E-006, 3.5000000E+000, 8.0911052E+002
 4.5834427E-001, 4.7232434E-002, 9.8903477E-006, 4.3333333E+000, 8.1199682E+002
 4.6067327E-001, 4.7088939E-002, 9.9223092E-006, 3.6666667E+000, 8.1503307E+002
 4.6222594E-001, 4.6979595E-002, 9.9614100E-006, 3.5000000E+000, 8.1755971E+002
 4.6455494E-001, 4.6886473E-002, 9.9335327E-006, 4.6666667E+000, 8.2036048E+002
 4.6610761E-001, 4.6880284E-002, 9.9771085E-006, 9.0000000E+000, 8.2385582E+002
 4.6843661E-001, 4.6889684E-002, 9.9755791E-006, 9.6666667E+000, 8.2798441E+002
 4.7076561E-001, 4.6813448E-002, 9.9448445E-006, 7.0000000E+000, 8.3246174E+002
 4.7231828E-001, 4.6698890E-002, 9.9525646E-006, 4.5000000E+000, 8.3553991E+002
 4.7464728E-001, 4.6574403E-002, 9.9441510E-006, 3.6666667E+000, 8.3842042E+002
 4.7619995E-001, 4.6483352E-002, 9.9467042E-006, 5.0000000E+000, 8.4119436E+002
 4.7852895E-001, 4.6360882E-002, 9.9130651E-006, 3.3333333E+000, 8.4373044E+002
 4.8008162E-001, 4.6246028E-002, 9.9516221E-006, 3.5000000E+000, 8.4620144E+002
 4.8241062E-001, 4.6139609E-002, 9.9400323E-006, 4.3333333E+000, 8.4873756E+002
 4.8458342E-001, 4.6106008E-002, 9.9733787E-006, 7.2854062E+000, 8.5298367E+002
 4.8667811E-001, 4.6114154E-002, 9.9611438E-006, 8.3333333E+000, 8.5766397E+002
 4.8807457E-001, 4.6070121E-002, 9.9654517E-006, 7.0000000E+000, 8.6114950E+002
 4.9016927E-001, 4.5983924E-002, 9.9668840E-006, 4.6666667E+000, 8.6457860E+002
 4.9226397E-001, 4.5855076E-002, 9.8669110E-006, 3.6666667E+000, 8.6821744E+002
 4.9435866E-001, 4.5735616E-002, 9.9125069E-006, 3.6666667E+000, 8.7128763E+002
 4.9645336E-001, 4.5613248E-002, 9.9318961E-006, 2.6666667E+000, 8.7421115E+002
 4.9854805E-001, 4.5484035E-002, 9.9097300E-006, 3.0000000E+000, 8.7710690E+002
 5.0064275E-001, 4.5363730E-002, 9.9048184E-006, 3.6666667E+000, 8.7988722E+002
 5.0203921E-001, 4.5306404E-002, 9.9872655E-006, 5.5000000E+000, 8.8275957E+002
 5.0413391E-001, 4.5309855E-002, 9.9644193E-006, 8.3333333E+000, 8.8663185E+002
 5.0622860E-001, 4.5291037E-002, 9.9664295E-006, 7.6666667E+000, 8.9148207E+002
 5.0832330E-001, 4.5208262E-002, 9.9450433E-006, 5.3333333E+000, 8.9558912E+002
 5.1041799E-001, 4.5086903E-002, 9.9583938E-006, 3.6666667E+000, 8.9864529E+002
 5.1251269E-001, 4.4966734E-002, 9.9613200E-006, 3.6666667E+000, 9.0177904E+002
 5.1460738E-001, 4.4847418E-002, 9.9668956E-006, 3.0000000E+000, 9.0468944E+002
 5.1600385E-001, 4.4735605E-002, 9.8906603E-006, 3.0000000E+000, 9.0697664E+002
 5.1809854E-001, 4.4628090E-002, 9.9195081E-006, 3.0000000E+000, 9.0930781E+002
 5.2019324E-001, 4.4536130E-002, 9.8893130E-006, 5.3333333E+000, 9.1258560E+002
 5.2228794E-001, 4.4518347E-002, 9.9639847E-006, 7.6666667E+000, 9.1705934E+002
 5.2438263E-001, 4.4505056E-002, 9.9827115E-006, 7.6666667E+000, 9.2173465E+002
 5.2647733E-001, 4.4424659E-002, 9.9816144E-006, 5.6666667E+000, 9.2579925E+002
 5.2857202E-001, 4.4307384E-002, 9.9296264E-006, 4.0000000E+000, 9.2918130E+002
 5.3066672E-001, 4.4181992E-002, 9.9390337E-006, 3.3333333E+000, 9.3217457E+002
 5.3206318E-001, 4.4089485E-002, 9.9642536E-006, 3.0000000E+000, 9.3473140E+002
 5.3415788E-001, 4.3979026E-002, 9.9652281E-006, 3.3333333E+000, 9.3708658E+002
 5.3625257E-001, 4.3848414E-002, 9.9042564E-006, 3.0000000E+000, 9.4002703E+002
 5.3834727E-001, 4.3753251E-002, 9.8856695E-006, 5.3333333E+000, 9.4372088E+002
 5.4044196E-001, 4.3734251E-002, 9.9449376E-006, 7.6666667E+000, 9.4776761E+002
 5.4253666E-001, 4.3716558E-002, 9.9631230E-006, 7.6666667E+000, 9.5216411E+002
 5.4463135E-001, 4.3637575E-002, 9.9549089E-006, 5.6666667E+000, 9.5617538E+002
 5.4602782E-001, 4.3540796E-002, 9.9286887E-006, 4.0000000E+000, 9.5911113E+002
 5.4812251E-001, 4.3426478E-002, 9.9094896E-006, 3.0000000E+000, 9.6191021E+002
 5.5021721E-001, 4.3318865E-002, 9.9124560E-006, 4.0000000E+000, 9.6515622E+002
 5.5231191E-001, 4.3183958E-002, 9.9005822E-006, 3.0000000E+000, 9.6778685E+002
 5.5440660E-001, 4.3058416E-002, 9.9423464E-006, 3.0000000E+000, 9.7055529E+002
 5.5636063E-001, 4.2966070E-002, 9.9404572E-006, 4.3213352E+000, 9.7363301E+002
 5.5824432E-001, 4.2947541E-002, 9.9457751E-006, 6.3333333E+000, 9.7766041E+002
 5.6012801E-001, 4.2937535E-002, 9.9360810E-006, 7.0000000E+000, 9.8165992E+002
 5.6201171E-001, 4.2882689E-002, 9.9669978E-006, 5.3333333E+000, 9.8546813E+002
 5.6452330E-001, 4.2768789E-002, 9.9459093E-006, 3.2500000E+000, 9.8936751E+002
 5.6640699E-001, 4.2629592E-002, 9.8100406E-006, 3.3333333E+000, 9.9274006E+002
 5.6829069E-001, 4.2533053E-002, 9.9703735E-006, 2.6666667E+000, 9.9568686E+002
 5.7017438E-001, 4.2410266E-002, 9.9227974E-006, 2.6666667E+000, 9.9828095E+002
 5.7205807E-001, 4.2292490E-002, 9.9369098E-006, 2.6666667E+000, 1.0012837E+003
 5.7456966E-001, 4.2172416E-002, 9.9684518E-006, 3.2500000E+000, 1.0047424E+003
 5.7645336E-001, 4.2128231E-002, 9.9490403E-006, 6.0000000E+000, 1.0089647E+003
 5.7833705E-001, 4.2123334E-002, 9.9708109E-006, 7.0000000E+000, 1.0132756E+003
 5.8022074E-001, 4.2083718E-002, 9.9775536E-006, 5.6666667E+000, 1.0173027E+003
 5.8210444E-001, 4.1994209E-002, 9.9502268E-006, 4.0000000E+000, 1.0211978E+003
 5.8461603E-001, 4.1856729E-002, 9.8634785E-006, 3.0000000E+000, 1.0246409E+003
 5.8649972E-001, 4.1741397E-002, 9.9279448E-006, 3.0000000E+000, 1.0278085E+003
 5.8838341E-001, 4.1617029E-002, 9.8572522E-006, 3.0000000E+000, 1.0304840E+003
 5.9026711E-001, 4.1492669E-002, 9.8286385E-006, 2.3333333E+000, 1.0332018E+003
 5.9215080E-001, 4.1386589E-002, 9.9200406E-006, 3.3333333E+000, 1.0360297E+003
 5.9403449E-001, 4.1327102E-002, 9.9296509E-006, 5.0000000E+000, 1.0393132E+003
 5.9654609E-001, 4.1317290E-002, 9.9580096E-006, 6.7500000E+000, 1.0439131E+003
 5.9842978E-001, 4.1273212E-002, 9.9789627E-006, 5.6666667E+000, 1.0485003E+003
 6.0031347E-001, 4.1188143E-002, 9.9380321E-006, 4.0000000E+000, 1.0520955E+003
 6.0219717E-001, 4.1072309E-002, 9.8334102E-006, 3.3333333E+000, 1.0551256E+003
 6.0408086E-001, 4.0963695E-002, 9.8475595E-006, 3.0000000E+000, 1.0581529E+003
 6.0659245E-001, 4.0829945E-002, 9.8479886E-006, 3.0000000E+000, 1.0614953E+003
 6.0847614E-001, 4.0676734E-002, 9.5650906E-006, 3.0000000E+000, 1.0646252E+003
 6.1035984E-001, 4.0578660E-002, 9.7851305E-006, 3.3333333E+000, 1.0675675E+003
 6.1224353E-001, 4.0539908E-002, 9.9358125E-006, 6.0000000E+000, 1.0714308E+003
 6.1412722E-001, 4.0523582E-002, 9.9477429E-006, 6.3333333E+000, 1.0759215E+003
 6.1601092E-001, 4.0481294E-002, 9.9737453E-006, 5.6666667E+000, 1.0800138E+003
 6.1852251E-001, 4.0383005E-002, 9.9329971E-006, 4.0000000E+000, 1.0840540E+003
 6.2040620E-001, 4.0249975E-002, 9.7923542E-006, 3.3333333E+000, 1.0878243E+003
 6.2228989E-001, 4.0133249E-002, 9.6231659E-006, 3.3333333E+000, 1.0908946E+003
 6.2417359E-001, 4.0015954E-002, 9.7429281E-006, 3.3333333E+000, 1.0936808E+003
 6.2605728E-001, 3.9890999E-002, 9.4461729E-006, 3.0000000E+000, 1.0965210E+003
 6.2856887E-001, 3.9805049E-002, 9.8956646E-006, 4.2500000E+000, 1.1004849E+003
 6.3045257E-001, 3.9766594E-002, 9.9289293E-006, 6.0000000E+000, 1.1051389E+003
 6.3233626E-001, 3.9732646E-002, 9.9583557E-006, 6.0000000E+000, 1.1090706E+003
 6.3421995E-001, 3.9667713E-002, 9.9624025E-006, 4.6666667E+000, 1.1128459E+003
 6.3610364E-001, 3.9573727E-002, 9.9394427E-006, 3.6666667E+000, 1.1163235E+003
 6.3861524E-001, 3.9440968E-002, 9.7202824E-006, 3.7500000E+000, 1.1197761E+003
 6.4037331E-001, 3.9308495E-002, 9.2414557E-006, 3.3571506E+000, 1.1231198E+003
 6.4206858E-001, 3.9207579E-002, 9.2776948E-006, 3.0000000E+000, 1.1260687E+003
 6.4432893E-001, 3.9095336E-002, 9.5360900E-006, 3.0000000E+000, 1.1292473E+003
 6.4602420E-001, 3.9029454E-002, 9.9255509E-006, 3.6666667E+000, 1.1330195E+003
 6.4828456E-001, 3.8991369E-002, 9.9690531E-006, 4.5000000E+000, 1.1374613E+003
 6.5054491E-001, 3.8921465E-002, 9.9319851E-006, 4.2500000E+000, 1.1425805E+003
 6.5224018E-001, 3.8840322E-002, 9.9181404E-006, 3.6666667E+000, 1.1464857E+003
 6.5450054E-001, 3.8741649E-002, 9.8264091E-006, 3.2500000E+000, 1.1501364E+003
 6.5619580E-001, 3.8630723E-002, 9.4525143E-006, 3.6666667E+000, 1.1535296E+003
 6.5845616E-001, 3.8519103E-002, 9.4257783E-006, 3.2500000E+000, 1.1573060E+003
 6.6015143E-001, 3.8404891E-002, 9.4756214E-006, 3.3333333E+000, 1.1608739E+003
 6.6241178E-001, 3.8309767E-002, 9.7337488E-006, 3.2500000E+000, 1.1643348E+003
 6.6410705E-001, 3.8243044E-002, 9.8838395E-006, 4.0000000E+000, 1.1679551E+003
 6.6636740E-001, 3.8167895E-002, 9.9385779E-006, 3.7500000E+000, 1.1716083E+003
 6.6806267E-001, 3.8094374E-002, 9.9538644E-006, 3.6666667E+000, 1.1751598E+003
 6.7032303E-001, 3.8015851E-002, 9.9265910E-006, 3.5000000E+000, 1.1788914E+003
 6.7201829E-001, 3.7929649E-002, 9.7522867E-006, 4.0000000E+000, 1.1824445E+003
 6.7427865E-001, 3.7826664E-002, 9.5503408E-006, 4.0000000E+000, 1.1864220E+003
 6.7653901E-001, 3.7706597E-002, 9.4087656E-006, 4.0000000E+000, 1.1906066E+003
 6.7823427E-001, 3.7603578E-002, 9.3669858E-006, 4.0000000E+000, 1.1943642E+003
 6.8049463E-001, 3.7502999E-002, 9.3207360E-006, 4.0000000E+000, 1.1981193E+003
 6.8218990E-001, 3.7402106E-002, 9.2204294E-006, 4.0000000E+000, 1.2019993E+003
 6.8445025E-001, 3.7302282E-002, 9.0996495E-006, 4.0000000E+000, 1.2055776E+003
 6.8614552E-001, 3.7203659E-002, 8.9945158E-006, 4.0000000E+000, 1.2092325E+003
 6.8840588E-001, 3.7105683E-002, 9.0753886E-006, 4.0000000E+000, 1.2127259E+003
 6.9010114E-001, 3.7007615E-002, 9.4589324E-006, 4.0000000E+000, 1.2161720E+003
 6.9236150E-001, 3.6909248E-002, 9.6067013E-006, 4.2500000E+000, 1.2198357E+003
 6.9405676E-001, 3.6810624E-002, 9.1558133E-006, 4.3333333E+000, 1.2235599E+003
 6.9631712E-001, 3.6714444E-002, 9.4054942E-006, 4.2500000E+000, 1.2271681E+003
 6.9801239E-001, 3.6622003E-002, 9.2887705E-006, 4.3333333E+000, 1.2311091E+003
 7.0027274E-001, 3.6530568E-002, 9.1245396E-006, 4.5000000E+000, 1.2350102E+003
 7.0253310E-001, 3.6429675E-002, 8.5779854E-006, 4.7500000E+000, 1.2395832E+003
 7.0422837E-001, 3.6344450E-002, 8.8054462E-006, 4.6666667E+000, 1.2431754E+003
 7.0648872E-001, 3.6254459E-002, 7.9127831E-006, 5.0000000E+000, 1.2471560E+003
 7.0818399E-001, 3.6160390E-002, 8.5625781E-006, 5.0000000E+000, 1.2518167E+003
 7.1044435E-001, 3.6063487E-002, 9.1191490E-006, 5.0000000E+000, 1.2557766E+003
 7.1213961E-001, 3.5967778E-002, 8.9331754E-006, 5.3333333E+000, 1.2598582E+003
 7.1439997E-001, 3.5871464E-002, 8.8242489E-006, 5.2500000E+000, 1.2640747E+003
 7.1609524E-001, 3.5771373E-002, 8.3750291E-006, 5.6666667E+000, 1.2681685E+003
 7.1835559E-001, 3.5671119E-002, 8.9985998E-006, 5.5000000E+000, 1.2723741E+003
 7.2005086E-001, 3.5569352E-002, 8.3476778E-006, 6.0000000E+000, 1.2764592E+003
 7.2231121E-001, 3.5466814E-002, 8.2305753E-006, 6.0000000E+000, 1.2807537E+003
 7.2400648E-001, 3.5364751E-002, 8.4749218E-006, 6.0000000E+000, 1.2847617E+003
 7.2626684E-001, 3.5268116E-002, 8.6355134E-006, 6.0000000E+000, 1.2887124E+003
 7.2852719E-001, 3.5162543E-002, 8.9347723E-006, 6.0000000E+000, 1.2936945E+003
 7.3022246E-001, 3.5072985E-002, 9.1286285E-006, 6.0000000E+000, 1.2978957E+003
 7.3248282E-001, 3.4990134E-002, 9.3872175E-006, 6.0000000E+000, 1.3023240E+003
 7.3417808E-001, 3.4907985E-002, 9.7163231E-006, 6.0000000E+000, 1.3064339E+003
 7.3643844E-001, 3.4826274E-002, 8.8095095E-006, 6.5000000E+000, 1.3106561E+003
 7.3807706E-001, 3.4745920E-002, 8.6127924E-006, 6.3448564E+000, 1.3155186E+003
 7.4011083E-001, 3.4672710E-002, 8.5228300E-006, 6.0000000E+000, 1.3199360E+003
 7.4214460E-001, 3.4588871E-002, 8.8267386E-006, 6.0000000E+000, 1.3244326E+003
 7.4417837E-001, 3.4506364E-002, 9.4646325E-006, 6.0000000E+000, 1.3292247E+003
 7.4621215E-001, 3.4416997E-002, 8.9588005E-006, 6.5000000E+000, 1.3340346E+003
 7.4824592E-001, 3.4319617E-002, 9.2404727E-006, 6.5000000E+000, 1.3391602E+003
 7.5027969E-001, 3.4218578E-002, 8.9655927E-006, 6.7500000E+000, 1.3445589E+003
 7.5231346E-001, 3.4117629E-002, 8.7590782E-006, 7.0000000E+000, 1.3496505E+003
 7.5434723E-001, 3.4018938E-002, 8.9268247E-006, 7.0000000E+000, 1.3547137E+003
 7.5638101E-001, 3.3923672E-002, 9.1897529E-006, 7.0000000E+000, 1.3599585E+003
 7.5841478E-001, 3.3833081E-002, 9.3992925E-006, 7.0000000E+000, 1.3653659E+003
 7.6044855E-001, 3.3747809E-002, 9.5555116E-006, 7.0000000E+000, 1.3704852E+003
 7.6248232E-001, 3.3667814E-002, 9.7546378E-006, 7.0000000E+000, 1.3758557E+003
 7.6400765E-001, 3.3601286E-002, 9.4662745E-006, 7.3333333E+000, 1.3806021E+003
 7.6604142E-001, 3.3536567E-002, 8.9759117E-006, 7.5000000E+000, 1.3858182E+003
 7.6807519E-001, 3.3464036E-002, 9.1681307E-006, 7.5000000E+000, 1.3914638E+003
 7.7010896E-001, 3.3391056E-002, 8.8408698E-006, 8.0000000E+000, 1.3974409E+003
 7.7214274E-001, 3.3312489E-002, 9.2327439E-006, 8.0000000E+000, 1.4030871E+003
 7.7417651E-001, 3.3227970E-002, 9.7500871E-006, 8.0000000E+000, 1.4089740E+003
 7.7621028E-001, 3.3138811E-002, 9.3437778E-006, 8.5000000E+000, 1.4149528E+003
 7.7824405E-001, 3.3046127E-002, 9.1443932E-006, 8.7500000E+000, 1.4208854E+003
 7.8027782E-001, 3.2954537E-002, 9.0052557E-006, 9.0000000E+000, 1.4270777E+003
 7.8231160E-001, 3.2866296E-002, 9.1971242E-006, 9.0000000E+000, 1.4333046E+003
 7.8434537E-001, 3.2783512E-002, 9.3116064E-006, 9.0000000E+000, 1.4393913E+003
 7.8637914E-001, 3.2707914E-002, 9.5046757E-006, 9.0000000E+000, 1.4454815E+003
 7.8841291E-001, 3.2638321E-002, 9.8017993E-006, 9.0000000E+000, 1.4514337E+003
 7.9044668E-001, 3.2570876E-002, 9.2661303E-006, 9.5000000E+000, 1.4575723E+003
 7.9248045E-001, 3.2502692E-002, 9.2550047E-006, 9.7500000E+000, 1.4637476E+003
 7.9400578E-001, 3.2441877E-002, 9.0122911E-006, 1.0000000E+001, 1.4689187E+003
 7.9603955E-001, 3.2377780E-002, 9.4018232E-006, 1.0000000E+001, 1.4740867E+003
 7.9807333E-001, 3.2300186E-002, 9.6488320E-006, 1.0250000E+001, 1.4805198E+003
 8.0010710E-001, 3.2216495E-002, 9.4393405E-006, 1.0500000E+001, 1.4866911E+003
 8.0214087E-001, 3.2132148E-002, 9.3804287E-006, 1.0750000E+001, 1.4928588E+003
 8.0417464E-001, 3.2052516E-002, 9.2647300E-006, 1.1000000E+001, 1.4986957E+003
 8.0620841E-001, 3.1976921E-002, 9.4342694E-006, 1.1000000E+001, 1.5047199E+003
 8.0824219E-001, 3.1905490E-002, 9.5853002E-006, 1.1000000E+001, 1.5109444E+003
 8.1027596E-001, 3.1838814E-002, 9.7794820E-006, 1.1000000E+001, 1.5171890E+003
 8.1230973E-001, 3.1774647E-002, 9.5255840E-006, 1.1500000E+001, 1.5230736E+003
 8.1434350E-001, 3.1709096E-002, 9.4004801E-006, 1.1750000E+001, 1.5292810E+003
 8.1637727E-001, 3.1639723E-002, 9.3169364E-006, 1.2000000E+001, 1.5357066E+003
 8.1841104E-001, 3.1567229E-002, 9.6765647E-006, 1.2000000E+001, 1.5421947E+003
 8.2044482E-001, 3.1491379E-002, 9.7861843E-006, 1.2250000E+001, 1.5489246E+003
 8.2247859E-001, 3.1411695E-002, 9.5488855E-006, 1.2500000E+001, 1.5557322E+003
 8.2400392E-001, 3.1345971E-002, 9.5598449E-006, 1.2666667E+001, 1.5617474E+003
 8.2603769E-001, 3.1283867E-002, 9.2870283E-006, 1.3000000E+001, 1.5678760E+003
 8.2807146E-001, 3.1217074E-002, 9.4562040E-006, 1.3000000E+001, 1.5742897E+003
 8.3010523E-001, 3.1151707E-002, 9.5657340E-006, 1.3000000E+001, 1.5810476E+003
 8.3213900E-001, 3.1085745E-002, 9.7738651E-006, 1.3000000E+001, 1.5878485E+003
 8.3417278E-001, 3.1019599E-002, 9.6273220E-006, 1.3500000E+001, 1.5944059E+003
 8.3620655E-001, 3.0948736E-002, 9.4770354E-006, 1.3750000E+001, 1.6014782E+003
 8.3824032E-001, 3.0874057E-002, 9.3616437E-006, 1.4000000E+001, 1.6090075E+003
 8.4027409E-001, 3.0801005E-002, 9.6004663E-006, 1.4000000E+001, 1.6163866E+003
 8.4230786E-001, 3.0728145E-002, 9.7443258E-006, 1.4000000E+001, 1.6237582E+003
 8.4434163E-001, 3.0655742E-002, 9.8160354E-006, 1.4000000E+001, 1.6309306E+003
 8.4637541E-001, 3.0585629E-002, 9.9408356E-006, 1.4000000E+001, 1.6387046E+003
 8.4840918E-001, 3.0515372E-002, 9.6309598E-006, 1.4500000E+001, 1.6462218E+003
 8.5044295E-001, 3.0446934E-002, 9.3624357E-006, 1.5000000E+001, 1.6541218E+003
 8.5247672E-001, 3.0378708E-002, 9.3881408E-006, 1.5000000E+001, 1.6618782E+003
 8.5400205E-001, 3.0314896E-002, 9.4553664E-006, 1.5000000E+001, 1.6688546E+003
 8.5603582E-001, 3.0249893E-002, 9.5788604E-006, 1.5000000E+001, 1.6756351E+003
 8.5806959E-001, 3.0176803E-002, 9.7134200E-006, 1.5000000E+001, 1.6834544E+003
 8.6010337E-001, 3.0104238E-002, 9.8154844E-006, 1.5000000E+001, 1.6911863E+003
 8.6203515E-001, 3.0030040E-002, 9.7158364E-006, 1.4526398E+001, 1.6991457E+003
 8.6432239E-001, 2.9942810E-002, 9.7161040E-006, 1.3400000E+001, 1.7076571E+003
 8.6615219E-001, 2.9869012E-002, 9.5925927E-006, 1.3750000E+001, 1.7160567E+003
 8.6843943E-001, 2.9795971E-002, 9.6462260E-006, 1.3600000E+001, 1.7242300E+003
 8.7026922E-001, 2.9729137E-002, 9.7180305E-006, 1.3500000E+001, 1.7321531E+003
 8.7209902E-001, 2.9670182E-002, 9.4340740E-006, 1.4000000E+001, 1.7395321E+003
 8.7438626E-001, 2.9592607E-002, 9.5933266E-006, 1.3800000E+001, 1.7477325E+003
 8.7621605E-001, 2.9510746E-002, 9.5059214E-006, 1.4000000E+001, 1.7559399E+003
 8.7804585E-001, 2.9433665E-002, 9.5266383E-006, 1.4000000E+001, 1.7630256E+003
 8.8033309E-001, 2.9349403E-002, 9.5312364E-006, 1.4000000E+001, 1.7709510E+003
 8.8216288E-001, 2.9269234E-002, 9.4937585E-006, 1.4000000E+001, 1.7797865E+003
 8.8445013E-001, 2.9193076E-002, 9.4741783E-006, 1.4000000E+001, 1.7882813E+003
 8.8627992E-001, 2.9117535E-002, 9.4829420E-006, 1.4000000E+001, 1.7968097E+003
 8.8810972E-001, 2.9048458E-002, 9.5110320E-006, 1.4000000E+001, 1.8038841E+003
 8.9039696E-001, 2.8967137E-002, 9.5432609E-006, 1.4000000E+001, 1.8122721E+003
 8.9222675E-001, 2.8882596E-002, 9.5540065E-006, 1.4000000E+001, 1.8202859E+003
 8.9405655E-001, 2.8806233E-002, 9.5328920E-006, 1.4000000E+001, 1.8281746E+003
 8.9634379E-001, 2.8721223E-002, 9.4786481E-006, 1.4000000E+001, 1.8366035E+003
 8.9817358E-001, 2.8638319E-002, 9.5606011E-006, 1.3750000E+001, 1.8445757E+003
 9.0000338E-001, 2.8565872E-002, 9.6083803E-006, 1.3750000E+001, 1.8527063E+003
 9.0229062E-001, 2.8482962E-002, 9.7034576E-006, 1.3600000E+001, 1.8612971E+003
 9.0412041E-001, 2.8398170E-002, 9.7654580E-006, 1.3500000E+001, 1.8692743E+003
 9.0640766E-001, 2.8310165E-002, 9.7243309E-006, 1.3600000E+001, 1.8771945E+003
 9.0823745E-001, 2.8220921E-002, 9.7461891E-006, 1.3500000E+001, 1.8853048E+003
 9.1006725E-001, 2.8142320E-002, 9.6796573E-006, 1.3500000E+001, 1.8925281E+003
 9.1235449E-001, 2.8056060E-002, 9.8093590E-006, 1.3200000E+001, 1.9007536E+003
 9.1418428E-001, 2.7971120E-002, 9.7948922E-006, 1.3250000E+001, 1.9090743E+003
 9.1601408E-001, 2.7897723E-002, 9.8890775E-006, 1.3000000E+001, 1.9159949E+003
 9.1830132E-001, 2.7814328E-002, 9.8759419E-006, 1.3000000E+001, 1.9236233E+003
 9.2013111E-001, 2.7729187E-002, 9.7955269E-006, 1.3000000E+001, 1.9314942E+003
 9.2241836E-001, 2.7641901E-002, 9.7229051E-006, 1.3000000E+001, 1.9394746E+003
 9.2424815E-001, 2.7553961E-002, 9.6276471E-006, 1.3000000E+001, 1.9476275E+003
 9.2607795E-001, 2.7476264E-002, 9.5230765E-006, 1.3000000E+001, 1.9563629E+003
 9.2836519E-001, 2.7392621E-002, 9.5855686E-006, 1.2800000E+001, 1.9653280E+003
 9.3019498E-001, 2.7311232E-002, 9.7436048E-006, 1.2500000E+001, 1.9741000E+003
 9.3202478E-001, 2.7238522E-002, 9.7367636E-006, 1.2500000E+001, 1.9826210E+003
 9.3431202E-001, 2.7157273E-002, 9.6355883E-006, 1.2600000E+001, 1.9916218E+003
 9.3614181E-001, 2.7074654E-002, 9.7609977E-006, 1.2250000E+001, 2.0007940E+003
 9.3842906E-001, 2.6988995E-002, 9.7997835E-006, 1.2200000E+001, 2.0097068E+003
 9.4025885E-001, 2.6900997E-002, 9.8992620E-006, 1.2000000E+001, 2.0185717E+003
 9.4208864E-001, 2.6822720E-002, 9.7590110E-006, 1.2000000E+001, 2.0266461E+003
 9.4437589E-001, 2.6739492E-002, 9.6539614E-006, 1.2000000E+001, 2.0349998E+003
 9.4620568E-001, 2.6661402E-002, 9.5162506E-006, 1.2000000E+001, 2.0437309E+003
 9.4803548E-001, 2.6593313E-002, 9.5958589E-006, 1.1750000E+001, 2.0510202E+003
 9.5032272E-001, 2.6516830E-002, 9.6913504E-006, 1.1600000E+001, 2.0592872E+003
 9.5215251E-001, 2.6437707E-002, 9.6817139E-006, 1.1500000E+001, 2.0676394E+003
 9.5443976E-001, 2.6355127E-002, 9.7749329E-006, 1.1200000E+001, 2.0758227E+003
 9.5626955E-001, 2.6271094E-002, 9.9416822E-006, 1.1000000E+001, 2.0837809E+003
 9.5809934E-001, 2.6195115E-002, 9.8443810E-006, 1.1000000E+001, 2.0909427E+003
 9.6038659E-001, 2.6115141E-002, 9.7140561E-006, 1.1000000E+001, 2.0984084E+003
 9.6221638E-001, 2.6039902E-002, 9.5354945E-006, 1.1000000E+001, 2.1062002E+003
 9.6404618E-001, 2.5972966E-002, 9.8182684E-006, 1.0500000E+001, 2.1131576E+003
 9.6633342E-001, 2.5895956E-002, 9.7411809E-006, 1.0400000E+001, 2.1206951E+003
 9.6816321E-001, 2.5817165E-002, 9.7827435E-006, 1.0250000E+001, 2.1283879E+003
 9.7045045E-001, 2.5739247E-002, 9.8090523E-006, 1.0200000E+001, 2.1357369E+003
 9.7228025E-001, 2.5662899E-002, 9.7246583E-006, 1.0250000E+001, 2.1429639E+003
 9.7411004E-001, 2.5594532E-002, 9.9221803E-006, 1.0000000E+001, 2.1496029E+003
 9.7639729E-001, 2.5520386E-002, 9.9000186E-006, 1.0000000E+001, 2.1573967E+003
 9.7822708E-001, 2.5444843E-002, 9.8067303E-006, 1.0000000E+001, 2.1648036E+003
 9.8005687E-001, 2.5379062E-002, 9.7800933E-006, 1.0000000E+001, 2.1712419E+003
 9.8234412E-001, 2.5305726E-002, 9.7348424E-006, 1.0000000E+001, 2.1788626E+003
 9.8417391E-001, 2.5234042E-002, 9.7262843E-006, 1.0000000E+001, 2.1861511E+003
 9.8600371E-001, 2.5173492E-002, 9.7392726E-006, 1.0000000E+001, 2.1927838E+003
 9.8829095E-001, 2.5105906E-002, 9.7085072E-006, 1.0000000E+001, 2.2003637E+003
 9.9012074E-001, 2.5038676E-002, 9.7385222E-006, 1.0000000E+001, 2.2074077E+003
 9.9240799E-001, 2.4971221E-002, 9.7557628E-006, 1.0000000E+001, 2.2148831E+003
 9.9423778E-001, 2.4902976E-002, 9.7753989E-006, 1.0000000E+001, 2.2221142E+003
 9.9606757E-001, 2.4842630E-002, 9.8028647E-006, 1.0000000E+001, 2.2286285E+003
 9.9835482E-001, 2.4775494E-002, 9.7876009E-006, 1.0000000E+001, 2.2358757E+003
 1.0001846E+000, 2.4707930E-002, 9.7399828E-006, 1.0000000E+001, 2.2427778E+003
 1.0020144E+000, 2.4648757E-002, 9.7073525E-006, 1.0000000E+001, 2.2490044E+003
 1.0043016E+000, 2.4582740E-002, 9.6512061E-006, 1.0000000E+001, 2.2560127E+003
 1.0061314E+000, 2.4516926E-002, 9.5877026E-006, 1.0000000E+001, 2.2630898E+003
 1.0084187E+000, 2.4451355E-002, 9.5108605E-006, 1.0000000E+001, 2.2701714E+003
 1.0102485E+000, 2.4385544E-002, 9.4214430E-006, 1.0000000E+001, 2.2775953E+003
 1.0120783E+000, 2.4326855E-002, 9.3501413E-006, 1.0000000E+001, 2.2843600E+003
 1.0143655E+000, 2.4261972E-002, 9.2515614E-006, 1.0000000E+001, 2.2916789E+003
 1.0161953E+000, 2.4197081E-002, 9.1074192E-006, 1.0000000E+001, 2.2987780E+003
 1.0180251E+000, 2.4140775E-002, 9.2347427E-006, 9.7500000E+000, 2.3053558E+003
 1.0203123E+000, 2.4075012E-002, 9.4044292E-006, 9.6000000E+000, 2.3122271E+003
 1.0220963E+000, 2.4005772E-002, 9.6345246E-006, 9.0000000E+000, 2.3193750E+003
 1.0241546E+000, 2.3934472E-002, 9.6228966E-006, 8.0000000E+000, 2.3260709E+003
 1.0262129E+000, 2.3864830E-002, 9.3235406E-006, 8.0000000E+000, 2.3331130E+003
 1.0282711E+000, 2.3795476E-002, 9.2376349E-006, 7.8000000E+000, 2.3403282E+003
 1.0303294E+000, 2.3726553E-002, 9.2453383E-006, 7.6000000E+000, 2.3472869E+003
 1.0323876E+000, 2.3658220E-002, 9.6132355E-006, 7.0000000E+000, 2.3540156E+003
 1.0340342E+000, 2.3594658E-002, 9.2373103E-006, 7.0000000E+000, 2.3598138E+003
 1.0360925E+000, 2.3530435E-002, 9.0327613E-006, 6.8000000E+000, 2.3656548E+003
 1.0381507E+000, 2.3456929E-002, 9.4662560E-006, 6.2000000E+000, 2.3722194E+003
 1.0402090E+000, 2.3377848E-002, 9.6819029E-006, 6.2000000E+000, 2.3788045E+003
 1.0422673E+000, 2.3293320E-002, 9.4094699E-006, 6.6000000E+000, 2.3854406E+003
 1.0443255E+000, 2.3211476E-002, 8.9376276E-006, 7.0000000E+000, 2.3918266E+003
 1.0463838E+000, 2.3131470E-002, 9.2134670E-006, 7.0000000E+000, 2.3983271E+003
 1.0480304E+000, 2.3056985E-002, 9.5726909E-006, 7.0000000E+000, 2.4042990E+003
 1.0500886E+000, 2.2983121E-002, 9.3887796E-006, 7.4000000E+000, 2.4104786E+003
 1.0521469E+000, 2.2905554E-002, 9.3043486E-006, 7.6000000E+000, 2.4173009E+003
 1.0542051E+000, 2.2830571E-002, 8.9283125E-006, 8.0000000E+000, 2.4242960E+003
 1.0562634E+000, 2.2752368E-002, 9.3464562E-006, 8.0000000E+000, 2.4314114E+003
 1.0583217E+000, 2.2671209E-002, 9.5960673E-006, 8.2000000E+000, 2.4387048E+003
 1.0603799E+000, 2.2587806E-002, 9.0226879E-006, 8.8000000E+000, 2.4458015E+003
 1.0620265E+000, 2.2510980E-002, 8.8859165E-006, 9.0000000E+000, 2.4528392E+003
 1.0640848E+000, 2.2433370E-002, 9.1951316E-006, 9.0000000E+000, 2.4599499E+003
 1.0661430E+000, 2.2349375E-002, 9.6410700E-006, 9.0000000E+000, 2.4673706E+003
 1.0682013E+000, 2.2268986E-002, 9.3500553E-006, 9.4000000E+000, 2.4752115E+003
 1.0702595E+000, 2.2194135E-002, 9.4170767E-006, 9.4000000E+000, 2.4827960E+003
 1.0723178E+000, 2.2125645E-002, 8.7181949E-006, 1.0000000E+001, 2.4906385E+003
 1.0743761E+000, 2.2057518E-002, 8.7768989E-006, 1.0000000E+001, 2.4986920E+003
 1.0760227E+000, 2.1996837E-002, 8.9638623E-006, 1.0000000E+001, 2.5060289E+003
 1.0780809E+000, 2.1936274E-002, 9.1092830E-006, 1.0000000E+001, 2.5132118E+003
 1.0801392E+000, 2.1868944E-002, 9.1774971E-006, 1.0000000E+001, 2.5214547E+003
 1.0821974E+000, 2.1803773E-002, 9.1292040E-006, 1.0000000E+001, 2.5296886E+003
 1.0842557E+000, 2.1743314E-002, 9.0391489E-006, 1.0000000E+001, 2.5378593E+003
 1.0863139E+000, 2.1686855E-002, 8.7901921E-006, 1.0000000E+001, 2.5460392E+003
 1.0883722E+000, 2.1632665E-002, 9.0752796E-006, 9.6000000E+000, 2.5543542E+003
 1.0900188E+000, 2.1584957E-002, 9.4197896E-006, 9.2500000E+000, 2.5615268E+003
 1.0920771E+000, 2.1535813E-002, 9.4307603E-006, 9.0000000E+000, 2.5687822E+003
 1.0941353E+000, 2.1480256E-002, 8.7284839E-006, 9.0000000E+000, 2.5763889E+003
 1.0961936E+000, 2.1421759E-002, 9.4219831E-006, 8.2000000E+000, 2.5841390E+003
 1.0982518E+000, 2.1360933E-002, 8.8802982E-006, 8.0000000E+000, 2.5912677E+003
 1.1003101E+000, 2.1293274E-002, 8.9120846E-006, 7.4000000E+000, 2.5981660E+003
 1.1023684E+000, 2.1221193E-002, 8.7609795E-006, 7.6000000E+000, 2.6050194E+003
 1.1040150E+000, 2.1151898E-002, 8.2325448E-006, 8.0000000E+000, 2.6116033E+003
 1.1060732E+000, 2.1077584E-002, 8.7810408E-006, 8.0000000E+000, 2.6175414E+003
 1.1081315E+000, 2.0989234E-002, 9.1485851E-006, 8.0000000E+000, 2.6242665E+003
 1.1101897E+000, 2.0890537E-002, 9.6555640E-006, 8.0000000E+000, 2.6315981E+003
 1.1122480E+000, 2.0778867E-002, 9.8833165E-006, 8.0000000E+000, 2.6389519E+003
 1.1143062E+000, 2.0652911E-002, 9.3400298E-006, 8.4000000E+000, 2.6462231E+003
 1.1163645E+000, 2.0511793E-002, 9.2800675E-006, 8.6000000E+000, 2.6539619E+003
 1.1180111E+000, 2.0369775E-002, 9.4175921E-006, 8.5000000E+000, 2.6607557E+003
 1.1200694E+000, 2.0214927E-002, 9.5437470E-006, 8.4000000E+000, 2.6672508E+003
 1.1221276E+000, 2.0030774E-002, 9.5015887E-006, 8.6000000E+000, 2.6749185E+003
 1.1241859E+000, 1.9835236E-002, 9.2403997E-006, 8.8000000E+000, 2.6825299E+003
 1.1262441E+000, 1.9630534E-002, 9.1904832E-006, 9.4000000E+000, 2.6905492E+003
 1.1283024E+000, 1.9417039E-002, 9.1625043E-006, 1.0000000E+001, 2.6984607E+003
 1.1303606E+000, 1.9194411E-002, 8.7798990E-006, 1.1000000E+001, 2.7068144E+003
 1.1320072E+000, 1.8987395E-002, 9.5454440E-006, 1.1250000E+001, 2.7149625E+003
 1.1340655E+000, 1.8773783E-002, 9.4499051E-006, 1.2000000E+001, 2.7230974E+003
 1.1361238E+000, 1.8530452E-002, 8.9647997E-006, 1.3000000E+001, 2.7325988E+003
 1.1381820E+000, 1.8285513E-002, 9.3798423E-006, 1.3400000E+001, 2.7421050E+003
 1.1402403E+000, 1.8042514E-002, 9.2302420E-006, 1.4000000E+001, 2.7520041E+003
 1.1422985E+000, 1.7801646E-002, 9.4603937E-006, 1.4400000E+001, 2.7631520E+003
 1.1443568E+000, 1.7555729E-002, 9.1135730E-006, 1.5000000E+001, 2.7744451E+003
 1.1460034E+000, 1.7319008E-002, 9.5684370E-006, 1.5000000E+001, 2.7840839E+003
 1.1480616E+000, 1.7055285E-002, 9.9015316E-006, 1.5000000E+001, 2.7929655E+003
 1.1501199E+000, 1.6718138E-002, 9.4784008E-006, 1.5400000E+001, 2.8033014E+003
 1.1521782E+000, 1.6326443E-002, 9.8210718E-006, 1.5000000E+001, 2.8132993E+003
 1.1542364E+000, 1.5872264E-002, 9.3229363E-006, 1.5000000E+001, 2.8235139E+003
 1.1562947E+000, 1.5361236E-002, 9.6402113E-006, 1.4200000E+001, 2.8336065E+003
 1.1583529E+000, 1.4791410E-002, 9.3231256E-006, 1.3600000E+001, 2.8433444E+003
 1.1604112E+000, 1.4161400E-002, 9.3209650E-006, 1.2600000E+001, 2.8521594E+003
 1.1620578E+000, 1.3533488E-002, 9.3358119E-006, 1.1500000E+001, 2.8600953E+003
 1.1641160E+000, 1.2820016E-002, 9.0030269E-006, 1.1800000E+001, 2.8676554E+003
 1.1661743E+000, 1.1907319E-002, 9.3566971E-006, 1.2800000E+001, 2.8763171E+003
 1.1682326E+000, 1.0834203E-002, 9.4148284E-006, 1.4200000E+001, 2.8855742E+003
 1.1702908E+000, 9.5745239E-003, 9.5901234E-006, 1.5600000E+001, 2.8956474E+003
 1.1723491E+000, 8.0972876E-003, 9.7457669E-006, 1.7000000E+001, 2.9067357E+003
 1.1744073E+000, 6.3602577E-003, 9.7524792E-006, 1.8400000E+001, 2.9187933E+003
 1.1760539E+000, 4.5555732E-003, 9.8881043E-006, 1.9750000E+001, 2.9311122E+003
 1.1781122E+000, 2.5352212E-003, 9.8805652E-006, 2.2000000E+001, 2.9431395E+003
 1.1801705E+000, 8.5578005E-005, 9.8860918E-006, 2.4800000E+001, 2.9581172E+003
 1.1822287E+000,-2.5866477E-003, 9.8940165E-006, 2.7200000E+001, 2.9747673E+003
 1.1842870E+000,-5.5142258E-003, 9.9190879E-006, 2.9000000E+001, 2.9926358E+003
 1.1863452E+000,-8.6783559E-003, 9.8908307E-006, 3.1000000E+001, 3.0110851E+003
 1.1884035E+000,-1.1995668E-002, 9.8654009E-006, 3.3200000E+001, 3.0308505E+003
 1.1900501E+000,-1.5038083E-002, 9.8788168E-006, 3.4750000E+001, 3.0494697E+003
 1.1921083E+000,-1.8090015E-002, 9.9284601E-006, 3.5800000E+001, 3.0691725E+003
 1.1941666E+000,-2.1425541E-002, 9.9015800E-006, 3.7000000E+001, 3.0914394E+003
 1.1962249E+000,-2.4595114E-002, 9.8816893E-006, 3.8000000E+001, 3.1134029E+003
 1.1982831E+000,-2.7530762E-002, 9.9205280E-006, 3.8400000E+001, 3.1364306E+003
 1.2003414E+000,-3.0205016E-002, 9.9318329E-006, 3.8200000E+001, 3.1603149E+003
 1.2023996E+000,-3.2625175E-002, 9.8932239E-006, 3.7800000E+001, 3.1829961E+003
 1.2040462E+000,-3.4619774E-002, 9.9476392E-006, 3.6500000E+001, 3.2036682E+003
 1.2061045E+000,-3.6495919E-002, 9.9145044E-006, 3.4800000E+001, 3.2233972E+003
 1.2081627E+000,-3.8549746E-002, 9.8558637E-006, 3.2000000E+001, 3.2445254E+003
 1.2102210E+000,-4.0713876E-002, 9.8070314E-006, 2.8200000E+001, 3.2640220E+003
 1.2122793E+000,-4.3168232E-002, 9.7501405E-006, 2.3600000E+001, 3.2807046E+003
 1.2143375E+000,-4.6101343E-002, 9.6762954E-006, 1.9000000E+001, 3.2939539E+003
 1.2163958E+000,-4.9643099E-002, 9.2287840E-006, 1.8200000E+001, 3.3051955E+003
 1.2180424E+000,-5.3358997E-002, 9.5025141E-006, 2.1500000E+001, 3.3159960E+003
 1.2201006E+000,-5.7659221E-002, 9.7891094E-006, 2.6400000E+001, 3.3289193E+003
 1.2221589E+000,-6.3103403E-002, 9.9164417E-006, 3.0600000E+001, 3.3469716E+003
 1.2242171E+000,-6.8835129E-002, 9.8755963E-006, 3.0200000E+001, 3.3656292E+003
 1.2262754E+000,-7.4725798E-002, 9.8325162E-006, 2.9600000E+001, 3.3837527E+003
 1.2283337E+000,-8.1133711E-002, 9.7792777E-006, 3.0600000E+001, 3.4019169E+003
 1.2303919E+000,-8.8203620E-002, 9.7424258E-006, 3.0600000E+001, 3.4204283E+003
 1.2320385E+000,-9.4900906E-002, 9.5893148E-006, 2.9000000E+001, 3.4359941E+003
 1.2340968E+000,-1.0164111E-001, 9.3537309E-006, 2.6800000E+001, 3.4510614E+003
 1.2361550E+000,-1.0900656E-001, 9.6317344E-006, 2.7000000E+001, 3.4675456E+003
 1.2381309E+000,-1.1605280E-001, 9.8096557E-006, 2.8833348E+001, 3.4834015E+003
 1.2403537E+000,-1.2290461E-001, 9.8313187E-006, 2.9500000E+001, 3.5031049E+003
 1.2422061E+000,-1.2859499E-001, 9.8860788E-006, 3.2400000E+001, 3.5233857E+003
 1.2440584E+000,-1.3267261E-001, 9.8336163E-006, 3.7000000E+001, 3.5412547E+003
 1.2462812E+000,-1.3559270E-001, 9.8928087E-006, 4.1666667E+001, 3.5641503E+003
 1.2481336E+000,-1.3691279E-001, 9.9475975E-006, 4.5600000E+001, 3.5893287E+003
 1.2503564E+000,-1.3645918E-001, 9.9267026E-006, 5.0166667E+001, 3.6168413E+003
 1.2522087E+000,-1.3433966E-001, 9.9460676E-006, 5.3800000E+001, 3.6460437E+003
 1.2540611E+000,-1.3112962E-001, 9.9091271E-006, 5.6000000E+001, 3.6743178E+003
 1.2562839E+000,-1.2651642E-001, 9.9528800E-006, 5.7000000E+001, 3.7052944E+003
 1.2581362E+000,-1.2121058E-001, 9.9243810E-006, 5.7200000E+001, 3.7366911E+003
 1.2603590E+000,-1.1572057E-001, 9.9513826E-006, 5.5000000E+001, 3.7682664E+003
 1.2622114E+000,-1.1054472E-001, 9.9241190E-006, 5.0200000E+001, 3.7994819E+003
 1.2640637E+000,-1.0653175E-001, 9.9378942E-006, 4.5000000E+001, 3.8247908E+003
 1.2662865E+000,-1.0330180E-001, 9.8698221E-006, 4.0333333E+001, 3.8499460E+003
 1.2681389E+000,-1.0152039E-001, 9.8762302E-006, 3.6000000E+001, 3.8725583E+003
 1.2703617E+000,-1.0134045E-001, 9.7290698E-006, 3.3500000E+001, 3.8924900E+003
 1.2722140E+000,-1.0261405E-001, 9.7631607E-006, 3.1800000E+001, 3.9103644E+003
 1.2740663E+000,-1.0489808E-001, 9.7695302E-006, 3.1000000E+001, 3.9266972E+003
 1.2762892E+000,-1.0850416E-001, 9.4926200E-006, 3.1000000E+001, 3.9445629E+003
 1.2781415E+000,-1.1295118E-001, 9.5729948E-006, 3.2600000E+001, 3.9621433E+003
 1.2803643E+000,-1.1813882E-001, 9.7636146E-006, 3.7666667E+001, 3.9803561E+003
 1.2822166E+000,-1.2404876E-001, 9.8855430E-006, 4.6200000E+001, 4.0020688E+003
 1.2840690E+000,-1.2973104E-001, 9.8809547E-006, 5.2000000E+001, 4.0257380E+003
 1.2862918E+000,-1.3577673E-001, 9.9371495E-006, 6.0166667E+001, 4.0563156E+003
 1.2881441E+000,-1.4176476E-001, 9.9522803E-006, 7.0600000E+001, 4.0929341E+003
 1.2903669E+000,-1.4721218E-001, 9.9682095E-006, 7.5166667E+001, 4.1336204E+003
 1.2922193E+000,-1.5188905E-001, 9.9618215E-006, 7.5400000E+001, 4.1754002E+003
 1.2940716E+000,-1.5516679E-001, 9.9407919E-006, 7.0000000E+001, 4.2127405E+003
 1.2962944E+000,-1.5735366E-001, 9.9519943E-006, 5.9833333E+001, 4.2506717E+003
 1.2981468E+000,-1.5787589E-001, 9.9575062E-006, 4.8200000E+001, 4.2829417E+003
 1.3003696E+000,-1.5643673E-001, 9.9120521E-006, 3.8166667E+001, 4.3084858E+003
 1.3022219E+000,-1.5316910E-001, 9.8703259E-006, 3.0200000E+001, 4.3306256E+003
 1.3040743E+000,-1.4884864E-001, 9.7389816E-006, 2.4200000E+001, 4.3461412E+003
 1.3062971E+000,-1.4317540E-001, 9.9406231E-006, 3.4166667E+001, 4.3622919E+003
 1.3081494E+000,-1.3601765E-001, 9.9729404E-006, 7.2200000E+001, 4.3910794E+003
 1.3100018E+000,-1.2986815E-001, 9.9744873E-006, 8.2200000E+001, 4.4287149E+003
 1.3122246E+000,-1.2369340E-001, 9.9623375E-006, 1.0200000E+002, 4.4800371E+003
 1.3140769E+000,-1.1819651E-001, 9.9641446E-006, 1.0300000E+002, 4.5369979E+003
 1.3162997E+000,-1.1416994E-001, 9.9484690E-006, 9.8333333E+001, 4.5916484E+003
 1.3181521E+000,-1.1172427E-001, 9.9507032E-006, 8.2400000E+001, 4.6429065E+003
 1.3201893E+000,-1.1086788E-001, 9.9465697E-006, 5.2637026E+001, 4.6815854E+003
 1.3221894E+000,-1.1167072E-001, 9.8058368E-006, 3.2833333E+001, 4.7073837E+003
 1.3241894E+000,-1.1367698E-001, 9.7949194E-006, 4.3166667E+001, 4.7284376E+003
 1.3261895E+000,-1.1803153E-001, 9.9232071E-006, 5.2333333E+001, 4.7567486E+003
 1.3281896E+000,-1.2332435E-001, 9.8037270E-006, 4.0166667E+001, 4.7835564E+003
 1.3301897E+000,-1.2998816E-001, 9.7820115E-006, 3.3333333E+001, 4.8058396E+003
 1.3321898E+000,-1.3897102E-001, 9.8972715E-006, 3.1833333E+001, 4.8270452E+003
 1.3341899E+000,-1.4930879E-001, 9.8892460E-006, 2.9833333E+001, 4.8480090E+003
 1.3361899E+000,-1.6086609E-001, 9.9178127E-006, 2.7666667E+001, 4.8682272E+003
 1.3381900E+000,-1.7389445E-001, 9.8372570E-006, 2.6666667E+001, 4.8876605E+003
 1.3401901E+000,-1.8805396E-001, 9.7599380E-006, 2.9500000E+001, 4.9071501E+003
 1.3421902E+000,-2.0278159E-001, 9.7741703E-006, 3.3500000E+001, 4.9271392E+003
 1.3441903E+000,-2.1723444E-001, 9.9166740E-006, 3.9000000E+001, 4.9505707E+003
 1.3461904E+000,-2.3031458E-001, 9.9517376E-006, 4.6666667E+001, 4.9775642E+003
 1.3481904E+000,-2.4093134E-001, 9.9276468E-006, 5.5333333E+001, 5.0105644E+003
 1.3501905E+000,-2.4825663E-001, 9.9685765E-006, 6.3333333E+001, 5.0476158E+003
 1.3521906E+000,-2.5181529E-001, 9.9483547E-006, 6.7166667E+001, 5.0881367E+003
 1.3541907E+000,-2.5128355E-001, 9.9074684E-006, 6.1666667E+001, 5.1277301E+003
 1.3561908E+000,-2.4671293E-001, 9.9030122E-006, 4.7166667E+001, 5.1624011E+003
 1.3581909E+000,-2.3842392E-001, 9.8965557E-006, 4.4666667E+001, 5.1898924E+003
 1.3601910E+000,-2.2637507E-001, 9.9388421E-006, 5.1833333E+001, 5.2199759E+003
 1.3621910E+000,-2.1098351E-001, 9.9599543E-006, 5.4000000E+001, 5.2535771E+003
 1.3641563E+000,-1.9425805E-001, 9.9814583E-006, 5.0427870E+001, 5.2871097E+003
 1.3662459E+000,-1.7638927E-001, 9.9673523E-006, 4.5714286E+001, 5.3213092E+003
 1.3680369E+000,-1.6047650E-001, 9.9602159E-006, 5.2333333E+001, 5.3545620E+003
 1.3701265E+000,-1.4588997E-001, 9.9454256E-006, 5.8285714E+001, 5.3930521E+003
 1.3722161E+000,-1.3210891E-001, 9.9487117E-006, 5.7142857E+001, 5.4356023E+003
 1.3740072E+000,-1.2119289E-001, 9.9246341E-006, 5.0666667E+001, 5.4726022E+003
 1.3760968E+000,-1.1223496E-001, 9.9131031E-006, 4.2000000E+001, 5.5041541E+003
 1.3781864E+000,-1.0458734E-001, 9.8433043E-006, 3.3714286E+001, 5.5331539E+003
 1.3802759E+000,-9.8974344E-002, 9.8116509E-006, 3.2714286E+001, 5.5580663E+003
 1.3820670E+000,-9.5750860E-002, 9.8246267E-006, 3.6333333E+001, 5.5822325E+003
 1.3841566E+000,-9.4865132E-002, 9.8908491E-006, 3.9142857E+001, 5.6086472E+003
 1.3862462E+000,-9.6164636E-002, 9.9099526E-006, 4.0142857E+001, 5.6392351E+003
 1.3880373E+000,-9.9881214E-002, 9.9358979E-006, 4.0500000E+001, 5.6688951E+003
 1.3901268E+000,-1.0655093E-001, 9.9198248E-006, 3.9000000E+001, 5.6980276E+003
 1.3922164E+000,-1.1656617E-001, 9.9232681E-006, 3.4571429E+001, 5.7271255E+003
 1.3940075E+000,-1.2817110E-001, 9.8527963E-006, 2.8333333E+001, 5.7512375E+003
 1.3960971E+000,-1.4153177E-001, 9.8576153E-006, 2.3428571E+001, 5.7709745E+003
 1.3981867E+000,-1.5703250E-001, 9.9242524E-006, 2.9571429E+001, 5.7917847E+003
 1.4002763E+000,-1.7229068E-001, 9.9357749E-006, 3.9428571E+001, 5.8185743E+003
 1.4020673E+000,-1.8451762E-001, 9.9389488E-006, 4.8000000E+001, 5.8497614E+003
 1.4041569E+000,-1.9411084E-001, 9.8929051E-006, 4.9428571E+001, 5.8843737E+003
 1.4062465E+000,-2.0082414E-001, 9.8764075E-006, 4.7571429E+001, 5.9194690E+003
 1.4080376E+000,-2.0261733E-001, 9.9412962E-006, 5.6666667E+001, 5.9543452E+003
 1.4100051E+000,-2.0005375E-001, 9.9320373E-006, 5.6610254E+001, 5.9928331E+003
 1.4121491E+000,-1.9271680E-001, 9.9540142E-006, 5.5625000E+001, 6.0376179E+003
 1.4140251E+000,-1.8039236E-001, 9.9583023E-006, 5.7571429E+001, 6.0829162E+003
 1.4161690E+000,-1.6307922E-001, 9.9488068E-006, 5.4875000E+001, 6.1303840E+003
 1.4180450E+000,-1.4102514E-001, 9.9738427E-006, 5.9857143E+001, 6.1827658E+003
 1.4201890E+000,-1.1665188E-001, 9.9782222E-006, 6.8000000E+001, 6.2386853E+003
 1.4220650E+000,-8.9862286E-002, 9.9740019E-006, 6.8857143E+001, 6.2980468E+003
 1.4242089E+000,-6.1785082E-002, 9.9672136E-006, 6.5000000E+001, 6.3528249E+003
 1.4260849E+000,-3.4010732E-002, 9.9615783E-006, 6.0285714E+001, 6.4060368E+003
 1.4282289E+000,-8.0765843E-003, 9.9513234E-006, 5.4500000E+001, 6.4549996E+003
 1.4301049E+000, 1.5182467E-002, 9.9634033E-006, 4.8285714E+001, 6.4997242E+003
 1.4322488E+000, 3.5528050E-002, 9.9419382E-006, 4.4875000E+001, 6.5414996E+003
 1.4341248E+000, 5.3561585E-002, 9.9328541E-006, 4.3571429E+001, 6.5793234E+003
 1.4360008E+000, 6.8458667E-002, 9.9417308E-006, 4.2000000E+001, 6.6134125E+003
 1.4381448E+000, 8.2356167E-002, 9.9176296E-006, 4.0375000E+001, 6.6491152E+003
 1.4400208E+000, 9.3902015E-002, 9.9145205E-006, 3.8142857E+001, 6.6828853E+003
 1.4421647E+000, 1.0310015E-001, 9.9002094E-006, 3.5750000E+001, 6.7148456E+003
 1.4440407E+000, 1.0874704E-001, 9.7603110E-006, 2.9000000E+001, 6.7420474E+003
 1.4461847E+000, 1.0998733E-001, 9.8918819E-006, 3.0375000E+001, 6.7644789E+003
 1.4480607E+000, 1.0610581E-001, 9.9448267E-006, 4.4571429E+001, 6.7940956E+003
 1.4502046E+000, 9.8401763E-002, 9.9664193E-006, 5.2000000E+001, 6.8331567E+003
 1.4520806E+000, 8.6221572E-002, 9.9757676E-006, 5.8714286E+001, 6.8791250E+003
 1.4542246E+000, 6.9499816E-002, 9.9779286E-006, 5.8625000E+001, 6.9286110E+003
 1.4561006E+000, 4.9165397E-002, 9.9707193E-006, 6.1428571E+001, 6.9792851E+003
 1.4582446E+000, 2.5108272E-002, 9.9624732E-006, 6.2375000E+001, 7.0277673E+003
 1.4601205E+000,-2.0567688E-003, 9.9657626E-006, 6.1142857E+001, 7.0777757E+003
 1.4622645E+000,-3.1181696E-002, 9.9478578E-006, 5.7250000E+001, 7.1288212E+003
 1.4641405E+000,-6.0479309E-002, 9.9703871E-006, 5.0285714E+001, 7.1745178E+003
 1.4660165E+000,-8.6526872E-002, 9.9330904E-006, 3.9714286E+001, 7.2110303E+003
 1.4681604E+000,-1.1172346E-001, 9.9403738E-006, 2.5500000E+001, 7.2400741E+003
 1.4700364E+000,-1.3427394E-001, 9.9766942E-006, 3.1428571E+001, 7.2689921E+003
 1.4721804E+000,-1.5076380E-001, 9.9081645E-006, 2.3750000E+001, 7.2925100E+003
 1.4740564E+000,-1.6197388E-001, 9.8166840E-006, 2.7714286E+001, 7.3144682E+003
 1.4762003E+000,-1.6692981E-001, 9.8843068E-006, 2.9125000E+001, 7.3393024E+003
 1.4780763E+000,-1.6649274E-001, 9.7771270E-006, 2.3571429E+001, 7.3638157E+003
 1.4802203E+000,-1.6093737E-001, 9.8130213E-006, 2.1000000E+001, 7.3840671E+003
 1.4820963E+000,-1.5052444E-001, 9.8943935E-006, 2.0142857E+001, 7.4025539E+003
 1.4842403E+000,-1.3625426E-001, 9.6998785E-006, 2.0375000E+001, 7.4213279E+003
 1.4861162E+000,-1.2064165E-001, 9.8774004E-006, 2.2285714E+001, 7.4429095E+003
 1.4882602E+000,-1.0399235E-001, 9.5895818E-006, 2.2000000E+001, 7.4627142E+003
 1.4901362E+000,-8.7233802E-002, 9.7669369E-006, 2.2000000E+001, 7.4810574E+003
 1.4920122E+000,-7.2816743E-002, 9.4888248E-006, 2.2857143E+001, 7.4986272E+003
 1.4941561E+000,-5.9676363E-002, 9.6610413E-006, 2.3250000E+001, 7.5172001E+003
 1.4960321E+000,-4.8748346E-002, 9.5765421E-006, 2.4428571E+001, 7.5361224E+003
 1.4981761E+000,-3.9535371E-002, 9.7735851E-006, 2.5000000E+001, 7.5560351E+003
 1.5000521E+000,-3.1782026E-002, 9.6958194E-006, 2.5714286E+001, 7.5755512E+003
 1.5021960E+000,-2.6392730E-002, 9.8690256E-006, 3.3375000E+001, 7.6000099E+003
 1.5040720E+000,-2.2250859E-002, 9.8682297E-006, 3.3000000E+001, 7.6273883E+003
 1.5062160E+000,-1.9758358E-002, 9.8362884E-006, 3.5500000E+001, 7.6560575E+003
 1.5080920E+000,-2.0199647E-002, 9.9262051E-006, 4.0142857E+001, 7.6868316E+003
 1.5102360E+000,-2.3551717E-002, 9.8968700E-006, 4.1750000E+001, 7.7190015E+003
 1.5121119E+000,-2.9879809E-002, 9.9548761E-006, 5.0571429E+001, 7.7545944E+003
 1.5142559E+000,-3.9471166E-002, 9.9812466E-006, 4.6875000E+001, 7.7947926E+003
 1.5161319E+000,-5.2171841E-002, 9.9712965E-006, 5.7571429E+001, 7.8365905E+003
 1.5180079E+000,-6.7942379E-002, 9.9629875E-006, 6.4857143E+001, 7.8798766E+003
 1.5201248E+000,-8.7326124E-002, 9.9645759E-006, 6.8481853E+001, 7.9311731E+003
 1.5220527E+000,-1.0923038E-001, 9.9370670E-006, 5.4375000E+001, 7.9817900E+003
 1.5242216E+000,-1.3155445E-001, 9.9420674E-006, 4.6666667E+001, 8.0264692E+003
 1.5261495E+000,-1.5266836E-001, 9.9542793E-006, 3.8625000E+001, 8.0660991E+003
 1.5280774E+000,-1.7012397E-001, 9.8927219E-006, 2.9500000E+001, 8.0965987E+003
 1.5300053E+000,-1.8396474E-001, 9.7321406E-006, 2.0625000E+001, 8.1187137E+003
 1.5321742E+000,-1.9359700E-001, 9.7062723E-006, 2.8333333E+001, 8.1419441E+003
 1.5341021E+000,-1.9747890E-001, 9.7741830E-006, 3.1250000E+001, 8.1697463E+003
 1.5360300E+000,-1.9476602E-001, 9.8577935E-006, 3.3750000E+001, 8.1980627E+003
 1.5381989E+000,-1.8728035E-001, 9.8541725E-006, 3.3777778E+001, 8.2319038E+003
 1.5401268E+000,-1.7575212E-001, 9.9884762E-006, 3.8500000E+001, 8.2701799E+003
 1.5420547E+000,-1.6205417E-001, 9.9830585E-006, 3.8875000E+001, 8.3078270E+003
 1.5441513E+000,-1.4704089E-001, 9.9850951E-006, 4.0172414E+001, 8.3462676E+003
 1.5460069E+000,-1.3232562E-001, 9.9694962E-006, 4.0857143E+001, 8.3809008E+003
 1.5481276E+000,-1.1905117E-001, 9.9483058E-006, 3.9750000E+001, 8.4154176E+003
 1.5502483E+000,-1.0796807E-001, 9.9641431E-006, 4.1375000E+001, 8.4562515E+003
 1.5521039E+000,-9.9962384E-002, 9.9937516E-006, 4.5285714E+001, 8.4978383E+003
 1.5542246E+000,-9.3863428E-002, 9.9720286E-006, 5.4500000E+001, 8.5399954E+003
 1.5560802E+000,-8.9609942E-002, 9.9608189E-006, 5.8571429E+001, 8.5844649E+003
 1.5582008E+000,-8.7145892E-002, 9.9584679E-006, 6.5000000E+001, 8.6348148E+003
 1.5600564E+000,-8.6137257E-002, 9.9524816E-006, 6.8142857E+001, 8.6882193E+003
 1.5621771E+000,-8.6526820E-002, 9.9258062E-006, 6.6000000E+001, 8.7428633E+003
 1.5640327E+000,-8.8340312E-002, 9.9247364E-006, 5.5714286E+001, 8.7919273E+003
 1.5661534E+000,-9.1830100E-002, 9.8485586E-006, 3.4250000E+001, 8.8292150E+003
 1.5680090E+000,-9.7268334E-002, 9.9279069E-006, 4.3428571E+001, 8.8567947E+003
 1.5701297E+000,-1.0206994E-001, 9.9578776E-006, 6.5625000E+001, 8.9028710E+003
 1.5722504E+000,-1.0812702E-001, 9.9570322E-006, 8.1375000E+001, 8.9638273E+003
 1.5741060E+000,-1.1139697E-001, 9.9673335E-006, 8.6857143E+001, 9.0298339E+003
 1.5762267E+000,-1.1114064E-001, 9.9560935E-006, 8.6750000E+001, 9.0992128E+003
 1.5780823E+000,-1.0661353E-001, 9.9714484E-006, 8.1714286E+001, 9.1693308E+003
 1.5802030E+000,-9.8247929E-002, 9.9851574E-006, 7.6125000E+001, 9.2374702E+003
 1.5820586E+000,-8.6704115E-002, 9.9754279E-006, 6.7571429E+001, 9.2967944E+003
 1.5841793E+000,-7.2693697E-002, 9.9751199E-006, 5.9375000E+001, 9.3494764E+003
 1.5860349E+000,-5.7172999E-002, 9.9687629E-006, 5.2857143E+001, 9.3976190E+003
 1.5881556E+000,-4.1267419E-002, 9.9677244E-006, 5.5250000E+001, 9.4414167E+003
 1.5900112E+000,-2.5872368E-002, 9.9756855E-006, 5.5000000E+001, 9.4855382E+003
 1.5921319E+000,-1.1825891E-002, 9.9319876E-006, 5.3250000E+001, 9.5299193E+003
 1.5942526E+000, 2.5696743E-004, 9.9047595E-006, 4.6375000E+001, 9.5740068E+003
 1.5961082E+000, 7.8304420E-003, 9.8873305E-006, 3.7714286E+001, 9.6086677E+003
 1.5982288E+000, 1.1080503E-002, 9.9310963E-006, 3.5375000E+001, 9.6374578E+003
 1.6000845E+000, 9.2408253E-003, 9.9900060E-006, 4.5285714E+001, 9.6722606E+003
 1.6022051E+000, 3.5035934E-003, 9.9960341E-006, 5.4375000E+001, 9.7146573E+003
 1.6040607E+000,-6.1171744E-003, 9.9754713E-006, 7.2714286E+001, 9.7706521E+003
 1.6061814E+000,-1.8095859E-002, 9.9857707E-006, 8.8375000E+001, 9.8369278E+003
 1.6080370E+000,-3.3025560E-002, 9.9795449E-006, 9.7142857E+001, 9.9094303E+003
 1.6101577E+000,-5.0326568E-002, 9.9771858E-006, 1.0012500E+002, 9.9865159E+003
 1.6120133E+000,-6.9509976E-002, 9.9753810E-006, 9.6714286E+001, 1.0064000E+004
 1.6141340E+000,-9.0358210E-002, 9.9791207E-006, 8.2250000E+001, 1.0136231E+004
 1.6162547E+000,-1.1407646E-001, 9.9641179E-006, 5.1125000E+001, 1.0193087E+004
 1.6181103E+000,-1.3753079E-001, 9.9091224E-006, 3.7428571E+001, 1.0226837E+004
 1.6202310E+000,-1.6071518E-001, 9.9520442E-006, 5.8375000E+001, 1.0261263E+004
 1.6220866E+000,-1.8314900E-001, 9.9229412E-006, 6.3000000E+001, 1.0304798E+004
 1.6242073E+000,-2.0331412E-001, 9.9507314E-006, 7.1875000E+001, 1.0354354E+004
 1.6262209E+000,-2.1923429E-001, 9.9158561E-006, 5.8700809E+001, 1.0413136E+004
 1.6281273E+000,-2.2848233E-001, 9.9195437E-006, 4.4000000E+001, 1.0462168E+004
 1.6300338E+000,-2.3093832E-001, 9.8882857E-006, 3.6625000E+001, 1.0499754E+004
 1.6321786E+000,-2.2584247E-001, 9.9093884E-006, 3.4111111E+001, 1.0535027E+004
 1.6340851E+000,-2.1359813E-001, 9.9261185E-006, 3.2375000E+001, 1.0568250E+004
 1.6362298E+000,-1.9523734E-001, 9.8667819E-006, 3.3222222E+001, 1.0600784E+004
 1.6381363E+000,-1.7218998E-001, 9.9113467E-006, 3.5375000E+001, 1.0634286E+004
 1.6400428E+000,-1.4752589E-001, 9.9502115E-006, 4.1125000E+001, 1.0672356E+004
 1.6421876E+000,-1.2118165E-001, 9.9518684E-006, 4.7888889E+001, 1.0719240E+004
 1.6440940E+000,-9.5293986E-002, 9.9452599E-006, 5.2375000E+001, 1.0769419E+004
 1.6460005E+000,-7.2878254E-002, 9.9446005E-006, 5.2500000E+001, 1.0818207E+004
 1.6481453E+000,-5.1683927E-002, 9.9629920E-006, 4.9888889E+001, 1.0869859E+004
 1.6500518E+000,-3.3710430E-002, 9.9707758E-006, 4.4625000E+001, 1.0919331E+004
 1.6521965E+000,-1.9685740E-002, 9.9319395E-006, 3.8000000E+001, 1.0962748E+004
 1.6541030E+000,-1.0083264E-002, 9.8567660E-006, 3.0750000E+001, 1.0999417E+004
 1.6561763E+000,-5.3641346E-003, 9.7952241E-006, 3.0287356E+001, 1.1028815E+004
 1.6580113E+000,-6.3701254E-003, 9.9686489E-006, 5.0142857E+001, 1.1064099E+004
 1.6601084E+000,-1.2154440E-002, 9.9602092E-006, 6.5875000E+001, 1.1112950E+004
 1.6622055E+000,-2.4319041E-002, 9.9658328E-006, 8.3250000E+001, 1.1182454E+004
 1.6640405E+000,-4.0574395E-002, 9.9613820E-006, 9.3000000E+001, 1.1248358E+004
 1.6661376E+000,-6.0333885E-002, 9.9758411E-006, 9.6625000E+001, 1.1320375E+004
 1.6682347E+000,-8.3451147E-002, 9.9651289E-006, 8.7125000E+001, 1.1396774E+004
 1.6700697E+000,-1.0535892E-001, 9.9673706E-006, 6.8428571E+001, 1.1458477E+004
 1.6721668E+000,-1.2537677E-001, 9.9291840E-006, 6.3625000E+001, 1.1509052E+004
 1.6740018E+000,-1.4198327E-001, 9.9320104E-006, 5.9142857E+001, 1.1555052E+004
 1.6760989E+000,-1.5445645E-001, 9.8702981E-006, 5.7250000E+001, 1.1599459E+004
 1.6781960E+000,-1.6225533E-001, 9.8886353E-006, 5.3250000E+001, 1.1644513E+004
 1.6800310E+000,-1.6437286E-001, 9.8899191E-006, 4.6428571E+001, 1.1683898E+004
 1.6821281E+000,-1.6178187E-001, 9.8634285E-006, 3.7625000E+001, 1.1722172E+004
 1.6842253E+000,-1.5526809E-001, 9.8297773E-006, 2.9750000E+001, 1.1756052E+004
 1.6860602E+000,-1.4734930E-001, 9.9117864E-006, 2.7571429E+001, 1.1782788E+004
 1.6881574E+000,-1.3850304E-001, 9.9254716E-006, 3.8000000E+001, 1.1812199E+004
 1.6902545E+000,-1.2963292E-001, 9.9532632E-006, 4.6250000E+001, 1.1852685E+004
 1.6920895E+000,-1.2246841E-001, 9.9295875E-006, 4.9714286E+001, 1.1895260E+004
 1.6941866E+000,-1.1669743E-001, 9.9580928E-006, 4.8000000E+001, 1.1938751E+004
 1.6960215E+000,-1.1259934E-001, 9.9502084E-006, 4.4428571E+001, 1.1980945E+004
 1.6981187E+000,-1.1022403E-001, 9.9243964E-006, 4.0375000E+001, 1.2018716E+004
 1.7002158E+000,-1.0978280E-001, 9.9285567E-006, 3.5750000E+001, 1.2054917E+004
 1.7020508E+000,-1.1144596E-001, 9.8289092E-006, 3.2428571E+001, 1.2085973E+004
 1.7041479E+000,-1.1500299E-001, 9.8600612E-006, 3.0000000E+001, 1.2115297E+004
 1.7062450E+000,-1.2091591E-001, 9.9002719E-006, 3.7000000E+001, 1.2145194E+004
 1.7080800E+000,-1.2929227E-001, 9.9537545E-006, 5.0428571E+001, 1.2182473E+004
 1.7101771E+000,-1.3977980E-001, 9.9439867E-006, 6.0000000E+001, 1.2228184E+004
 1.7120121E+000,-1.5351643E-001, 9.9346646E-006, 6.2714286E+001, 1.2281585E+004
 1.7141092E+000,-1.7036954E-001, 9.9229920E-006, 5.7750000E+001, 1.2333728E+004
 1.7162063E+000,-1.9199642E-001, 9.9011994E-006, 4.2000000E+001, 1.2382236E+004
 1.7180413E+000,-2.1569715E-001, 9.9525067E-006, 4.3428571E+001, 1.2417498E+004
 1.7201384E+000,-2.3988966E-001, 9.9913258E-006, 7.0000000E+001, 1.2473971E+004
 1.7222355E+000,-2.6581833E-001, 9.9613842E-006, 8.5125000E+001, 1.2548710E+004
 1.7240705E+000,-2.8744724E-001, 9.9719140E-006, 9.3571429E+001, 1.2622769E+004
 1.7261676E+000,-3.0186140E-001, 9.9768456E-006, 8.9250000E+001, 1.2698113E+004
 1.7280026E+000,-3.0671969E-001, 9.9557490E-006, 7.8285714E+001, 1.2770516E+004
 1.7301519E+000,-3.0011655E-001, 9.9468551E-006, 5.0780743E+001, 1.2832430E+004
 1.7320391E+000,-2.8349263E-001, 9.8917424E-006, 4.3750000E+001, 1.2878345E+004
 1.7341622E+000,-2.5901400E-001, 9.8633368E-006, 4.0555556E+001, 1.2922043E+004
 1.7360494E+000,-2.2991648E-001, 9.8883996E-006, 3.5750000E+001, 1.2963555E+004
 1.7381725E+000,-2.0017929E-001, 9.7978207E-006, 3.0888889E+001, 1.2997165E+004
 1.7400597E+000,-1.7349377E-001, 9.8638927E-006, 3.4250000E+001, 1.3028663E+004
 1.7421828E+000,-1.4995843E-001, 9.8413377E-006, 3.2444444E+001, 1.3060742E+004
 1.7440700E+000,-1.3130114E-001, 9.8541021E-006, 3.4375000E+001, 1.3095287E+004
 1.7461930E+000,-1.1712286E-001, 9.8812748E-006, 3.1222222E+001, 1.3129243E+004
 1.7480802E+000,-1.0700199E-001, 9.8413450E-006, 2.8500000E+001, 1.3165084E+004
 1.7502033E+000,-9.9965649E-002, 9.8772321E-006, 2.7777778E+001, 1.3201247E+004
 1.7520905E+000,-9.4433029E-002, 9.8263883E-006, 2.7250000E+001, 1.3231768E+004
 1.7542136E+000,-9.0279835E-002, 9.8074991E-006, 2.3666667E+001, 1.3259552E+004
 1.7561008E+000,-8.7007445E-002, 9.8307732E-006, 2.1375000E+001, 1.3282473E+004
 1.7580116E+000,-8.5136573E-002, 9.7798073E-006, 2.2765432E+001, 1.3303423E+004
 1.7600875E+000,-8.3347888E-002, 9.8179697E-006, 2.6500000E+001, 1.3325422E+004
 1.7621634E+000,-8.1991765E-002, 9.9581677E-006, 3.8000000E+001, 1.3353941E+004
 1.7642393E+000,-8.0740998E-002, 9.9207706E-006, 4.9500000E+001, 1.3390769E+004
 1.7660557E+000,-7.9465815E-002, 9.9181022E-006, 5.5571429E+001, 1.3431184E+004
 1.7681316E+000,-7.8187078E-002, 9.9270869E-006, 5.6000000E+001, 1.3474231E+004
 1.7702075E+000,-7.6503489E-002, 9.9064158E-006, 4.9125000E+001, 1.3518184E+004
 1.7720239E+000,-7.4960916E-002, 9.9391747E-006, 4.5714286E+001, 1.3555706E+004
 1.7740999E+000,-7.2071787E-002, 9.9344375E-006, 5.0875000E+001, 1.3593703E+004
 1.7761758E+000,-6.7643108E-002, 9.9420431E-006, 7.1250000E+001, 1.3643503E+004
 1.7782517E+000,-6.2879908E-002, 9.9493457E-006, 7.8875000E+001, 1.3701921E+004
 1.7800681E+000,-5.6982536E-002, 9.9512681E-006, 7.4714286E+001, 1.3760736E+004
 1.7821440E+000,-5.0859322E-002, 9.9584526E-006, 6.3125000E+001, 1.3814911E+004
 1.7842199E+000,-4.5095507E-002, 9.9493648E-006, 4.9875000E+001, 1.3864330E+004
 1.7861919E+000,-4.1062924E-002, 9.9356731E-006, 4.7723872E+001, 1.3906296E+004
 1.7880601E+000,-3.9973622E-002, 9.9234214E-006, 4.0875000E+001, 1.3944950E+004
 1.7901618E+000,-4.0908299E-002, 9.8662672E-006, 3.6333333E+001, 1.3981927E+004
 1.7920299E+000,-4.3700918E-002, 9.7851674E-006, 3.0375000E+001, 1.4013106E+004
 1.7941316E+000,-4.8529372E-002, 9.8297544E-006, 3.1777778E+001, 1.4039923E+004
 1.7962333E+000,-5.4837856E-002, 9.7801613E-006, 3.1111111E+001, 1.4068605E+004
 1.7981014E+000,-6.2102047E-002, 9.8683417E-006, 3.0250000E+001, 1.4095400E+004
 1.8002031E+000,-7.0996730E-002, 9.7761639E-006, 2.9333333E+001, 1.4121837E+004
 1.8020712E+000,-8.1320289E-002, 9.9360747E-006, 2.8125000E+001, 1.4147447E+004
 1.8041729E+000,-9.3628822E-002, 9.8975359E-006, 2.8222222E+001, 1.4173335E+004
 1.8060411E+000,-1.0792198E-001, 9.8460323E-006, 2.9000000E+001, 1.4199753E+004
 1.8080260E+000,-1.2443843E-001, 9.9226980E-006, 3.9611765E+001, 1.4230654E+004
 1.8100809E+000,-1.4528512E-001, 9.9476974E-006, 5.5500000E+001, 1.4273926E+004
 1.8121359E+000,-1.6990508E-001, 9.9590751E-006, 6.6875000E+001, 1.4326615E+004
 1.8141909E+000,-1.9853072E-001, 9.9305780E-006, 6.7500000E+001, 1.4382506E+004
 1.8162458E+000,-2.3104281E-001, 9.9331315E-006, 5.8875000E+001, 1.4435108E+004
 1.8180439E+000,-2.6449008E-001, 9.9093449E-006, 4.4285714E+001, 1.4475908E+004
 1.8200989E+000,-2.9963378E-001, 9.9500677E-006, 4.9625000E+001, 1.4511345E+004
 1.8221539E+000,-3.3386554E-001, 9.9948939E-006, 7.3000000E+001, 1.4565292E+004
 1.8242088E+000,-3.6172818E-001, 9.9872109E-006, 9.7125000E+001, 1.4638182E+004
 1.8260069E+000,-3.7875501E-001, 9.9655668E-006, 9.9857143E+001, 1.4714473E+004
 1.8280619E+000,-3.8647276E-001, 9.9685426E-006, 8.7750000E+001, 1.4783444E+004
 1.8301169E+000,-3.7592279E-001, 9.9732350E-006, 7.9625000E+001, 1.4855202E+004
 1.8321718E+000,-3.4883455E-001, 9.9496012E-006, 6.2250000E+001, 1.4914920E+004
 1.8342268E+000,-3.0980025E-001, 9.9383328E-006, 5.4125000E+001, 1.4963140E+004
 1.8360249E+000,-2.6852603E-001, 9.8966925E-006, 4.1142857E+001, 1.5000626E+004
 1.8380799E+000,-2.2624955E-001, 9.8594750E-006, 3.1000000E+001, 1.5030034E+004
 1.8401348E+000,-1.8369037E-001, 9.7956542E-006, 2.9750000E+001, 1.5055172E+004
 1.8421898E+000,-1.4730653E-001, 9.8555384E-006, 3.3375000E+001, 1.5080628E+004
 1.8442448E+000,-1.1601418E-001, 9.7581334E-006, 2.7625000E+001, 1.5104840E+004
 1.8460428E+000,-9.0886668E-002, 9.7561831E-006, 2.6000000E+001, 1.5125920E+004
 1.8480978E+000,-7.0137623E-002, 9.7061778E-006, 2.4125000E+001, 1.5146155E+004
 1.8501528E+000,-5.0960821E-002, 9.7534302E-006, 2.7375000E+001, 1.5167700E+004
 1.8522077E+000,-3.3410481E-002, 9.7833420E-006, 3.2000000E+001, 1.5192456E+004
 1.8540058E+000,-1.8048160E-002, 9.8979229E-006, 3.5571429E+001, 1.5217886E+004
 1.8560608E+000,-2.4464516E-003, 9.8978364E-006, 4.0750000E+001, 1.5247904E+004
 1.8581158E+000, 1.4185241E-002, 9.9024886E-006, 4.2500000E+001, 1.5283728E+004
 1.8601707E+000, 3.0527408E-002, 9.8863474E-006, 4.3625000E+001, 1.5320782E+004
 1.8622257E+000, 4.5989505E-002, 9.9336870E-006, 3.9375000E+001, 1.5356971E+004
 1.8640238E+000, 5.7907893E-002, 9.7586679E-006, 3.2428571E+001, 1.5385750E+004
 1.8660788E+000, 6.4123112E-002, 9.9242979E-006, 6.6250000E+001, 1.5415930E+004
 1.8681337E+000, 5.7594238E-002, 9.9707665E-006, 8.1500000E+001, 1.5475719E+004
 1.8701887E+000, 4.4890126E-002, 9.9800046E-006, 9.5250000E+001, 1.5547350E+004
 1.8722437E+000, 2.5786999E-002, 9.9657939E-006, 9.7375000E+001, 1.5627111E+004
 1.8740418E+000, 3.2717432E-003, 9.9535032E-006, 9.7285714E+001, 1.5703347E+004
 1.8760967E+000,-1.9720206E-002, 9.9647643E-006, 8.3125000E+001, 1.5771205E+004
 1.8781517E+000,-4.3070404E-002, 9.9333325E-006, 6.4000000E+001, 1.5830731E+004
 1.8802067E+000,-6.2700601E-002, 9.8460529E-006, 4.6875000E+001, 1.5876167E+004
 1.8820048E+000,-7.6345714E-002, 9.8723406E-006, 4.7142857E+001, 1.5910708E+004
 1.8840597E+000,-8.5075846E-002, 9.9412855E-006, 4.2750000E+001, 1.5945291E+004
 1.8861147E+000,-8.9550452E-002, 9.9328586E-006, 5.0250000E+001, 1.5983674E+004
 1.8880403E+000,-9.0936795E-002, 9.9168055E-006, 4.7201483E+001, 1.6024561E+004
 1.8901194E+000,-9.0664855E-002, 9.9135844E-006, 4.0444444E+001, 1.6065037E+004
 1.8921984E+000,-8.9848060E-002, 9.8943135E-006, 3.4444444E+001, 1.6102917E+004
 1.8940465E+000,-8.9099137E-002, 9.9264618E-006, 2.9750000E+001, 1.6133815E+004
 1.8961255E+000,-8.8938070E-002, 9.8744766E-006, 2.7000000E+001, 1.6161011E+004
 1.8982046E+000,-8.9961883E-002, 9.6245775E-006, 2.6000000E+001, 1.6187289E+004
 1.9000526E+000,-9.2043294E-002, 9.7710426E-006, 2.6125000E+001, 1.6211851E+004
 1.9021317E+000,-9.5344000E-002, 9.7986111E-006, 2.7000000E+001, 1.6236934E+004
 1.9042107E+000,-1.0063370E-001, 9.6802749E-006, 2.7888889E+001, 1.6264171E+004
 1.9060587E+000,-1.0757824E-001, 9.7839271E-006, 2.8625000E+001, 1.6290433E+004
 1.9081378E+000,-1.1623740E-001, 9.8557855E-006, 2.9000000E+001, 1.6316787E+004
 1.9101706E+000,-1.2772592E-001, 9.7284981E-006, 3.1500000E+001, 1.6343508E+004
 1.9122035E+000,-1.4241251E-001, 9.8892847E-006, 4.2250000E+001, 1.6373527E+004
 1.9142363E+000,-1.6073209E-001, 9.8952113E-006, 4.6625000E+001, 1.6410181E+004
 1.9160151E+000,-1.8147453E-001, 9.9277559E-006, 4.6857143E+001, 1.6447134E+004
 1.9180479E+000,-2.0662025E-001, 9.9399164E-006, 5.0750000E+001, 1.6487918E+004
 1.9200808E+000,-2.4282254E-001, 9.9634702E-006, 5.7625000E+001, 1.6532411E+004
 1.9221136E+000,-2.9136944E-001, 9.8837878E-006, 5.1375000E+001, 1.6579323E+004
 1.9241465E+000,-3.3167210E-001, 9.9673549E-006, 6.4625000E+001, 1.6627662E+004
 1.9261793E+000,-3.6597635E-001, 9.9562100E-006, 7.1250000E+001, 1.6678609E+004
 1.9282122E+000,-3.8617936E-001, 9.9365231E-006, 6.7250000E+001, 1.6734459E+004
 1.9302450E+000,-3.8829490E-001, 9.9374415E-006, 5.4750000E+001, 1.6784271E+004
 1.9320237E+000,-3.7457459E-001, 9.9012337E-006, 4.3714286E+001, 1.6822857E+004
 1.9340566E+000,-3.4559062E-001, 9.8891198E-006, 4.3750000E+001, 1.6858017E+004
 1.9360894E+000,-3.0609909E-001, 9.9668991E-006, 3.8750000E+001, 1.6894674E+004
 1.9381223E+000,-2.6193021E-001, 9.7963799E-006, 2.8500000E+001, 1.6923436E+004
 1.9401551E+000,-2.1800016E-001, 9.5549922E-006, 2.7000000E+001, 1.6947459E+004
 1.9421880E+000,-1.7811130E-001, 9.6925857E-006, 2.7625000E+001, 1.6971093E+004
 1.9442208E+000,-1.4328501E-001, 9.7006975E-006, 2.4375000E+001, 1.6993941E+004
 1.9462537E+000,-1.1180171E-001, 9.7327726E-006, 2.8500000E+001, 1.7016709E+004
 1.9480324E+000,-8.5602145E-002, 9.7658727E-006, 3.0285714E+001, 1.7040845E+004
 1.9500652E+000,-6.2426853E-002, 9.8589084E-006, 3.6375000E+001, 1.7067476E+004
 1.9520981E+000,-3.8352463E-002, 9.9017089E-006, 4.1625000E+001, 1.7100664E+004
 1.9541309E+000,-1.5113487E-002, 9.9626619E-006, 4.5500000E+001, 1.7138403E+004
 1.9561638E+000, 8.5232771E-003, 9.9492304E-006, 4.8875000E+001, 1.7182731E+004
 1.9581966E+000, 3.1105261E-002, 9.9298838E-006, 5.0500000E+001, 1.7228297E+004
 1.9602295E+000, 5.1016191E-002, 9.9296904E-006, 4.7750000E+001, 1.7270128E+004
 1.9620082E+000, 6.6301158E-002, 9.7842051E-006, 3.7428571E+001, 1.7304928E+004
 1.9640411E+000, 7.1480752E-002, 9.9129684E-006, 6.6125000E+001, 1.7336649E+004
 1.9660739E+000, 6.5560516E-002, 9.9467131E-006, 6.8500000E+001, 1.7390483E+004
 1.9681068E+000, 5.2535676E-002, 9.9716423E-006, 9.3875000E+001, 1.7459519E+004
 1.9701396E+000, 3.1334411E-002, 9.9756374E-006, 1.1525000E+002, 1.7545688E+004
 1.9721724E+000, 3.8314663E-003, 9.9861816E-006, 1.2262500E+002, 1.7645909E+004
 1.9742053E+000,-2.5948053E-002, 9.9702115E-006, 1.0262500E+002, 1.7742673E+004
 1.9762381E+000,-5.2895123E-002, 9.9560516E-006, 8.5375000E+001, 1.7821797E+004
 1.9780169E+000,-7.4633774E-002, 9.9127245E-006, 5.9857143E+001, 1.7879371E+004
 1.9800497E+000,-9.1316378E-002, 9.8773159E-006, 4.9500000E+001, 1.7918859E+004
 1.9820826E+000,-1.0234430E-001, 9.9549899E-006, 6.0750000E+001, 1.7962810E+004
 1.9841154E+000,-1.0769304E-001, 9.9413030E-006, 5.4125000E+001, 1.8008748E+004
 1.9861483E+000,-1.0787889E-001, 9.9514720E-006, 5.9250000E+001, 1.8057336E+004
 1.9881811E+000,-1.0577477E-001, 9.9617540E-006, 5.7125000E+001, 1.8106247E+004
 1.9902140E+000,-1.0209193E-001, 9.9396279E-006, 5.0500000E+001, 1.8152838E+004
 1.9922468E+000,-9.8541547E-002, 9.9115192E-006, 4.2500000E+001, 1.8193581E+004
 1.9940255E+000,-9.5604499E-002, 9.9149953E-006, 3.7000000E+001, 1.8226104E+004
 1.9960584E+000,-9.3410882E-002, 9.8721311E-006, 3.3375000E+001, 1.8253909E+004
 1.9980912E+000,-9.2421728E-002, 9.8991713E-006, 3.1250000E+001, 1.8281552E+004
 2.0000000E+000,-9.2760736E-002, 9.8283541E-006, 3.0578843E+001, 1.8308017E+004
