s,kg/s,,kg/s,,kg
Time,MF IN TRACER,MASS IN TRACER,MF OUT TRACER,MASS OUT TRACER,MASS VOL TRACER
 0.0000000E+000, 0.0000000E+000, 0.0000000E+000, 0.0000000E+000, 0.0000000E+000, 0.0000000E+000
 2.1957414E-003, 1.2551090E+002, 2.7558949E-001, 0.0000000E+000, 0.0000000E+000, 0.0000000E+000
 4.3914828E-003, 1.2551111E+002, 5.5117943E-001, 0.0000000E+000, 0.0000000E+000, 2.7559110E-001
 6.5872241E-003, 1.2551221E+002, 8.2677179E-001, 0.0000000E+000, 0.0000000E+000, 5.5118264E-001
 8.7829655E-003, 1.2551224E+002, 1.1023642E+000,-9.1742565E-005,-2.0144295E-007, 8.2677516E-001
 1.0978707E-002, 1.2551226E+002, 1.3779567E+000,-5.6793930E-004,-1.4484908E-006, 1.1023672E+000
 1.3174448E-002, 1.2551227E+002, 1.6535492E+000,-1.9865787E-003,-5.8105039E-006, 1.3779575E+000
 1.5370190E-002, 1.2551228E+002, 1.9291417E+000,-5.2388650E-003,-1.7313696E-005, 1.6535431E+000
 1.7565931E-002, 1.2551228E+002, 2.2047342E+000,-1.1617338E-002,-4.2822367E-005, 1.9291189E+000
 1.9761672E-002, 1.2551228E+002, 2.4803267E+000,-2.2878427E-002,-9.3057475E-005, 2.2046762E+000
 2.1957414E-002, 1.2551228E+002, 2.7559192E+000,-4.1294221E-002,-1.8372891E-004, 2.4802022E+000
 2.4153155E-002, 1.2551228E+002, 3.0315117E+000,-6.9690785E-002,-3.3675184E-004, 2.7556784E+000
 2.6348897E-002, 1.2551228E+002, 3.3071042E+000,-1.1147117E-001,-5.8151370E-004, 3.0310793E+000
 2.8544638E-002, 1.2551228E+002, 3.5826967E+000,-1.7061976E-001,-9.5615056E-004, 3.3063716E+000
 3.0740379E-002, 1.2551228E+002, 3.8582892E+000,-2.5168217E-001,-1.5087795E-003, 3.5815125E+000
 3.2936121E-002, 1.2551228E+002, 4.1338817E+000,-3.5971276E-001,-2.2986157E-003, 3.8564485E+000
 3.5131862E-002, 1.2551228E+002, 4.4094742E+000,-5.0017771E-001,-3.3968766E-003, 4.1311148E+000
 3.7327603E-002, 1.2551228E+002, 4.6850667E+000,-6.7879471E-001,-4.8873343E-003, 4.4054340E+000
 3.9523345E-002, 1.2551228E+002, 4.9606592E+000,-9.0128227E-001,-6.8663170E-003, 4.6793161E+000
 4.1719086E-002, 1.2551228E+002, 5.2362517E+000,-1.1729982E+000,-9.4419178E-003, 4.9526589E+000
 4.3914828E-002, 1.2551228E+002, 5.5118442E+000,-1.4984763E+000,-1.2732184E-002, 5.2253488E+000
 4.6110569E-002, 1.2551228E+002, 5.7874367E+000,-1.8809181E+000,-1.6862194E-002, 5.4972636E+000
 4.8306310E-002, 1.2551228E+002, 6.0630292E+000,-2.3217329E+000,-2.1960119E-002, 5.7682758E+000
 5.0502052E-002, 1.2551228E+002, 6.3386217E+000,-2.8202247E+000,-2.8152603E-002, 6.0382569E+000
 5.2697793E-002, 1.2551228E+002, 6.6142142E+000,-3.3734843E+000,-3.5559902E-002, 6.3070822E+000
 5.4893534E-002, 1.2551228E+002, 6.8898067E+000,-3.9765256E+000,-4.4291324E-002, 6.5746359E+000
 5.7089276E-002, 1.2551228E+002, 7.1653992E+000,-4.6226308E+000,-5.4441425E-002, 6.8408150E+000
 5.9504591E-002, 1.2551228E+002, 7.4685510E+000,-5.3741118E+000,-6.7421601E-002, 7.1319256E+000
 6.1919907E-002, 1.2551228E+002, 7.7717028E+000,-6.1566235E+000,-8.2291789E-002, 7.4211774E+000
 6.4335222E-002, 1.2551228E+002, 8.0748545E+000,-6.9587781E+000,-9.9099434E-002, 7.7085093E+000
 6.6750538E-002, 1.2551228E+002, 8.3780063E+000,-7.7699743E+000,-1.1786637E-001, 7.9938869E+000
 6.9165853E-002, 1.2551228E+002, 8.6811580E+000,-8.5808959E+000,-1.3859194E-001, 8.2773004E+000
 7.1581169E-002, 1.2551228E+002, 8.9843098E+000,-9.3837565E+000,-1.6125668E-001, 8.5587606E+000
 7.3996484E-002, 1.2551228E+002, 9.2874615E+000,-1.0172355E+001,-1.8582612E-001, 8.8382954E+000
 7.6411800E-002, 1.2551228E+002, 9.5906133E+000,-1.0941964E+001,-2.1225442E-001, 9.1159458E+000
 7.8827115E-002, 1.2551228E+002, 9.8937650E+000,-1.1689155E+001,-2.4048742E-001, 9.3917624E+000
 8.1242431E-002, 1.2551228E+002, 1.0196917E+001,-1.2411583E+001,-2.7046531E-001, 9.6658028E+000
 8.3657746E-002, 1.2551228E+002, 1.0500069E+001,-1.3107773E+001,-3.0212472E-001, 9.9381292E+000
 8.6073062E-002, 1.2551228E+002, 1.0803220E+001,-1.3776936E+001,-3.3540036E-001, 1.0208806E+001
 8.8488378E-002, 1.2551228E+002, 1.1106372E+001,-1.4418839E+001,-3.7022641E-001, 1.0477900E+001
 9.0903693E-002, 1.2551228E+002, 1.1409524E+001,-1.5033732E+001,-4.0653761E-001, 1.0745476E+001
 9.3319009E-002, 1.2551228E+002, 1.1712676E+001,-1.5622324E+001,-4.4427046E-001, 1.1011598E+001
 9.5734324E-002, 1.2551228E+002, 1.2015827E+001,-1.6185794E+001,-4.8336426E-001, 1.1276331E+001
 9.8149640E-002, 1.2551228E+002, 1.2318979E+001,-1.6725833E+001,-5.2376242E-001, 1.1539731E+001
 1.0056496E-001, 1.2551228E+002, 1.2622131E+001,-1.7244693E+001,-5.6541379E-001, 1.1801854E+001
 1.0298027E-001, 1.2551228E+002, 1.2925283E+001,-1.7745255E+001,-6.0827418E-001, 1.2062748E+001
 1.0539559E-001, 1.2551228E+002, 1.3228434E+001,-1.8231068E+001,-6.5230797E-001, 1.2322452E+001
 1.0781090E-001, 1.2551228E+002, 1.3531586E+001,-1.8706395E+001,-6.9748981E-001, 1.2580999E+001
 1.1022622E-001, 1.2551228E+002, 1.3834738E+001,-1.9176233E+001,-7.4380646E-001, 1.2838407E+001
 1.1264153E-001, 1.2551228E+002, 1.4137890E+001,-1.9646313E+001,-7.9125851E-001, 1.3094683E+001
 1.1505685E-001, 1.2551228E+002, 1.4441041E+001,-2.0123075E+001,-8.3986208E-001, 1.3349820E+001
 1.1747216E-001, 1.2551228E+002, 1.4744193E+001,-2.0613623E+001,-8.8965049E-001, 1.3603793E+001
 1.1988748E-001, 1.2551228E+002, 1.5047345E+001,-2.1125647E+001,-9.4067559E-001, 1.3856559E+001
 1.2230279E-001, 1.2551228E+002, 1.5350497E+001,-2.1667311E+001,-9.9300898E-001, 1.4108059E+001
 1.2471811E-001, 1.2551228E+002, 1.5653648E+001,-2.2247106E+001,-1.0467428E+000, 1.4358210E+001
 1.2713343E-001, 1.2551228E+002, 1.5956800E+001,-2.2873694E+001,-1.1019900E+000, 1.4606909E+001
 1.2954874E-001, 1.2551228E+002, 1.6259952E+001,-2.3555717E+001,-1.1588844E+000, 1.4854033E+001
 1.3196406E-001, 1.2551228E+002, 1.6563104E+001,-2.4301623E+001,-1.2175805E+000, 1.5099439E+001
 1.3437937E-001, 1.2551228E+002, 1.6866255E+001,-2.5119493E+001,-1.2782520E+000, 1.5342962E+001
 1.3679469E-001, 1.2551228E+002, 1.7169407E+001,-2.6016788E+001,-1.3410908E+000, 1.5584418E+001
 1.3921000E-001, 1.2551228E+002, 1.7472559E+001,-2.7000056E+001,-1.4063044E+000, 1.5823609E+001
 1.4162532E-001, 1.2551228E+002, 1.7775711E+001,-2.8074656E+001,-1.4741136E+000, 1.6060318E+001
 1.4404063E-001, 1.2551228E+002, 1.8078862E+001,-2.9244505E+001,-1.5447483E+000, 1.6294320E+001
 1.4645595E-001, 1.2551228E+002, 1.8382014E+001,-3.0511836E+001,-1.6184440E+000, 1.6525381E+001
 1.4887127E-001, 1.2551228E+002, 1.8685166E+001,-3.1877045E+001,-1.6954371E+000, 1.6753264E+001
 1.5128658E-001, 1.2551228E+002, 1.8988318E+001,-3.3338609E+001,-1.7759604E+000, 1.6977733E+001
 1.5370190E-001, 1.2551228E+002, 1.9291469E+001,-3.4893142E+001,-1.8602383E+000, 1.7198558E+001
 1.5611721E-001, 1.2551228E+002, 1.9594621E+001,-3.6535611E+001,-1.9484834E+000, 1.7415520E+001
 1.5853253E-001, 1.2551228E+002, 1.9897773E+001,-3.8259544E+001,-2.0408922E+000, 1.7628413E+001
 1.6094784E-001, 1.2551228E+002, 2.0200925E+001,-4.0056916E+001,-2.1376423E+000, 1.7837049E+001
 1.6336316E-001, 1.2551228E+002, 2.0504076E+001,-4.1917988E+001,-2.2388875E+000, 1.8041260E+001
 1.6577847E-001, 1.2551228E+002, 2.0807228E+001,-4.3830973E+001,-2.3447531E+000, 1.8240907E+001
 1.6819379E-001, 1.2551228E+002, 2.1110380E+001,-4.5782768E+001,-2.4553329E+000, 1.8435877E+001
 1.7060911E-001, 1.2551228E+002, 2.1413532E+001,-4.7759459E+001,-2.5706871E+000, 1.8626094E+001
 1.7302442E-001, 1.2551228E+002, 2.1716683E+001,-4.9747180E+001,-2.6908422E+000, 1.8811515E+001
 1.7543974E-001, 1.2551228E+002, 2.2019835E+001,-5.1733346E+001,-2.8157946E+000, 1.8992127E+001
 1.7785505E-001, 1.2551228E+002, 2.2322987E+001,-5.3706579E+001,-2.9455129E+000, 1.9167951E+001
 1.8027037E-001, 1.2551228E+002, 2.2626139E+001,-5.5657628E+001,-3.0799437E+000, 1.9339029E+001
 1.8268568E-001, 1.2551228E+002, 2.2929291E+001,-5.7580383E+001,-3.2190185E+000, 1.9505425E+001
 1.8510100E-001, 1.2551228E+002, 2.3232442E+001,-5.9470912E+001,-3.3626595E+000, 1.9667213E+001
 1.8751631E-001, 1.2551228E+002, 2.3535594E+001,-6.1326210E+001,-3.5107816E+000, 1.9824475E+001
 1.8993163E-001, 1.2551228E+002, 2.3838746E+001,-6.3143885E+001,-3.6632940E+000, 1.9977299E+001
 1.9234694E-001, 1.2551228E+002, 2.4141898E+001,-6.4920988E+001,-3.8200987E+000, 2.0125781E+001
 1.9476226E-001, 1.2551228E+002, 2.4445049E+001,-6.6653081E+001,-3.9810869E+000, 2.0270019E+001
 1.9717758E-001, 1.2551228E+002, 2.4748201E+001,-6.8339011E+001,-4.1461472E+000, 2.0410130E+001
 1.9959289E-001, 1.2551228E+002, 2.5051353E+001,-6.9977054E+001,-4.3151639E+000, 2.0546226E+001
 2.0200821E-001, 1.2551228E+002, 2.5354505E+001,-7.1564162E+001,-4.4880139E+000, 2.0678425E+001
 2.0442352E-001, 1.2551228E+002, 2.5657656E+001,-7.3094757E+001,-4.6645608E+000, 2.0806856E+001
 2.0683884E-001, 1.2551228E+002, 2.5960808E+001,-7.4563109E+001,-4.8446542E+000, 2.0931660E+001
 2.0925415E-001, 1.2551228E+002, 2.6263960E+001,-7.5965982E+001,-5.0281360E+000, 2.1052997E+001
 2.1166947E-001, 1.2551228E+002, 2.6567112E+001,-7.7302651E+001,-5.2148463E+000, 2.1171024E+001
 2.1408478E-001, 1.2551228E+002, 2.6870263E+001,-7.8572186E+001,-5.4046229E+000, 2.1285903E+001
 2.1650010E-001, 1.2551228E+002, 2.7173415E+001,-7.9774148E+001,-5.5973027E+000, 2.1397797E+001
 2.1891542E-001, 1.2551228E+002, 2.7476567E+001,-8.0908688E+001,-5.7927227E+000, 2.1506868E+001
 2.2133073E-001, 1.2551228E+002, 2.7779719E+001,-8.1975333E+001,-5.9907190E+000, 2.1613280E+001
 2.2374605E-001, 1.2551228E+002, 2.8082870E+001,-8.2973808E+001,-6.1911269E+000, 2.1717197E+001
 2.2616136E-001, 1.2551228E+002, 2.8386022E+001,-8.3905534E+001,-6.3937852E+000, 2.1818783E+001
 2.2857668E-001, 1.2551228E+002, 2.8689174E+001,-8.4774879E+001,-6.5985433E+000, 2.1918196E+001
 2.3099199E-001, 1.2551228E+002, 2.8992326E+001,-8.5587991E+001,-6.8052653E+000, 2.2015580E+001
 2.3340731E-001, 1.2551228E+002, 2.9295477E+001,-8.6352194E+001,-7.0138331E+000, 2.2111064E+001
 2.3582262E-001, 1.2551228E+002, 2.9598629E+001,-8.7076149E+001,-7.2241495E+000, 2.2204755E+001
 2.3823794E-001, 1.2551228E+002, 2.9901781E+001,-8.7765696E+001,-7.4361313E+000, 2.2296741E+001
 2.4065325E-001, 1.2551228E+002, 3.0204933E+001,-8.8427673E+001,-7.6497121E+000, 2.2387099E+001
 2.4306857E-001, 1.2551228E+002, 3.0508084E+001,-8.9065734E+001,-7.8648339E+000, 2.2475889E+001
 2.4548389E-001, 1.2551228E+002, 3.0811236E+001,-8.9682459E+001,-8.0814454E+000, 2.2563165E+001
 2.4789920E-001, 1.2551228E+002, 3.1114388E+001,-9.0278037E+001,-8.2994953E+000, 2.2648977E+001
 2.5031452E-001, 1.2551228E+002, 3.1417540E+001,-9.0851706E+001,-8.5189308E+000, 2.2733376E+001
 2.5272983E-001, 1.2551228E+002, 3.1720691E+001,-9.1401638E+001,-8.7396946E+000, 2.2816417E+001
 2.5514515E-001, 1.2551228E+002, 3.2023843E+001,-9.1924720E+001,-8.9617218E+000, 2.2898160E+001
 2.5756046E-001, 1.2551228E+002, 3.2326995E+001,-9.2418236E+001,-9.1849410E+000, 2.2978673E+001
 2.5997578E-001, 1.2551228E+002, 3.2630147E+001,-9.2882585E+001,-9.4092818E+000, 2.3058029E+001
 2.6239109E-001, 1.2551228E+002, 3.2933298E+001,-9.3319529E+001,-9.6346779E+000, 2.3136298E+001
 2.6480641E-001, 1.2551228E+002, 3.3236450E+001,-9.3731924E+001,-9.8610701E+000, 2.3213543E+001
 2.6722173E-001, 1.2551228E+002, 3.3539602E+001,-9.4121219E+001,-1.0088402E+001, 2.3289821E+001
 2.6963704E-001, 1.2551228E+002, 3.3842754E+001,-9.4487378E+001,-1.0316619E+001, 2.3365187E+001
 2.7205236E-001, 1.2551228E+002, 3.4145905E+001,-9.4830198E+001,-1.0545664E+001, 2.3439696E+001
 2.7446767E-001, 1.2551228E+002, 3.4449057E+001,-9.5151370E+001,-1.0775485E+001, 2.3513404E+001
 2.7688299E-001, 1.2551228E+002, 3.4752209E+001,-9.5453366E+001,-1.1006035E+001, 2.3586360E+001
 2.7929830E-001, 1.2551228E+002, 3.5055361E+001,-9.5737702E+001,-1.1237272E+001, 2.3658609E+001
 2.8171362E-001, 1.2551228E+002, 3.5358512E+001,-9.6007847E+001,-1.1469161E+001, 2.3730191E+001
 2.8412893E-001, 1.2551228E+002, 3.5661664E+001,-9.6265428E+001,-1.1701672E+001, 2.3801136E+001
 2.8654425E-001, 1.2551228E+002, 3.5964816E+001,-9.6512443E+001,-1.1934780E+001, 2.3871474E+001
 2.8895957E-001, 1.2551228E+002, 3.6267968E+001,-9.6751097E+001,-1.2168465E+001, 2.3941226E+001
 2.9137488E-001, 1.2551228E+002, 3.6571119E+001,-9.6983779E+001,-1.2402711E+001, 2.4010410E+001
 2.9379020E-001, 1.2551228E+002, 3.6874271E+001,-9.7212875E+001,-1.2637511E+001, 2.4079038E+001
 2.9620551E-001, 1.2551228E+002, 3.7177423E+001,-9.7442497E+001,-1.2872865E+001, 2.4147115E+001
 2.9862083E-001, 1.2551228E+002, 3.7480575E+001,-9.7676847E+001,-1.3108786E+001, 2.4214634E+001
 3.0103614E-001, 1.2551228E+002, 3.7783727E+001,-9.7920378E+001,-1.3345294E+001, 2.4281578E+001
 3.0345146E-001, 1.2551228E+002, 3.8086878E+001,-9.8177017E+001,-1.3582423E+001, 2.4347920E+001
 3.0586677E-001, 1.2551228E+002, 3.8390030E+001,-9.8450366E+001,-1.3820211E+001, 2.4413625E+001
 3.0828209E-001, 1.2551228E+002, 3.8693182E+001,-9.8740916E+001,-1.4058702E+001, 2.4478649E+001
 3.1069740E-001, 1.2551228E+002, 3.8996334E+001,-9.9045115E+001,-1.4297927E+001, 2.4542953E+001
 3.1311272E-001, 1.2551228E+002, 3.9299485E+001,-9.9355275E+001,-1.4537901E+001, 2.4606510E+001
 3.1552804E-001, 1.2551228E+002, 3.9602637E+001,-9.9661067E+001,-1.4778614E+001, 2.4669318E+001
 3.1794335E-001, 1.2551228E+002, 3.9905789E+001,-9.9952687E+001,-1.5020032E+001, 2.4731399E+001
 3.2035867E-001, 1.2551228E+002, 4.0208941E+001,-1.0022308E+002,-1.5262102E+001, 2.4792796E+001
 3.2277398E-001, 1.2551228E+002, 4.0512092E+001,-1.0046758E+002,-1.5504763E+001, 2.4853568E+001
 3.2518930E-001, 1.2551228E+002, 4.0815244E+001,-1.0068588E+002,-1.5747951E+001, 2.4913781E+001
 3.2760461E-001, 1.2551228E+002, 4.1118396E+001,-1.0088032E+002,-1.5991609E+001, 2.4973496E+001
 3.3001993E-001, 1.2551228E+002, 4.1421548E+001,-1.0105411E+002,-1.6235686E+001, 2.5032768E+001
 3.3243524E-001, 1.2551228E+002, 4.1724699E+001,-1.0120955E+002,-1.6480139E+001, 2.5091643E+001
 3.3485056E-001, 1.2551228E+002, 4.2027851E+001,-1.0134897E+002,-1.6724929E+001, 2.5150164E+001
 3.3726588E-001, 1.2551228E+002, 4.2331003E+001,-1.0147467E+002,-1.6970022E+001, 2.5208366E+001
 3.3968119E-001, 1.2551228E+002, 4.2634155E+001,-1.0158734E+002,-1.7215388E+001, 2.5266281E+001
 3.4209651E-001, 1.2551228E+002, 4.2937306E+001,-1.0168638E+002,-1.7460993E+001, 2.5323940E+001
 3.4451182E-001, 1.2551228E+002, 4.3240458E+001,-1.0177264E+002,-1.7706806E+001, 2.5381375E+001
 3.4692714E-001, 1.2551228E+002, 4.3543610E+001,-1.0184753E+002,-1.7952799E+001, 2.5438615E+001
 3.4934245E-001, 1.2551228E+002, 4.3846762E+001,-1.0191436E+002,-1.8198955E+001, 2.5495686E+001
 3.5175777E-001, 1.2551228E+002, 4.4149913E+001,-1.0197496E+002,-1.8445257E+001, 2.5552605E+001
 3.5417308E-001, 1.2551228E+002, 4.4453065E+001,-1.0203090E+002,-1.8691693E+001, 2.5609384E+001
 3.5658840E-001, 1.2551228E+002, 4.4756217E+001,-1.0208526E+002,-1.8938261E+001, 2.5666031E+001
 3.5900372E-001, 1.2551228E+002, 4.5059369E+001,-1.0214191E+002,-1.9184966E+001, 2.5722548E+001
 3.6141903E-001, 1.2551228E+002, 4.5362520E+001,-1.0220379E+002,-1.9431821E+001, 2.5778924E+001
 3.6383435E-001, 1.2551228E+002, 4.5665672E+001,-1.0227420E+002,-1.9678845E+001, 2.5835141E+001
 3.6624966E-001, 1.2551228E+002, 4.5968824E+001,-1.0235421E+002,-1.9926063E+001, 2.5891179E+001
 3.6866498E-001, 1.2551228E+002, 4.6271976E+001,-1.0244329E+002,-2.0173496E+001, 2.5947012E+001
 3.7108029E-001, 1.2551228E+002, 4.6575127E+001,-1.0254141E+002,-2.0421166E+001, 2.6002619E+001
 3.7349561E-001, 1.2551228E+002, 4.6878279E+001,-1.0264823E+002,-2.0669094E+001, 2.6057979E+001
 3.7591092E-001, 1.2551228E+002, 4.7181431E+001,-1.0276324E+002,-2.0917299E+001, 2.6113070E+001
 3.7832624E-001, 1.2551228E+002, 4.7484583E+001,-1.0288561E+002,-2.1165800E+001, 2.6167874E+001
 3.8074155E-001, 1.2551228E+002, 4.7787734E+001,-1.0301398E+002,-2.1414612E+001, 2.6222374E+001
 3.8315687E-001, 1.2551228E+002, 4.8090886E+001,-1.0314554E+002,-2.1663741E+001, 2.6276558E+001
 3.8557219E-001, 1.2551228E+002, 4.8394038E+001,-1.0327749E+002,-2.1913188E+001, 2.6330422E+001
 3.8798750E-001, 1.2551228E+002, 4.8697190E+001,-1.0340623E+002,-2.2162947E+001, 2.6383970E+001
 3.9040282E-001, 1.2551228E+002, 4.9000341E+001,-1.0352848E+002,-2.2413001E+001, 2.6437212E+001
 3.9281813E-001, 1.2551228E+002, 4.9303493E+001,-1.0364139E+002,-2.2663328E+001, 2.6490168E+001
 3.9523345E-001, 1.2551228E+002, 4.9606645E+001,-1.0374331E+002,-2.2913901E+001, 2.6542863E+001
 3.9764876E-001, 1.2551228E+002, 4.9909797E+001,-1.0383466E+002,-2.3164694E+001, 2.6595326E+001
 4.0006408E-001, 1.2551228E+002, 5.0212948E+001,-1.0391702E+002,-2.3415686E+001, 2.6647579E+001
 4.0247939E-001, 1.2551228E+002, 5.0516100E+001,-1.0399254E+002,-2.3666861E+001, 2.6699643E+001
 4.0489471E-001, 1.2551228E+002, 5.0819252E+001,-1.0406391E+002,-2.3918208E+001, 2.6751531E+001
 4.0731003E-001, 1.2551228E+002, 5.1122404E+001,-1.0413368E+002,-2.4169724E+001, 2.6803251E+001
 4.0972534E-001, 1.2551228E+002, 5.1425555E+001,-1.0420370E+002,-2.4421409E+001, 2.6854802E+001
 4.1214066E-001, 1.2551228E+002, 5.1728707E+001,-1.0427547E+002,-2.4673267E+001, 2.6906184E+001
 4.1455597E-001, 1.2551228E+002, 5.2031859E+001,-1.0434947E+002,-2.4925304E+001, 2.6957389E+001
 4.1697129E-001, 1.2551228E+002, 5.2335011E+001,-1.0442562E+002,-2.5177525E+001, 2.7008414E+001
 4.1938660E-001, 1.2551228E+002, 5.2638163E+001,-1.0450342E+002,-2.5429933E+001, 2.7059251E+001
 4.2180192E-001, 1.2551228E+002, 5.2941314E+001,-1.0458237E+002,-2.5682533E+001, 2.7109900E+001
 4.2421723E-001, 1.2551228E+002, 5.3244466E+001,-1.0466137E+002,-2.5935323E+001, 2.7160357E+001
 4.2663255E-001, 1.2551228E+002, 5.3547618E+001,-1.0473911E+002,-2.6188301E+001, 2.7210623E+001
 4.2904787E-001, 1.2551228E+002, 5.3850770E+001,-1.0481441E+002,-2.6441461E+001, 2.7260705E+001
 4.3146318E-001, 1.2551228E+002, 5.4153921E+001,-1.0488692E+002,-2.6694796E+001, 2.7310607E+001
 4.3387850E-001, 1.2551228E+002, 5.4457073E+001,-1.0495755E+002,-2.6948302E+001, 2.7360338E+001
 4.3629381E-001, 1.2551228E+002, 5.4760225E+001,-1.0502736E+002,-2.7201976E+001, 2.7409899E+001
 4.3870913E-001, 1.2551228E+002, 5.5063377E+001,-1.0509746E+002,-2.7455819E+001, 2.7459292E+001
 4.4112444E-001, 1.2551228E+002, 5.5366528E+001,-1.0516843E+002,-2.7709834E+001, 2.7508515E+001
 4.4353976E-001, 1.2551228E+002, 5.5669680E+001,-1.0524054E+002,-2.7964023E+001, 2.7557565E+001
 4.4595507E-001, 1.2551228E+002, 5.5972832E+001,-1.0531366E+002,-2.8218389E+001, 2.7606440E+001
 4.4837039E-001, 1.2551228E+002, 5.6275984E+001,-1.0538717E+002,-2.8472932E+001, 2.7655138E+001
 4.5078570E-001, 1.2551228E+002, 5.6579135E+001,-1.0546015E+002,-2.8727652E+001, 2.7703658E+001
 4.5320102E-001, 1.2551228E+002, 5.6882287E+001,-1.0553158E+002,-2.8982544E+001, 2.7752003E+001
 4.5561634E-001, 1.2551228E+002, 5.7185439E+001,-1.0560025E+002,-2.9237602E+001, 2.7800178E+001
 4.5803165E-001, 1.2551228E+002, 5.7488591E+001,-1.0566502E+002,-2.9492816E+001, 2.7848191E+001
 4.6044697E-001, 1.2551228E+002, 5.7791742E+001,-1.0572525E+002,-2.9748176E+001, 2.7896054E+001
 4.6286228E-001, 1.2551228E+002, 5.8094894E+001,-1.0578059E+002,-3.0003670E+001, 2.7943776E+001
 4.6527760E-001, 1.2551228E+002, 5.8398046E+001,-1.0583122E+002,-3.0259285E+001, 2.7991370E+001
 4.6769291E-001, 1.2551228E+002, 5.8701198E+001,-1.0587738E+002,-3.0515013E+001, 2.8038848E+001
 4.7010823E-001, 1.2551228E+002, 5.9004349E+001,-1.0591964E+002,-3.0770842E+001, 2.8086219E+001
 4.7252354E-001, 1.2551228E+002, 5.9307501E+001,-1.0595853E+002,-3.1026765E+001, 2.8133492E+001
 4.7493886E-001, 1.2551228E+002, 5.9610653E+001,-1.0599463E+002,-3.1282776E+001, 2.8180675E+001
 4.7735418E-001, 1.2551228E+002, 5.9913805E+001,-1.0602841E+002,-3.1538868E+001, 2.8227775E+001
 4.7976949E-001, 1.2551228E+002, 6.0216956E+001,-1.0606048E+002,-3.1795037E+001, 2.8274794E+001
 4.8218481E-001, 1.2551228E+002, 6.0520108E+001,-1.0609095E+002,-3.2051280E+001, 2.8321739E+001
 4.8460012E-001, 1.2551228E+002, 6.0823260E+001,-1.0611966E+002,-3.2307593E+001, 2.8368612E+001
 4.8701544E-001, 1.2551228E+002, 6.1126412E+001,-1.0614626E+002,-3.2563970E+001, 2.8415418E+001
 4.8943075E-001, 1.2551228E+002, 6.1429563E+001,-1.0617055E+002,-3.2820405E+001, 2.8462162E+001
 4.9184607E-001, 1.2551228E+002, 6.1732715E+001,-1.0619231E+002,-3.3076893E+001, 2.8508851E+001
 4.9426138E-001, 1.2551228E+002, 6.2035867E+001,-1.0621174E+002,-3.3333428E+001, 2.8555490E+001
 4.9667670E-001, 1.2551228E+002, 6.2339019E+001,-1.0622923E+002,-3.3590005E+001, 2.8602084E+001
 4.9909202E-001, 1.2551228E+002, 6.2642170E+001,-1.0624545E+002,-3.3846621E+001, 2.8648639E+001
 5.0150733E-001, 1.2551228E+002, 6.2945322E+001,-1.0626123E+002,-3.4103276E+001, 2.8695155E+001
 5.0392265E-001, 1.2551228E+002, 6.3248474E+001,-1.0627761E+002,-3.4359970E+001, 2.8741633E+001
 5.0633796E-001, 1.2551228E+002, 6.3551626E+001,-1.0629568E+002,-3.4616707E+001, 2.8788070E+001
 5.0875328E-001, 1.2551228E+002, 6.3854777E+001,-1.0631675E+002,-3.4873496E+001, 2.8834461E+001
 5.1116859E-001, 1.2551228E+002, 6.4157929E+001,-1.0634182E+002,-3.5130345E+001, 2.8880796E+001
 5.1358391E-001, 1.2551228E+002, 6.4461081E+001,-1.0637145E+002,-3.5387265E+001, 2.8927066E+001
 5.1599922E-001, 1.2551228E+002, 6.4764233E+001,-1.0640582E+002,-3.5644269E+001, 2.8973258E+001
 5.1841454E-001, 1.2551228E+002, 6.5067384E+001,-1.0644477E+002,-3.5901367E+001, 2.9019362E+001
 5.2082985E-001, 1.2551228E+002, 6.5370536E+001,-1.0648787E+002,-3.6158568E+001, 2.9065367E+001
 5.2324517E-001, 1.2551228E+002, 6.5673688E+001,-1.0653427E+002,-3.6415882E+001, 2.9111263E+001
 5.2566049E-001, 1.2551228E+002, 6.5976840E+001,-1.0658297E+002,-3.6673314E+001, 2.9157044E+001
 5.2807580E-001, 1.2551228E+002, 6.6279991E+001,-1.0663337E+002,-3.6930867E+001, 2.9202704E+001
 5.3049112E-001, 1.2551228E+002, 6.6583143E+001,-1.0668503E+002,-3.7188545E+001, 2.9248241E+001
 5.3290643E-001, 1.2551228E+002, 6.6886295E+001,-1.0673749E+002,-3.7446350E+001, 2.9293652E+001
 5.3532175E-001, 1.2551228E+002, 6.7189447E+001,-1.0679033E+002,-3.7704282E+001, 2.9338936E+001
 5.3773706E-001, 1.2551228E+002, 6.7492599E+001,-1.0684343E+002,-3.7962343E+001, 2.9384091E+001
 5.4015238E-001, 1.2551228E+002, 6.7795750E+001,-1.0689665E+002,-3.8220532E+001, 2.9429119E+001
 5.4256769E-001, 1.2551228E+002, 6.8098902E+001,-1.0694955E+002,-3.8478849E+001, 2.9474017E+001
 5.4498301E-001, 1.2551228E+002, 6.8402054E+001,-1.0700158E+002,-3.8737291E+001, 2.9518789E+001
 5.4739833E-001, 1.2551228E+002, 6.8705206E+001,-1.0705191E+002,-3.8995855E+001, 2.9563437E+001
 5.4981364E-001, 1.2551228E+002, 6.9008357E+001,-1.0710000E+002,-3.9254536E+001, 2.9607965E+001
 5.5222896E-001, 1.2551228E+002, 6.9311509E+001,-1.0714583E+002,-3.9513327E+001, 2.9652379E+001
 5.5464427E-001, 1.2551228E+002, 6.9614661E+001,-1.0718929E+002,-3.9772223E+001, 2.9696686E+001
 5.5705959E-001, 1.2551228E+002, 6.9917813E+001,-1.0723000E+002,-4.0031217E+001, 2.9740891E+001
 5.5947490E-001, 1.2551228E+002, 7.0220964E+001,-1.0726782E+002,-4.0290303E+001, 2.9785001E+001
 5.6189022E-001, 1.2551228E+002, 7.0524116E+001,-1.0730239E+002,-4.0549472E+001, 2.9829023E+001
 5.6430553E-001, 1.2551228E+002, 7.0827268E+001,-1.0733306E+002,-4.0808715E+001, 2.9872966E+001
 5.6672085E-001, 1.2551228E+002, 7.1130420E+001,-1.0735895E+002,-4.1068021E+001, 2.9916841E+001
 5.6913617E-001, 1.2551228E+002, 7.1433571E+001,-1.0737911E+002,-4.1327375E+001, 2.9960659E+001
 5.7155148E-001, 1.2551228E+002, 7.1736723E+001,-1.0739250E+002,-4.1586762E+001, 3.0004437E+001
 5.7396680E-001, 1.2551228E+002, 7.2039875E+001,-1.0739826E+002,-4.1846163E+001, 3.0048190E+001
 5.7638211E-001, 1.2551228E+002, 7.2343027E+001,-1.0739654E+002,-4.2105559E+001, 3.0091939E+001
 5.7879743E-001, 1.2551228E+002, 7.2646178E+001,-1.0738786E+002,-4.2364935E+001, 3.0135701E+001
 5.8121274E-001, 1.2551228E+002, 7.2949330E+001,-1.0737305E+002,-4.2624274E+001, 3.0179491E+001
 5.8362806E-001, 1.2551228E+002, 7.3252482E+001,-1.0735294E+002,-4.2883566E+001, 3.0223324E+001
 5.8604337E-001, 1.2551228E+002, 7.3555634E+001,-1.0732864E+002,-4.3142798E+001, 3.0267212E+001
 5.8845869E-001, 1.2551228E+002, 7.3858785E+001,-1.0730172E+002,-4.3401966E+001, 3.0311162E+001
 5.9087400E-001, 1.2551228E+002, 7.4161937E+001,-1.0727355E+002,-4.3661065E+001, 3.0355180E+001
 5.9328932E-001, 1.2551228E+002, 7.4465089E+001,-1.0724608E+002,-4.3920098E+001, 3.0399266E+001
 5.9570464E-001, 1.2551228E+002, 7.4768241E+001,-1.0722102E+002,-4.4179071E+001, 3.0443417E+001
 5.9811995E-001, 1.2551228E+002, 7.5071392E+001,-1.0720069E+002,-4.4437994E+001, 3.0487623E+001
 6.0053527E-001, 1.2551228E+002, 7.5374544E+001,-1.0718705E+002,-4.4696885E+001, 3.0531872E+001
 6.0295058E-001, 1.2551228E+002, 7.5677696E+001,-1.0718125E+002,-4.4955761E+001, 3.0576145E+001
 6.0536590E-001, 1.2551228E+002, 7.5980848E+001,-1.0718356E+002,-4.5214644E+001, 3.0620423E+001
 6.0778121E-001, 1.2551228E+002, 7.6283999E+001,-1.0719510E+002,-4.5473554E+001, 3.0664684E+001
 6.1019653E-001, 1.2551228E+002, 7.6587151E+001,-1.0721761E+002,-4.5732518E+001, 3.0708905E+001
 6.1261184E-001, 1.2551228E+002, 7.6890303E+001,-1.0725260E+002,-4.5991567E+001, 3.0753057E+001
 6.1502716E-001, 1.2551228E+002, 7.7193455E+001,-1.0729995E+002,-4.6250730E+001, 3.0797110E+001
 6.1744248E-001, 1.2551228E+002, 7.7496606E+001,-1.0735906E+002,-4.6510036E+001, 3.0841034E+001
 6.1985779E-001, 1.2551228E+002, 7.7799758E+001,-1.0742905E+002,-4.6769511E+001, 3.0884802E+001
 6.2227311E-001, 1.2551228E+002, 7.8102910E+001,-1.0750976E+002,-4.7029181E+001, 3.0928389E+001
 6.2468842E-001, 1.2551228E+002, 7.8406062E+001,-1.0760072E+002,-4.7289071E+001, 3.0971767E+001
 6.2710374E-001, 1.2551228E+002, 7.8709213E+001,-1.0770155E+002,-4.7549204E+001, 3.1014914E+001
 6.2951905E-001, 1.2551228E+002, 7.9012365E+001,-1.0781237E+002,-4.7809605E+001, 3.1057805E+001
 6.3193437E-001, 1.2551228E+002, 7.9315517E+001,-1.0793474E+002,-4.8070301E+001, 3.1100416E+001
 6.3434968E-001, 1.2551228E+002, 7.9618669E+001,-1.0807079E+002,-4.8331326E+001, 3.1142716E+001
 6.3676500E-001, 1.2551228E+002, 7.9921820E+001,-1.0822458E+002,-4.8592723E+001, 3.1184668E+001
 6.3918032E-001, 1.2551228E+002, 8.0224972E+001,-1.0840112E+002,-4.8854546E+001, 3.1226224E+001
 6.4159563E-001, 1.2551228E+002, 8.0528124E+001,-1.0860645E+002,-4.9116865E+001, 3.1267323E+001
 6.4401095E-001, 1.2551228E+002, 8.0831276E+001,-1.0884641E+002,-4.9379763E+001, 3.1307887E+001
 6.4642626E-001, 1.2551228E+002, 8.1134428E+001,-1.0912633E+002,-4.9643338E+001, 3.1347827E+001
 6.4884158E-001, 1.2551228E+002, 8.1437579E+001,-1.0945120E+002,-4.9907697E+001, 3.1387040E+001
 6.5125689E-001, 1.2551228E+002, 8.1740731E+001,-1.0982347E+002,-5.0172955E+001, 3.1425412E+001
 6.5367221E-001, 1.2551228E+002, 8.2043883E+001,-1.1024197E+002,-5.0439224E+001, 3.1462829E+001
 6.5608752E-001, 1.2551228E+002, 8.2347035E+001,-1.1070155E+002,-5.0706603E+001, 3.1499183E+001
 6.5850284E-001, 1.2551228E+002, 8.2650186E+001,-1.1119372E+002,-5.0975171E+001, 3.1534382E+001
 6.6091815E-001, 1.2551228E+002, 8.2953338E+001,-1.1170750E+002,-5.1244980E+001, 3.1568361E+001
 6.6333347E-001, 1.2551228E+002, 8.3256490E+001,-1.1223220E+002,-5.1516056E+001, 3.1601079E+001
 6.6574879E-001, 1.2551228E+002, 8.3559642E+001,-1.1275781E+002,-5.1788402E+001, 3.1632523E+001
 6.6816410E-001, 1.2551228E+002, 8.3862793E+001,-1.1327580E+002,-5.2061999E+001, 3.1662702E+001
 6.7057942E-001, 1.2551228E+002, 8.4165945E+001,-1.1377962E+002,-5.2336813E+001, 3.1691642E+001
 6.7299473E-001, 1.2551228E+002, 8.4469097E+001,-1.1426450E+002,-5.2612797E+001, 3.1719386E+001
 6.7541005E-001, 1.2551228E+002, 8.4772249E+001,-1.1472778E+002,-5.2889901E+001, 3.1745983E+001
 6.7782536E-001, 1.2551228E+002, 8.5075400E+001,-1.1516886E+002,-5.3168070E+001, 3.1771487E+001
 6.8024068E-001, 1.2551228E+002, 8.5378552E+001,-1.1558766E+002,-5.3447251E+001, 3.1795952E+001
 6.8265599E-001, 1.2551228E+002, 8.5681704E+001,-1.1598504E+002,-5.3727391E+001, 3.1819432E+001
 6.8507131E-001, 1.2551228E+002, 8.5984856E+001,-1.1636192E+002,-5.4008442E+001, 3.1841978E+001
 6.8748663E-001, 1.2551228E+002, 8.6288007E+001,-1.1671981E+002,-5.4290357E+001, 3.1863636E+001
 6.8990194E-001, 1.2551228E+002, 8.6591159E+001,-1.1706037E+002,-5.4573095E+001, 3.1884453E+001
 6.9231726E-001, 1.2551228E+002, 8.6894311E+001,-1.1738521E+002,-5.4856617E+001, 3.1904466E+001
 6.9473257E-001, 1.2551228E+002, 8.7197463E+001,-1.1769597E+002,-5.5140890E+001, 3.1923712E+001
 6.9714789E-001, 1.2551228E+002, 8.7500614E+001,-1.1799381E+002,-5.5425883E+001, 3.1942225E+001
 6.9956320E-001, 1.2551228E+002, 8.7803766E+001,-1.1827940E+002,-5.5711565E+001, 3.1960033E+001
 7.0197852E-001, 1.2551228E+002, 8.8106918E+001,-1.1855307E+002,-5.5997908E+001, 3.1977166E+001
 7.0439383E-001, 1.2551228E+002, 8.8410070E+001,-1.1881514E+002,-5.6284884E+001, 3.1993652E+001
 7.0680915E-001, 1.2551228E+002, 8.8713221E+001,-1.1906602E+002,-5.6572466E+001, 3.2009519E+001
 7.0922446E-001, 1.2551228E+002, 8.9016373E+001,-1.1930579E+002,-5.6860627E+001, 3.2024793E+001
 7.1163978E-001, 1.2551228E+002, 8.9319525E+001,-1.1953449E+002,-5.7149340E+001, 3.2039501E+001
 7.1405510E-001, 1.2551228E+002, 8.9622677E+001,-1.1975196E+002,-5.7438579E+001, 3.2053671E+001
 7.1647041E-001, 1.2551228E+002, 8.9925828E+001,-1.1995804E+002,-5.7728316E+001, 3.2067329E+001
 7.1888573E-001, 1.2551228E+002, 9.0228980E+001,-1.2015276E+002,-5.8018522E+001, 3.2080503E+001
 7.2130104E-001, 1.2551228E+002, 9.0532132E+001,-1.2033599E+002,-5.8309172E+001, 3.2093220E+001
 7.2371636E-001, 1.2551228E+002, 9.0835284E+001,-1.2050791E+002,-5.8600237E+001, 3.2105508E+001
 7.2613167E-001, 1.2551228E+002, 9.1138435E+001,-1.2066893E+002,-5.8891690E+001, 3.2117395E+001
 7.2854699E-001, 1.2551228E+002, 9.1441587E+001,-1.2081961E+002,-5.9183508E+001, 3.2128905E+001
 7.3096230E-001, 1.2551228E+002, 9.1744739E+001,-1.2096052E+002,-5.9475665E+001, 3.2140064E+001
 7.3337762E-001, 1.2551228E+002, 9.2047891E+001,-1.2109217E+002,-5.9768141E+001, 3.2150894E+001
 7.3579294E-001, 1.2551228E+002, 9.2351042E+001,-1.2121515E+002,-6.0060914E+001, 3.2161416E+001
 7.3820825E-001, 1.2551228E+002, 9.2654194E+001,-1.2133013E+002,-6.0353965E+001, 3.2171652E+001
 7.4062357E-001, 1.2551228E+002, 9.2957346E+001,-1.2143806E+002,-6.0647276E+001, 3.2181619E+001
 7.4303888E-001, 1.2551228E+002, 9.3260498E+001,-1.2153988E+002,-6.0940833E+001, 3.2191333E+001
 7.4545420E-001, 1.2551228E+002, 9.3563649E+001,-1.2163665E+002,-6.1234624E+001, 3.2200808E+001
 7.4786951E-001, 1.2551228E+002, 9.3866801E+001,-1.2172921E+002,-6.1528638E+001, 3.2210054E+001
 7.5028483E-001, 1.2551228E+002, 9.4169953E+001,-1.2181830E+002,-6.1822868E+001, 3.2219082E+001
 7.5270014E-001, 1.2551228E+002, 9.4473105E+001,-1.2190437E+002,-6.2117305E+001, 3.2227899E+001
 7.5511546E-001, 1.2551228E+002, 9.4776256E+001,-1.2198775E+002,-6.2411944E+001, 3.2236511E+001
 7.5753078E-001, 1.2551228E+002, 9.5079408E+001,-1.2206874E+002,-6.2706779E+001, 3.2244925E+001
 7.5994609E-001, 1.2551228E+002, 9.5382560E+001,-1.2214760E+002,-6.3001804E+001, 3.2253145E+001
 7.6236141E-001, 1.2551228E+002, 9.5685712E+001,-1.2222447E+002,-6.3297015E+001, 3.2261178E+001
 7.6477672E-001, 1.2551228E+002, 9.5988864E+001,-1.2229954E+002,-6.3592406E+001, 3.2269028E+001
 7.6719204E-001, 1.2551228E+002, 9.6292015E+001,-1.2237314E+002,-6.3887976E+001, 3.2276698E+001
 7.6960735E-001, 1.2551228E+002, 9.6595167E+001,-1.2244549E+002,-6.4183721E+001, 3.2284192E+001
 7.7202267E-001, 1.2551228E+002, 9.6898319E+001,-1.2251703E+002,-6.4479638E+001, 3.2291513E+001
 7.7443798E-001, 1.2551228E+002, 9.7201471E+001,-1.2258787E+002,-6.4775726E+001, 3.2298661E+001
 7.7685330E-001, 1.2551228E+002, 9.7504622E+001,-1.2265827E+002,-6.5071985E+001, 3.2305640E+001
 7.7926861E-001, 1.2551228E+002, 9.7807774E+001,-1.2272837E+002,-6.5368413E+001, 3.2312448E+001
 7.8168393E-001, 1.2551228E+002, 9.8110926E+001,-1.2279813E+002,-6.5665009E+001, 3.2319088E+001
 7.8409925E-001, 1.2551228E+002, 9.8414078E+001,-1.2286746E+002,-6.5961772E+001, 3.2325560E+001
 7.8651456E-001, 1.2551228E+002, 9.8717229E+001,-1.2293618E+002,-6.6258702E+001, 3.2331864E+001
 7.8892988E-001, 1.2551228E+002, 9.9020381E+001,-1.2300409E+002,-6.6555796E+001, 3.2338004E+001
 7.9134519E-001, 1.2551228E+002, 9.9323533E+001,-1.2307115E+002,-6.6853051E+001, 3.2343981E+001
 7.9376051E-001, 1.2551228E+002, 9.9626685E+001,-1.2313723E+002,-6.7150467E+001, 3.2349797E+001
 7.9617582E-001, 1.2551228E+002, 9.9929836E+001,-1.2320216E+002,-6.7448039E+001, 3.2355454E+001
 7.9859114E-001, 1.2551228E+002, 1.0023299E+002,-1.2326591E+002,-6.7745765E+001, 3.2360956E+001
 8.0100645E-001, 1.2551228E+002, 1.0053614E+002,-1.2332836E+002,-6.8043642E+001, 3.2366306E+001
 8.0342177E-001, 1.2551228E+002, 1.0083929E+002,-1.2338937E+002,-6.8341666E+001, 3.2371506E+001
 8.0583709E-001, 1.2551228E+002, 1.0114244E+002,-1.2344874E+002,-6.8639834E+001, 3.2376561E+001
 8.0825240E-001, 1.2551228E+002, 1.0144560E+002,-1.2350634E+002,-6.8938140E+001, 3.2381475E+001
 8.1066772E-001, 1.2551228E+002, 1.0174875E+002,-1.2356207E+002,-6.9236582E+001, 3.2386252E+001
 8.1308303E-001, 1.2551228E+002, 1.0205190E+002,-1.2361582E+002,-6.9535153E+001, 3.2390896E+001
 8.1549835E-001, 1.2551228E+002, 1.0235505E+002,-1.2366744E+002,-6.9833849E+001, 3.2395413E+001
 8.1791366E-001, 1.2551228E+002, 1.0265820E+002,-1.2371675E+002,-7.0132664E+001, 3.2399808E+001
 8.2032898E-001, 1.2551228E+002, 1.0296135E+002,-1.2376368E+002,-7.0431592E+001, 3.2404087E+001
 8.2274429E-001, 1.2551228E+002, 1.0326451E+002,-1.2380817E+002,-7.0730628E+001, 3.2408255E+001
 8.2515961E-001, 1.2551228E+002, 1.0356766E+002,-1.2385022E+002,-7.1029765E+001, 3.2412319E+001
 8.2757493E-001, 1.2551228E+002, 1.0387081E+002,-1.2388993E+002,-7.1328999E+001, 3.2416284E+001
 8.2999024E-001, 1.2551228E+002, 1.0417396E+002,-1.2392745E+002,-7.1628323E+001, 3.2420156E+001
 8.3240556E-001, 1.2551228E+002, 1.0447711E+002,-1.2396300E+002,-7.1927732E+001, 3.2423940E+001
 8.3482087E-001, 1.2551228E+002, 1.0478026E+002,-1.2399677E+002,-7.2227224E+001, 3.2427640E+001
 8.3723619E-001, 1.2551228E+002, 1.0508342E+002,-1.2402906E+002,-7.2526793E+001, 3.2431261E+001
 8.3965150E-001, 1.2551228E+002, 1.0538657E+002,-1.2406017E+002,-7.2826437E+001, 3.2434805E+001
 8.4206682E-001, 1.2551228E+002, 1.0568972E+002,-1.2409041E+002,-7.3126155E+001, 3.2438275E+001
 8.4448213E-001, 1.2551228E+002, 1.0599287E+002,-1.2412004E+002,-7.3425944E+001, 3.2441673E+001
 8.4689745E-001, 1.2551228E+002, 1.0629602E+002,-1.2414927E+002,-7.3725804E+001, 3.2445001E+001
 8.4931276E-001, 1.2551228E+002, 1.0659917E+002,-1.2417826E+002,-7.4025733E+001, 3.2448258E+001
 8.5172808E-001, 1.2551228E+002, 1.0690233E+002,-1.2420713E+002,-7.4325733E+001, 3.2451445E+001
 8.5414340E-001, 1.2551228E+002, 1.0720548E+002,-1.2423589E+002,-7.4625802E+001, 3.2454562E+001
 8.5655871E-001, 1.2551228E+002, 1.0750863E+002,-1.2426444E+002,-7.4925939E+001, 3.2457611E+001
 8.5897403E-001, 1.2551228E+002, 1.0781178E+002,-1.2429261E+002,-7.5226145E+001, 3.2460590E+001
 8.6138934E-001, 1.2551228E+002, 1.0811493E+002,-1.2432025E+002,-7.5526418E+001, 3.2463503E+001
 8.6380466E-001, 1.2551228E+002, 1.0841809E+002,-1.2434728E+002,-7.5826756E+001, 3.2466349E+001
 8.6621997E-001, 1.2551228E+002, 1.0872124E+002,-1.2437359E+002,-7.6127157E+001, 3.2469131E+001
 8.6863529E-001, 1.2551228E+002, 1.0902439E+002,-1.2439910E+002,-7.6427620E+001, 3.2471850E+001
 8.7105060E-001, 1.2551228E+002, 1.0932754E+002,-1.2442374E+002,-7.6728143E+001, 3.2474508E+001
 8.7346592E-001, 1.2551228E+002, 1.0963069E+002,-1.2444748E+002,-7.7028723E+001, 3.2477108E+001
 8.7588124E-001, 1.2551228E+002, 1.0993384E+002,-1.2447038E+002,-7.7329358E+001, 3.2479652E+001
 8.7829655E-001, 1.2551228E+002, 1.1023700E+002,-1.2449252E+002,-7.7630047E+001, 3.2482141E+001
 8.8071187E-001, 1.2551228E+002, 1.1054015E+002,-1.2451398E+002,-7.7930787E+001, 3.2484578E+001
 8.8312718E-001, 1.2551228E+002, 1.1084330E+002,-1.2453487E+002,-7.8231578E+001, 3.2486964E+001
 8.8554250E-001, 1.2551228E+002, 1.1114645E+002,-1.2455526E+002,-7.8532419E+001, 3.2489299E+001
 8.8795781E-001, 1.2551228E+002, 1.1144960E+002,-1.2457519E+002,-7.8833307E+001, 3.2491587E+001
 8.9037313E-001, 1.2551228E+002, 1.1175275E+002,-1.2459465E+002,-7.9134242E+001, 3.2493826E+001
 8.9278844E-001, 1.2551228E+002, 1.1205591E+002,-1.2461364E+002,-7.9435224E+001, 3.2496019E+001
 8.9520376E-001, 1.2551228E+002, 1.1235906E+002,-1.2463217E+002,-7.9736250E+001, 3.2498167E+001
 8.9761908E-001, 1.2551228E+002, 1.1266221E+002,-1.2465022E+002,-8.0037319E+001, 3.2500271E+001
 9.0003439E-001, 1.2551228E+002, 1.1296536E+002,-1.2466780E+002,-8.0338431E+001, 3.2502332E+001
 9.0244971E-001, 1.2551228E+002, 1.1326851E+002,-1.2468496E+002,-8.0639585E+001, 3.2504350E+001
 9.0486502E-001, 1.2551228E+002, 1.1357167E+002,-1.2470178E+002,-8.0940779E+001, 3.2506328E+001
 9.0728034E-001, 1.2551228E+002, 1.1387482E+002,-1.2471832E+002,-8.1242013E+001, 3.2508266E+001
 9.0969565E-001, 1.2551228E+002, 1.1417797E+002,-1.2473461E+002,-8.1543287E+001, 3.2510163E+001
 9.1211097E-001, 1.2551228E+002, 1.1448112E+002,-1.2475062E+002,-8.1844599E+001, 3.2512022E+001
 9.1452628E-001, 1.2551228E+002, 1.1478427E+002,-1.2476640E+002,-8.2145949E+001, 3.2513843E+001
 9.1694160E-001, 1.2551228E+002, 1.1508742E+002,-1.2478196E+002,-8.2447337E+001, 3.2515625E+001
 9.1935691E-001, 1.2551228E+002, 1.1539058E+002,-1.2479740E+002,-8.2748762E+001, 3.2517371E+001
 9.2177223E-001, 1.2551228E+002, 1.1569373E+002,-1.2481274E+002,-8.3050224E+001, 3.2519079E+001
 9.2418755E-001, 1.2551228E+002, 1.1599688E+002,-1.2482807E+002,-8.3351723E+001, 3.2520750E+001
 9.2660286E-001, 1.2551228E+002, 1.1630003E+002,-1.2484336E+002,-8.3653259E+001, 3.2522384E+001
 9.2901818E-001, 1.2551228E+002, 1.1660318E+002,-1.2485860E+002,-8.3954832E+001, 3.2523981E+001
 9.3143349E-001, 1.2551228E+002, 1.1690633E+002,-1.2487381E+002,-8.4256442E+001, 3.2525542E+001
 9.3384881E-001, 1.2551228E+002, 1.1720949E+002,-1.2488903E+002,-8.4558088E+001, 3.2527065E+001
 9.3626412E-001, 1.2551228E+002, 1.1751264E+002,-1.2490432E+002,-8.4859772E+001, 3.2528552E+001
 9.3867944E-001, 1.2551228E+002, 1.1781579E+002,-1.2491969E+002,-8.5161492E+001, 3.2530002E+001
 9.4109475E-001, 1.2551228E+002, 1.1811894E+002,-1.2493521E+002,-8.5463250E+001, 3.2531415E+001
 9.4351007E-001, 1.2551228E+002, 1.1842209E+002,-1.2495086E+002,-8.5765046E+001, 3.2532790E+001
 9.4592539E-001, 1.2551228E+002, 1.1872525E+002,-1.2496659E+002,-8.6066879E+001, 3.2534127E+001
 9.4834070E-001, 1.2551228E+002, 1.1902840E+002,-1.2498228E+002,-8.6368751E+001, 3.2535426E+001
 9.5075602E-001, 1.2551228E+002, 1.1933155E+002,-1.2499782E+002,-8.6670660E+001, 3.2536687E+001
 9.5317133E-001, 1.2551228E+002, 1.1963470E+002,-1.2501309E+002,-8.6972606E+001, 3.2537911E+001
 9.5558665E-001, 1.2551228E+002, 1.1993785E+002,-1.2502799E+002,-8.7274588E+001, 3.2539099E+001
 9.5800196E-001, 1.2551228E+002, 1.2024100E+002,-1.2504249E+002,-8.7576605E+001, 3.2540251E+001
 9.6041728E-001, 1.2551228E+002, 1.2054416E+002,-1.2505658E+002,-8.7878657E+001, 3.2541368E+001
 9.6283259E-001, 1.2551228E+002, 1.2084731E+002,-1.2507032E+002,-8.8180741E+001, 3.2542452E+001
 9.6524791E-001, 1.2551228E+002, 1.2115046E+002,-1.2508379E+002,-8.8482858E+001, 3.2543503E+001
 9.6766323E-001, 1.2551228E+002, 1.2145361E+002,-1.2509708E+002,-8.8785007E+001, 3.2544522E+001
 9.7007854E-001, 1.2551228E+002, 1.2175676E+002,-1.2511032E+002,-8.9087187E+001, 3.2545509E+001
 9.7249386E-001, 1.2551228E+002, 1.2205991E+002,-1.2512359E+002,-8.9389400E+001, 3.2546464E+001
 9.7490917E-001, 1.2551228E+002, 1.2236307E+002,-1.2513695E+002,-8.9691646E+001, 3.2547386E+001
 9.7732449E-001, 1.2551228E+002, 1.2266622E+002,-1.2515036E+002,-8.9993923E+001, 3.2548277E+001
 9.7973980E-001, 1.2551228E+002, 1.2296937E+002,-1.2516372E+002,-9.0296233E+001, 3.2549135E+001
 9.8215512E-001, 1.2551228E+002, 1.2327252E+002,-1.2517693E+002,-9.0598575E+001, 3.2549961E+001
 9.8457043E-001, 1.2551228E+002, 1.2357567E+002,-1.2518983E+002,-9.0900948E+001, 3.2550755E+001
 9.8698575E-001, 1.2551228E+002, 1.2387882E+002,-1.2520231E+002,-9.1203351E+001, 3.2551518E+001
 9.8940106E-001, 1.2551228E+002, 1.2418198E+002,-1.2521425E+002,-9.1505783E+001, 3.2552252E+001
 9.9181638E-001, 1.2551228E+002, 1.2448513E+002,-1.2522562E+002,-9.1808242E+001, 3.2552958E+001
 9.9423170E-001, 1.2551228E+002, 1.2478828E+002,-1.2523642E+002,-9.2110728E+001, 3.2553637E+001
 9.9664701E-001, 1.2551228E+002, 1.2509143E+002,-1.2524663E+002,-9.2413238E+001, 3.2554291E+001
 9.9906233E-001, 1.2551228E+002, 1.2539458E+002,-1.2525625E+002,-9.2715771E+001, 3.2554921E+001
 1.0000000E+000, 1.2551228E+002, 1.2551227E+002,-1.2525982E+002,-9.2833224E+001, 3.2555159E+001
