s,kW/m2,(kg/m2/s)
Time,HRRPUA,MLRPUA
0,0.776914542,0.008690884
1,0.699981193,0.006171767
2,1.604291967,0.001652454
3,2.164859507,0
4,2.300470008,0
5,2.067068953,0
6,1.764012078,0
7,1.694131544,0.001981954
8,1.811014073,0.002653507
9,2.123907159,0.000709798
10,2.280115075,0.000401345
11,1.963161808,0.001406109
12,1.697807236,0.001504308
13,1.716657527,0
14,1.835148325,0
15,2.335473822,0.001123621
16,2.244667626,0.004779098
17,2.623773017,0.005313502
18,1.94920999,0.002512723
19,1.686260019,0
20,1.918179633,0.000470755
21,2.237419029,0.000399158
22,2.172539116,0
23,1.924596242,0
24,1.713453691,0.002640262
25,1.736783927,0.004398872
26,1.932295211,0.002379836
27,1.435720596,0.000911051
28,1.016851046,0.000393257
29,1.569991661,0.000230936
30,1.597776195,0
31,1.692074568,0.000377328
32,1.939115131,0
33,2.186714746,0
34,1.969390026,0
35,2.480807997,0.001750537
36,2.681068393,0.002576791
37,2.833164381,0.000200647
38,3.007117703,3.00214E-05
39,3.706531828,0.002819347
40,2.140067545,0.002763883
41,1.469385921,0
42,2.411528071,0
43,4.162680115,0
44,12.19392537,0.0023381
45,27.90146815,0.004471892
46,49.76472504,0.006399145
47,76.56804172,0.00770131
48,95.06574462,0.00859639
49,109.6292759,0.009862717
50,121.0917915,0.011557887
51,134.15216,0.010840375
52,142.8814589,0.010290919
53,149.3804426,0.011347056
54,152.0418299,0.011381131
55,154.3167598,0.009508154
56,158.127159,0.009247521
57,161.3973435,0.012619444
58,159.7915669,0.015455568
59,157.5002892,0.014828887
60,160.2221045,0.012843213
61,157.8625947,0.011647156
62,158.2150771,0.009520133
63,159.2678856,0.010199079
64,154.4201203,0.013141359
65,156.1482584,0.015012971
66,157.9073803,0.013870736
67,151.6418418,0.010191516
68,147.6816019,0.009637915
69,146.8888191,0.011197156
70,147.6498243,0.013626037
71,143.3296341,0.014258541
72,141.1346012,0.01081897
73,139.4110176,0.007267163
74,142.2281453,0.009092751
75,139.7381009,0.01357911
76,141.1704591,0.014304434
77,140.4634107,0.010127624
78,136.8768099,0.007645683
79,135.6364481,0.009344715
80,134.7275857,0.011334188
81,132.6329143,0.011454745
82,132.0624991,0.01174162
83,131.4961624,0.012839285
84,133.0160761,0.011289115
85,130.6280634,0.010256483
86,129.0026138,0.010078083
87,128.1460922,0.009587528
88,125.8879843,0.009089913
89,129.4607938,0.009879949
90,130.4494753,0.010952677
91,128.7083815,0.010606121
92,127.0736838,0.010253871
93,125.4878159,0.00981503
94,124.9537515,0.010845353
95,124.6022997,0.012390595
96,126.0016405,0.013421996
97,122.079682,0.011137509
98,122.4660999,0.006066899
99,120.6295762,0.006385175
100,118.3028885,0.010170651
101,119.0635651,0.008106329
102,119.8674541,0.004887805
103,120.8011463,0.007235769
104,116.7923771,0.014889316
105,116.709407,0.018232727
106,116.1873546,0.013270921
107,118.2639337,0.009158657
108,117.307011,0.009147159
109,119.3555221,0.009758296
110,120.6805368,0.006385866
111,120.8049091,0.005841739
112,118.3527576,0.010703387
113,122.0509285,0.015275437
114,117.6545692,0.013724755
115,121.0909391,0.007881401
116,120.7140289,0.009886275
117,122.7625345,0.013271789
118,122.879173,0.012407457
119,125.014753,0.008303101
120,122.0179523,0.007640504
121,120.9106547,0.01232724
122,119.5111112,0.012707771
123,118.0893895,0.010679123
124,117.0440221,0.009827429
125,119.6287687,0.011087522
126,121.4019892,0.011225066
127,117.8142218,0.006942792
128,116.9586744,0.006333635
129,116.4426408,0.00891152
130,115.8933183,0.011313785
131,112.0431905,0.013050135
132,116.6775847,0.012329484
133,114.608466,0.012423275
134,114.4846552,0.011072738
135,114.5008523,0.010103874
136,117.3144208,0.011317355
137,115.3423399,0.009497574
138,112.8487205,0.006038182
139,116.0820504,0.005512267
140,114.0258712,0.010125465
141,110.9873767,0.014096987
142,113.2037168,0.012489586
143,113.118561,0.009845538
144,112.0327956,0.009204076
145,112.1609096,0.010439982
146,110.8636212,0.009976486
147,107.1757703,0.009216582
148,108.869248,0.009138264
149,111.0566113,0.009588543
150,108.7554887,0.00981025
151,108.2412345,0.009124852
152,109.1986055,0.008496016
153,105.6759284,0.010360791
154,105.1437357,0.011410728
155,103.2103752,0.010858842
156,103.9179293,0.010213691
157,104.3363779,0.009749997
158,104.9105066,0.010665388
159,101.2317187,0.010016855
160,100.161395,0.009270676
161,100.6503186,0.008184047
162,101.1334217,0.005441588
163,102.7437394,0.004529883
164,99.81317099,0.007862368
165,100.2775648,0.012667311
166,101.1697222,0.01509885
167,102.4337554,0.013753752
168,97.00239199,0.011523586
169,97.91980029,0.010067521
170,100.9446855,0.009975484
171,99.26215005,0.00790197
172,101.053485,0.005852985
173,99.08055526,0.005602916
174,101.5378971,0.010175179
175,103.5669892,0.014277068
176,100.7700558,0.010439291
177,101.9160243,0.007590774
178,104.6612828,0.006658946
179,106.5924774,0.008474538
180,106.2170974,0.0087364
181,108.3044052,0.00976913
182,109.070644,0.013747722
183,107.1735052,0.01485412
184,106.8522315,0.013874026
185,110.8382102,0.011268008
186,113.0422097,0.009145299
187,109.9184086,0.008839564
188,109.7747573,0.010721515
189,110.0118507,0.012376112
190,112.8576667,0.010895868
191,111.0105949,0.007938663
192,110.3413527,0.007862038
193,108.4540827,0.010126116
194,109.1490467,0.012336535
195,110.5414601,0.01197034
196,109.2676887,0.009476823
197,108.2000651,0.009573699
198,108.0709436,0.00912687
199,109.583377,0.009152288
200,109.8870585,0.010082563
201,108.3437837,0.011395818
202,109.4708536,0.013046499
203,107.1153358,0.010258019
204,103.4754743,0.007724334
205,111.0630965,0.007306753
206,112.113125,0.008770142
207,111.5506614,0.009561384
208,109.9012714,0.009103689
209,109.1265989,0.008069561
210,109.4280881,0.008839055
211,110.4600776,0.011819479
212,110.9408493,0.012214379
213,113.0973227,0.01064473
214,112.5228298,0.006929349
215,111.5141844,0.008708852
216,110.5656601,0.013618935
217,109.7273665,0.016008509
218,110.5668165,0.012746421
219,113.7114934,0.008752828
220,111.2436611,0.008758707
221,108.1840557,0.010499978
222,109.2941324,0.008276383
223,109.7037303,0.003985338
224,107.1848331,0.006480075
225,107.9351363,0.012186809
226,107.1796903,0.015521968
227,106.830843,0.012771873
228,104.8175801,0.009941927
229,105.1295457,0.008701128
230,106.192324,0.008510203
231,106.4286213,0.010417169
232,104.9579231,0.011502058
233,107.1387101,0.010330408
234,104.1292781,0.009311501
235,105.8442634,0.008927222
236,104.4955842,0.010174177
237,104.5746488,0.011796386
238,105.3618391,0.012667135
239,108.0742098,0.00894649
240,105.0505986,0.004013292
241,105.1999898,0.004702306
242,107.9575884,0.010379088
243,107.2923724,0.014586501
244,105.8703239,0.013306426
245,102.6864068,0.010025965
246,101.5816036,0.008299865
247,102.9420782,0.008412959
248,101.5378015,0.010216321
249,103.4762655,0.011376046
250,100.8909115,0.010148024
251,102.0040639,0.008485555
252,104.0526086,0.007048234
253,101.375006,0.008499921
254,100.0522482,0.008840969
255,102.8497469,0.009073049
256,104.613442,0.009309685
257,101.5976949,0.010827027
258,102.0296948,0.009832733
259,102.2367327,0.007654751
260,101.2515867,0.010493807
261,100.7197965,0.010129519
262,100.189923,0.00878766
263,98.29663868,0.007875924
264,99.38125537,0.009887927
265,96.01076928,0.012676078
266,98.32278921,0.009905235
267,97.04807066,0.005674095
268,96.49175032,0.003562613
269,96.03899745,0.004891362
270,98.63278474,0.010647166
271,96.75012058,0.015642006
272,96.58885227,0.016554883
273,95.5997104,0.011333424
274,93.44075112,0.004505964
275,93.12885544,0.005325179
276,96.30103068,0.008245415
277,98.0212663,0.011008462
278,95.25668989,0.008936658
279,97.0957839,0.008421707
280,98.08828736,0.011272769
281,96.11953281,0.010015746
282,98.14247807,0.008757124
283,95.37116115,0.006798159
284,93.34575899,0.007447904
285,91.4493429,0.009291708
286,94.1735629,0.012089643
287,96.1422668,0.011116041
288,94.93757299,0.007612293
289,95.75193723,0.00800719
290,93.99553355,0.009916154
291,93.77195616,0.011678893
292,94.07003786,0.006755854
293,96.82260176,0.004297015
294,95.90860311,0.006952049
295,93.55789296,0.009160825
296,92.08739612,0.009383358
297,92.72304573,0.010168772
298,93.18729042,0.011292349
299,92.10693334,0.009920588
300,90.03904701,0.007224884
301,91.48630848,0.006152561
302,92.30277443,0.008608707
303,92.68730531,0.011067037
304,91.57482096,0.010558619
305,92.42390763,0.008721861
306,93.4219795,0.006089288
307,93.9011424,0.006443166
308,90.96601308,0.011042063
309,91.37446479,0.012239087
310,91.46921462,0.010562311
311,93.79654855,0.007112861
312,94.64340675,0.005624177
313,91.46308511,0.008224783
314,91.4822781,0.010181165
315,93.16147294,0.010701342
316,93.26490095,0.008349909
317,92.96399637,0.006405006
318,93.31841087,0.008370136
319,92.62239986,0.009848124
320,94.19113626,0.011052533
321,95.44376943,0.011028595
322,94.46946928,0.010519583
323,94.43129453,0.008982601
324,94.46724406,0.008444422
325,93.80657941,0.007090909
326,96.32441169,0.007654553
327,90.51701882,0.008251317
328,92.31559656,0.009376471
329,91.94172667,0.010296534
330,93.41065685,0.009347455
331,92.87061544,0.008091695
332,95.39836955,0.007216447
333,95.79264883,0.010273165
334,93.7017569,0.0124336
335,95.92810505,0.01087286
336,94.92452911,0.005532626
337,93.46432197,0.005239784
338,97.04771074,0.00895088
339,96.31070109,0.010425996
340,93.11558872,0.009875632
341,94.84717378,0.008272543
342,96.83993842,0.008946129
343,93.90138149,0.009090017
344,93.63967934,0.007945488
345,94.13571887,0.009041528
346,96.01614398,0.009790705
347,96.18271653,0.009342355
348,92.32218961,0.008819246
349,94.23332549,0.009818269
350,94.60118139,0.011483462
351,93.08138118,0.008697178
352,93.93839941,0.00610203
353,94.11342784,0.007209012
354,96.42246491,0.00861185
355,96.29981062,0.009347634
356,93.76806319,0.0091852
357,94.19336831,0.010812195
358,92.48463578,0.010508717
359,92.04843071,0.009274425
360,93.22655827,0.008672241
361,92.63050449,0.008010577
362,93.88057188,0.008673797
363,93.7258169,0.009685291
364,94.48671708,0.010396383
365,95.27665082,0.009451552
366,94.29176701,0.009121207
367,93.81230926,0.010832259
368,93.0511054,0.01031212
369,95.48907565,0.007546151
370,93.7742025,0.005401122
371,92.43914236,0.005510326
372,93.77589173,0.008213923
373,93.48684941,0.009655556
374,94.5367292,0.008989046
375,93.48753038,0.008077649
376,92.16943494,0.008675723
377,93.23763427,0.011542022
378,94.14240547,0.011933817
379,93.44361397,0.009076983
380,93.02512519,0.00755838
381,95.74663053,0.009402096
382,92.07917104,0.010750569
383,91.90832028,0.009272169
384,93.99570881,0.00804935
385,96.35578137,0.008356555
386,95.90867379,0.009971594
387,98.60546345,0.010990809
388,97.93838685,0.011522015
389,97.52010253,0.010893781
390,95.94280417,0.009044485
391,96.8105855,0.008854066
392,98.64300201,0.00980537
393,98.24960718,0.008911029
394,94.38399422,0.006557878
395,96.08611149,0.00647949
396,93.16251832,0.008245327
397,94.7394765,0.010151766
398,95.33015275,0.010085825
399,93.97697011,0.008763408
400,95.63339658,0.008559465
401,95.09546664,0.008933798
402,94.442308,0.008136165
403,94.38088486,0.008809659
404,93.7625705,0.009644228
405,90.9275913,0.009247499
406,91.62280085,0.008736322
407,93.42875233,0.008129563
408,92.54228216,0.009958267
409,92.04143729,0.009644997
410,95.67175654,0.007852134
411,95.03747604,0.008166635
412,92.18969346,0.010148366
413,92.94999579,0.01093859
414,91.8938296,0.008812079
415,93.92658363,0.008196295
416,94.68052313,0.008077756
417,93.74337944,0.008969045
418,96.531461,0.008666698
419,95.28629188,0.00837604
420,93.93176367,0.008415853
421,93.31702204,0.008616896
422,94.59255946,0.010351229
423,90.35386337,0.009938386
424,90.7735156,0.009495635
425,91.55968184,0.008367147
426,91.78179768,0.009957633
427,91.74758383,0.008285033
428,94.17337724,0.006884719
429,93.56060255,0.007159597
430,91.42081203,0.008662535
431,92.91706744,0.009685747
432,92.35819301,0.008411969
433,91.50834784,0.008663424
434,91.63832057,0.008479805
435,90.17616878,0.010089706
436,90.88493323,0.009478896
437,90.86013875,0.008988663
438,90.65452383,0.008582328
439,89.73579272,0.008555351
440,87.69859785,0.009040337
441,90.19788484,0.00820488
442,90.48928645,0.00819562
443,89.94127928,0.009097342
444,90.50151178,0.009144897
445,89.61507501,0.009752784
446,88.6205322,0.009618254
447,89.17766896,0.008169646
448,88.52230242,0.009419457
449,88.22137335,0.011294341
450,87.13900271,0.012045833
451,87.0168713,0.00871963
452,89.25413824,0.004686768
453,89.96134266,0.005006369
454,89.51468472,0.006828683
455,86.5610597,0.010079905
456,88.15796917,0.01161777
457,88.36529507,0.011209603
458,86.59861988,0.008457026
459,87.26423068,0.005346594
460,86.69881502,0.00466716
461,88.59059507,0.006466469
462,86.31611207,0.00640806
463,88.00222111,0.006971936
464,89.8803964,0.010161963
465,87.33797855,0.012434857
466,88.3487779,0.012719793
467,87.16359236,0.010365306
468,88.27508904,0.009305873
469,88.05445475,0.008961435
470,87.56185339,0.008251112
471,87.20185476,0.008719093
472,86.41656678,0.008591041
473,87.75040295,0.007100393
474,88.7492855,0.0083119
475,88.8936005,0.009698265
476,87.56261883,0.009399711
477,86.42467115,0.007547782
478,86.11944208,0.006692349
479,88.38571769,0.006980785
480,89.43898402,0.008241491
481,89.10483804,0.008952281
482,88.4910265,0.009630518
483,87.38449626,0.010356225
484,85.60679147,0.008295877
485,85.48028959,0.008677313
486,86.01879705,0.008259512
487,86.3226413,0.007854968
488,85.09977604,0.00771596
489,84.06007429,0.007681514
490,86.78184676,0.010391403
491,86.04134791,0.010511435
492,86.06227445,0.009427269
493,87.2697218,0.008510879
494,85.89605056,0.009576056
495,84.37131505,0.010930364
496,89.3635726,0.00964397
497,90.11416789,0.005098099
498,88.40125392,0.004405779
499,87.85763497,0.008410894
500,87.76264636,0.010596644
501,89.15976979,0.008161771
502,87.87324331,0.006067267
503,87.13202366,0.006571672
504,87.19218243,0.007605505
505,85.71963447,0.008436658
506,86.52710057,0.009186865
507,86.57985054,0.009747467
508,86.5644127,0.007878196
509,88.02673019,0.008041937
510,88.73461037,0.007299601
511,87.01072435,0.007042908
512,84.75937618,0.008431143
513,87.51003222,0.010402165
514,85.17507924,0.010179421
515,87.49188936,0.008189744
516,86.23694337,0.008990228
517,83.36721676,0.007351769
518,85.43093444,0.006798661
519,87.34914265,0.008223206
520,88.51130978,0.01109177
521,86.10698848,0.012235084
522,86.72768543,0.0089852
523,86.61081212,0.007028306
524,85.28523997,0.005087327
525,86.97193463,0.006365193
526,87.3374283,0.009232205
527,84.93735792,0.011434433
528,86.86389493,0.011127445
529,87.2282117,0.007429996
530,87.12788522,0.00568766
531,85.40976119,0.007359487
532,86.0344282,0.009556206
533,85.96659429,0.010367355
534,85.58116232,0.009023756
535,88.12535202,0.008154302
536,88.82626672,0.008501408
537,87.71410596,0.00739792
538,86.42341944,0.006816535
539,85.5093577,0.006980194
540,83.85712822,0.007825374
541,85.17077851,0.009646471
542,85.10503233,0.009241236
543,85.00474793,0.008801537
544,85.40866634,0.007597225
545,85.9138734,0.007612849
546,85.58713546,0.008865554
547,87.69924007,0.009289454
548,84.34720872,0.008681847
549,85.07808609,0.006782287
550,85.15288467,0.006120469
551,84.49154692,0.005554123
552,86.39681071,0.005010963
553,84.3133015,0.006874067
554,87.44637137,0.009062186
555,87.00284755,0.011350126
556,86.14976732,0.012806382
557,84.19904986,0.01096859
558,84.26874949,0.009569259
559,83.57118364,0.007195774
560,81.68858726,0.008007541
561,84.35359598,0.009712154
562,85.08101211,0.010525383
563,84.60746366,0.008974236
564,83.05159029,0.005231863
565,82.96140224,0.005112475
566,83.96745787,0.005931495
567,83.56629564,0.00765083
568,85.03389618,0.009670337
569,87.24123008,0.011209694
570,84.01051426,0.008642094
571,83.06673461,0.005465683
572,84.24469034,0.006760976
573,85.63719603,0.010302602
574,85.05826208,0.009803947
575,82.51699988,0.006883541
576,83.07907696,0.00663097
577,82.41865979,0.008499859
578,84.49390354,0.010429343
579,82.37831361,0.010295441
580,84.63700618,0.009037311
581,85.10408543,0.006486457
582,85.38313947,0.003630926
583,86.42450533,0.003939269
584,85.21968476,0.00612615
585,86.20489463,0.009254371
586,86.55751378,0.012212962
587,87.84177545,0.012071044
588,88.15434482,0.009834974
589,87.4510706,0.006353736
590,86.49518405,0.004293913
591,87.20807484,0.005791447
592,87.80373802,0.009051348
593,88.63814245,0.010047807
594,85.8330636,0.008113091
595,85.03182973,0.005399145
596,87.06933275,0.00734665
597,87.92823538,0.009295111
598,87.5770003,0.008432092
599,87.13038069,0.006980889
600,84.98934052,0.008242845
601,86.17365114,0.009025415
602,87.01828785,0.008071383
603,84.08333389,0.00813175
604,85.1637913,0.007965831
605,84.13742961,0.010628733
606,85.42402269,0.009860467
607,86.62881383,0.007893298
608,85.52963323,0.007410313
609,84.94910264,0.00683037
610,84.67054822,0.009024419
611,82.83853154,0.008767063
612,87.07208951,0.008587799
613,85.84982428,0.008957551
614,85.364547,0.008165564
615,86.53869433,0.00694414
616,86.97357755,0.006625189
617,85.459772,0.007347166
618,83.51353947,0.007971886
619,84.37355988,0.009420139
620,85.33729994,0.008337902
621,85.91590084,0.007308704
622,86.53308903,0.007107777
623,86.15284714,0.008207136
624,85.64204218,0.010101112
625,84.93546972,0.009031938
626,85.86393049,0.006964816
627,85.51694729,0.005585847
628,85.07726169,0.007173146
629,87.18671512,0.009224598
630,87.05501341,0.009423476
631,86.92562144,0.008241849
632,84.89901489,0.006955782
633,85.70592599,0.007693612
634,87.24938937,0.007810146
635,88.71964548,0.008085838
636,88.60655607,0.007880204
637,88.57741781,0.007185225
638,87.57144633,0.006692449
639,85.48325971,0.006578441
640,84.4588049,0.007630398
641,87.029986,0.010117015
642,85.72901947,0.009935967
643,86.17587352,0.008542213
644,86.43007977,0.005233079
645,85.15944507,0.00578229
646,83.18331341,0.007734681
647,85.66795708,0.008610677
648,84.99910178,0.008494935
649,85.71900898,0.006433189
650,86.81103761,0.009218002
651,84.20538638,0.011510165
652,82.98476336,0.011630075
653,83.9096039,0.008286589
654,85.85138812,0.004557667
655,83.33633576,0.00368657
656,85.93609049,0.00688016
657,85.98872689,0.010520554
658,85.81125746,0.011654204
659,82.7310264,0.009298624
660,84.9204335,0.004372716
661,87.09012398,0.00328087
662,86.74490045,0.006306049
663,85.41748835,0.009386554
664,86.26405294,0.009542647
665,87.1355555,0.007964527
666,86.19294574,0.007607259
667,84.56827596,0.008445026
668,84.07584327,0.007834468
669,85.66069158,0.006589279
670,85.93108006,0.004773096
671,86.79080243,0.00646064
672,86.62670261,0.00993635
673,85.10228264,0.009216883
674,88.55669155,0.00654551
675,86.98431455,0.005553978
676,87.63689483,0.008049516
677,88.71453148,0.009971575
678,85.09393855,0.009759804
679,84.39229346,0.008902793
680,85.60831521,0.008358877
681,86.44651926,0.007831435
682,85.27567559,0.008481184
683,89.60710852,0.007110382
684,89.24041395,0.005833641
685,87.8737036,0.005476254
686,87.78661667,0.004086978
687,86.318843,0.006062066
688,87.4022193,0.009474733
689,89.07232585,0.011664373
690,85.37843153,0.009871053
691,87.68931528,0.007065048
692,85.35941548,0.007800321
693,84.79875204,0.009344834
694,87.03602055,0.008943605
695,88.41597687,0.007138138
696,86.19583295,0.006619074
697,88.55505764,0.007813188
698,87.77438687,0.00736952
699,88.6268486,0.006424381
700,89.41505582,0.006669583
701,89.40892622,0.008697518
702,88.63671514,0.01002253
703,87.05722718,0.01071234
704,87.93870835,0.008216554
705,89.52771,0.004874274
706,90.97548789,0.004458974
707,91.8769668,0.005899262
708,89.56763752,0.008727539
709,87.99167097,0.007706772
710,88.33237102,0.007599086
711,88.57043093,0.008575412
712,87.98512855,0.009697461
713,90.12875786,0.010233063
714,89.06783008,0.008686099
715,87.51444985,0.006681451
716,88.39068661,0.006940935
717,89.15724484,0.008184854
718,90.26973331,0.008785948
719,90.38434716,0.008441566
720,89.2244446,0.008148944
721,89.0261205,0.008888769
722,88.93563,0.007232651
723,90.75650357,0.006953158
724,89.53073082,0.008552696
725,92.80661632,0.008664816
726,92.09689829,0.007268715
727,89.55625193,0.005068624
728,89.87846606,0.003953774
729,90.62519106,0.005420255
730,90.23525025,0.00771217
731,90.16161063,0.010701411
732,90.76260295,0.01195674
733,90.8781524,0.009732158
734,90.54529115,0.008300688
735,90.89350807,0.008343109
736,90.05436101,0.007649167
737,90.51681255,0.006978501
738,92.99926684,0.007344391
739,93.97562511,0.008370557
740,93.37155398,0.008428441
741,92.73636091,0.006517468
742,95.29338159,0.006570419
743,93.97008484,0.007893109
744,91.75002278,0.007761428
745,90.79369277,0.007514288
746,94.33175671,0.007748762
747,93.78771967,0.008088911
748,92.62374607,0.007730326
749,93.23354163,0.007377831
750,93.48028338,0.00915416
751,92.16805964,0.011379613
752,92.92674715,0.00980768
753,95.28828433,0.005437707
754,93.97459847,0.003595371
755,93.72884005,0.006818027
756,93.11209849,0.008973231
757,95.02147856,0.007205926
758,96.92849756,0.007572442
759,95.76784536,0.0084944
760,95.83226357,0.008683616
761,95.50508781,0.008425198
762,95.18985373,0.00831914
763,95.3756112,0.008282834
764,94.87034158,0.006814728
765,95.64414195,0.00676403
766,98.20419953,0.009403029
767,96.81745597,0.010825908
768,97.09527449,0.008589649
769,97.45085786,0.007221437
770,95.14929934,0.007607944
771,95.54899753,0.009074079
772,94.67693422,0.009394749
773,94.87804084,0.008761812
774,97.24069757,0.009832067
775,95.84686957,0.010132466
776,96.94321248,0.010028057
777,96.81185244,0.009196883
778,98.41408658,0.006734443
779,96.72176264,0.003730832
780,97.00340064,0.003267163
781,98.58624098,0.006601782
782,99.11648617,0.008327611
783,100.6369156,0.009306319
784,99.74028896,0.009246638
785,101.2358524,0.009364863
786,99.0702838,0.010316748
787,99.24331931,0.00989786
788,100.5496006,0.009221166
789,102.1511943,0.007786765
790,102.5207592,0.008074711
791,101.3943742,0.008034873
792,100.670172,0.006669356
793,104.1632524,0.00585488
794,104.7882076,0.00683969
795,104.326721,0.008736077
796,102.4430892,0.009192804
797,104.1811812,0.008620664
798,103.5905331,0.008027552
799,101.2548563,0.008449997
800,101.4256637,0.009862789
801,101.9944887,0.010015759
802,102.6010404,0.008624736
803,102.6159864,0.007725562
804,104.112085,0.008521594
805,105.8942988,0.009411746
806,104.7907435,0.00892253
807,105.5479793,0.008440337
808,105.6524219,0.008064539
809,104.7560952,0.007989257
810,103.6421503,0.007818851
811,107.2367786,0.008571116
812,109.312374,0.008758858
813,108.1934769,0.009015667
814,108.3946768,0.010165375
815,107.8553314,0.009929874
816,109.9849738,0.009202567
817,107.4119879,0.007526335
818,108.8698647,0.006229657
819,107.7062624,0.005263119
820,108.7271662,0.005575864
821,107.5917063,0.008446713
822,107.3611251,0.010121342
823,109.89038,0.00940515
824,109.6270786,0.008838389
825,110.4529109,0.009700277
826,109.6346373,0.0107648
827,108.8799161,0.010265774
828,110.9623843,0.006573413
829,112.4814452,0.004838769
830,112.7083071,0.008160775
831,111.683438,0.011937443
832,109.3239592,0.011186432
833,109.8305558,0.008229713
834,112.9529005,0.008789147
835,112.6471264,0.011159059
836,114.112032,0.011452143
837,109.7669496,0.010682435
838,111.2794861,0.00995027
839,114.0195577,0.008376065
840,112.2854172,0.007617056
841,112.327938,0.010108817
842,115.2798177,0.011875179
843,117.5416689,0.010647445
844,116.3141088,0.008489844
845,118.0945695,0.007550965
846,119.2254965,0.007572401
847,117.5402387,0.007935932
848,117.6354095,0.009540014
849,116.5552154,0.011313795
850,116.4292653,0.011308236
851,118.4091114,0.009722822
852,120.1889829,0.0082302
853,119.7227481,0.007181954
854,119.5667,0.008647678
855,117.8886886,0.01011601
856,118.4711197,0.009890507
857,118.699016,0.008612104
858,123.5573985,0.008894806
859,121.5922743,0.010481944
860,119.2262907,0.011760112
861,121.0634214,0.012460096
862,118.954567,0.011240416
863,120.9236199,0.009280527
864,120.7397854,0.007312409
865,121.0442777,0.006692389
866,118.9862475,0.009594224
867,119.6477777,0.012785762
868,127.023193,0.013604893
869,124.5906579,0.009738157
870,123.8466983,0.006294661
871,126.2829007,0.009360561
872,126.4408969,0.01305361
873,126.2898432,0.010628689
874,125.5652256,0.008178177
875,127.3128336,0.010770299
876,130.5208056,0.012939747
877,130.3536103,0.010203695
878,131.3121319,0.007523988
879,130.884582,0.009227451
880,130.4059776,0.011578152
881,128.2843802,0.011735681
882,127.1209016,0.011966066
883,131.0492813,0.01221134
884,132.3996878,0.01024759
885,129.4900517,0.009326339
886,131.5074395,0.009609615
887,133.5229874,0.01164122
888,131.6687211,0.014666142
889,135.6144705,0.014825383
890,133.1007013,0.01070844
891,135.6987995,0.006145283
892,138.0893413,0.005981998
893,140.334411,0.009768354
894,140.9588328,0.012746107
895,141.7247342,0.013402366
896,142.3928822,0.01218849
897,140.1948731,0.010369014
898,140.006128,0.010067707
899,143.6615374,0.010061278
900,143.3316143,0.012151244
901,146.4495848,0.013084474
902,145.8024958,0.010831963
903,143.2838122,0.008609285
904,148.5222361,0.009162352
905,145.9662925,0.01327314
906,148.0689647,0.014315447
907,147.8867623,0.012705923
908,142.195211,0.011976917
909,145.0218953,0.013441431
910,143.5892933,0.014545459
911,145.950049,0.013018433
912,149.7674232,0.011348797
913,149.2103492,0.011267578
914,148.8873323,0.011029286
915,153.6505174,0.009515303
916,154.8576314,0.00757878
917,156.0322356,0.00897187
918,154.4152073,0.012876021
919,158.359042,0.014944174
920,157.8618979,0.014908384
921,156.2208623,0.011513059
922,160.3310992,0.009753394
923,160.593125,0.011339407
924,156.3164676,0.014161369
925,155.7641412,0.015054192
926,154.5890003,0.011639624
927,157.9555957,0.009833035
928,163.5017369,0.012998972
929,162.4746847,0.015407793
930,162.2314754,0.012841817
931,162.5377746,0.01027742
932,165.2171006,0.013428582
933,167.2662,0.01743191
934,165.6834726,0.015988854
935,165.5551523,0.013845453
936,164.2249181,0.013718791
937,166.1207843,0.014690162
938,165.5557934,0.014309842
939,169.6341859,0.0133324
940,168.4346709,0.012953598
941,165.4642516,0.012979792
942,171.8708461,0.013425924
943,173.6091097,0.012131237
944,176.005358,0.010670019
945,176.2019253,0.010850628
946,173.4844636,0.012782655
947,179.3586967,0.013588471
948,180.2393975,0.014312406
949,181.1835293,0.015601672
950,176.1446444,0.015063835
951,172.8437827,0.013510489
952,175.7091066,0.014164008
953,178.9986113,0.016510866
954,181.8464951,0.016654028
955,180.5068864,0.014806281
956,179.3369924,0.013452476
957,182.0664258,0.014495227
958,184.9411086,0.014681099
959,190.0368248,0.015187912
960,185.8907711,0.015245843
961,183.2938664,0.014121424
962,188.0104376,0.014590045
963,189.0451326,0.016297301
964,189.4542021,0.018135772
965,194.1935177,0.015966931
966,195.1555198,0.014372844
967,194.3157827,0.013745956
968,189.3387183,0.014161887
969,189.1657696,0.015246232
970,195.3853335,0.015314439
971,197.8849455,0.016839753
972,196.8803492,0.017658924
973,197.4216266,0.016456231
974,201.8951993,0.015524186
975,203.1492892,0.014966484
976,199.5369599,0.016079176
977,203.7200621,0.015711127
978,207.3538333,0.013986815
979,206.9927448,0.012008274
980,205.1852976,0.012163644
981,203.7665879,0.017272892
982,207.1357975,0.020307425
983,208.1731926,0.020953318
984,209.3869986,0.01875055
985,211.7586854,0.017676138
986,211.8802935,0.015294287
987,212.7569241,0.011940699
988,214.5797605,0.01411908
989,213.3015007,0.018033632
990,212.3932189,0.020206611
991,212.8403079,0.019788747
992,220.3457417,0.018280571
993,223.3638206,0.019525965
994,219.9023772,0.02138783
995,224.1079818,0.020362632
996,221.9880568,0.013931571
997,223.3601865,0.009178328
998,224.3264669,0.012383748
999,228.3462258,0.018285869
1000,226.1684159,0.021291434
1001,222.1394232,0.019804091
1002,227.6947239,0.017818162
1003,233.0604763,0.017134886
1004,236.2455529,0.017610778
1005,230.3096368,0.018224214
1006,231.0045762,0.016276125
1007,235.7730463,0.014246886
1008,235.9060763,0.014290963
1009,234.9744411,0.016951458
1010,234.8040152,0.020091852
1011,229.3022856,0.021431593
1012,233.4033983,0.020799045
1013,239.3210311,0.018796122
1014,234.0681562,0.018372832
1015,232.8156872,0.017919287
1016,235.2734245,0.016864216
1017,232.2803538,0.015802753
1018,238.1428072,0.01735685
1019,243.764977,0.018999007
1020,241.8548689,0.017935253
1021,238.7980702,0.016869661
1022,243.9934313,0.017666268
1023,248.4618567,0.019263474
1024,246.0386502,0.019937547
1025,250.1205715,0.021120252
1026,252.1010932,0.022117597
1027,252.2749722,0.020637918
1028,248.2474157,0.017159983
1029,245.2457109,0.015901181
1030,248.8582745,0.01709347
1031,251.2204727,0.017527847
1032,252.474965,0.01700291
1033,250.8164286,0.01794639
1034,247.9067872,0.0206687
1035,249.6609522,0.022578865
1036,255.4843643,0.021311821
1037,259.5766679,0.018193621
1038,255.9944527,0.017220984
1039,252.8801675,0.017136554
1040,252.7165788,0.018394416
1041,247.8881406,0.019266183
1042,243.8831179,0.020184587
1043,254.3944493,0.022386667
1044,253.1682837,0.02186174
1045,253.8937999,0.019842085
1046,251.0656388,0.016812041
1047,245.6711922,0.016198027
1048,252.6756926,0.018675779
1049,253.0720792,0.019387242
1050,253.6226694,0.018645327
1051,257.3295065,0.018242327
1052,251.4652826,0.020146653
1053,249.83435,0.021353758
1054,250.1871733,0.019185671
1055,252.094257,0.01534265
1056,250.0680186,0.013285216
1057,252.1185603,0.014735853
1058,250.9902556,0.017998457
1059,249.3993753,0.024165074
1060,251.3792389,0.035845261
1061,250.3892463,0.034121795
1062,243.7929102,0.017474592
1063,240.7784428,0.003650952
1064,245.5734627,0.005114876
1065,245.6503219,0.018123693
1066,239.0804116,0.0207449
1067,243.6277551,0.018912497
1068,246.7940684,0.017250534
1069,240.2707857,0.015344162
1070,238.8027499,0.01570636
1071,243.0741475,0.015196242
1072,247.9266352,0.014958333
1073,239.44468,0.016227869
1074,232.1362757,0.020020858
1075,230.9590122,0.021873423
1076,237.1023929,0.019520217
1077,240.8551247,0.015554622
1078,237.1865252,0.01440597
1079,232.9183474,0.016182623
1080,232.3361384,0.017450889
1081,232.4841988,0.018074588
1082,230.9191255,0.017160926
1083,230.9741898,0.016459006
1084,222.8532184,0.015885238
1085,227.177864,0.015624811
1086,229.2621183,0.01625088
1087,221.6579877,0.015499167
1088,218.515987,0.015613688
1089,220.1867465,0.015932557
1090,226.577601,0.016226486
1091,224.7477173,0.015782158
1092,221.3610246,0.014371738
1093,217.3180173,0.015399334
1094,209.8766884,0.016533057
1095,208.7165051,0.016112431
1096,210.5413675,0.014323906
1097,210.1257346,0.014216711
1098,207.5096414,0.014426625
1099,203.6807675,0.01507166
1100,201.9621533,0.015632322
1101,198.7305307,0.015512277
1102,199.2541932,0.013658918
1103,196.7474549,0.009868433
1104,191.8169408,0.01181492
1105,191.562801,0.004376464
1106,188.5322532,0.002315422
1107,192.2456154,0.018907457
1108,186.5002208,0.032845723
1109,178.9489167,0.026557937
1110,179.8525062,0.004709493
1111,178.394946,0.000217031
1112,176.1444331,0.011500528
1113,168.7346828,0.016356734
1114,167.2982409,0.014075864
1115,167.5409884,0.010397838
1116,166.6087968,0.007890825
1117,165.0462363,0.009183179
1118,163.6217805,0.011278177
1119,161.3642301,0.01167642
1120,158.2769526,0.011541871
1121,155.4462305,0.011930043
1122,153.9307637,0.01301129
1123,151.5383862,0.012586774
1124,144.6597329,0.009762277
1125,142.6892355,0.008255672
1126,143.6338,0.007898765
1127,139.1654248,0.010870544
1128,133.6107296,0.010408352
1129,136.3076349,0.007046396
1130,134.9077147,0.005812484
1131,130.6959748,0.006971603
1132,129.1197023,0.008642235
1133,126.8232474,0.008800223
1134,120.6462346,0.010446877
1135,118.7479926,0.010924469
1136,120.190117,0.009788062
1137,117.7791115,0.006971012
1138,113.2789952,0.005527944
1139,113.7415129,0.005238128
1140,110.7988144,0.006337249
1141,110.8570498,0.008882985
1142,111.4558138,0.00860904
1143,106.6431027,0.006413028
1144,101.9095238,0.005254374
1145,98.89233725,0.005590385
1146,95.84315022,0.005683714
1147,94.50432848,0.004770397
1148,92.45899888,0.005474576
1149,91.14480892,0.005939404
1150,87.5020402,0.00719024
1151,86.32338801,0.006970001
1152,86.41275599,0.003988974
1153,84.3405024,0.002590278
1154,83.92991004,0.001957592
1155,82.15593886,0.003212157
1156,78.86370849,0.004329654
1157,77.90175625,0.004232158
1158,77.77707257,0.004305776
1159,74.52346537,0.004188499
1160,73.9500563,0.004206668
1161,73.15484507,0.00436475
1162,70.94114715,0.00295444
1163,68.52184941,0.002639304
1164,66.66665503,0.003879748
1165,66.46584872,0.00503646
1166,65.63887282,0.005227055
1167,64.92078927,0.003798586
1168,63.57195773,0.003039291
1169,63.32719453,0.003316708
1170,62.8926197,0.004551599
1171,61.55885724,0.005886551
1172,61.15398506,0.004435489
1173,59.51297792,0.0031806
1174,58.72854252,0.003231426
1175,58.12604998,0.003666953
1176,57.87752665,0.003627068
1177,57.10772949,0.002637321
1178,56.24404372,0.002971144
1179,56.75319983,0.002950415
1180,54.50488366,0.002086878
1181,54.01735083,0.000475327
1182,53.54634737,0.001259084
1183,51.30247629,0.002513983
1184,51.21990829,0.003686677
1185,50.85789165,0.003988669
1186,49.95475934,0.003111155
1187,51.48739584,0.002912176
1188,52.3437827,0.000823982
1189,51.38905047,0
1190,49.66866309,0.002131102
1191,48.82979353,0.005835586
1192,48.98957042,0.007340356
1193,48.66392566,0.003963194
1194,48.102391,0.000647034
1195,48.24243094,0.000628928
1196,47.49516575,0.001199749
1197,46.86646677,0.000149736
1198,46.6315468,0.002042707
1199,44.88173637,0.005726269
1200,45.51697614,0.008024805
1201,46.2056076,0.005362173
1202,44.46917638,6.35401E-05
1203,44.90227004,0
1204,44.43430653,0
1205,43.79735419,0
1206,43.63839892,0.002628541
1207,44.11280818,0.005167239
1208,43.35544061,0.003995249
1209,42.70674041,0.002511702
1210,42.15142179,0.001292198
1211,42.59212463,0
1212,42.0430295,0
1213,42.16724881,0.002607366
1214,42.26519905,0.003763493
1215,42.36428434,0.00250416
1216,41.63875477,0.00418794
1217,42.19430693,0.007768979
1218,42.94492681,0.005612255
1219,41.97968145,0.000694931
1220,41.94163586,0
1221,41.46267629,0.00135855
1222,42.51346062,0.000468926
1223,43.09300357,0
1224,42.32202321,0
1225,42.44214932,0.003525418
1226,42.22757071,0.004460784
1227,42.87784149,0.0027784
1228,42.38246368,0.000688037
1229,41.5655061,0.001740058
1230,41.36642542,0.005093002
1231,41.90562837,0.008407111
1232,41.31245825,0.007423866
1233,41.83116558,0.000202482
1234,41.8347276,0
1235,42.52770838,0
1236,42.31971362,0
1237,41.19301372,0.0015409
1238,41.95606683,0.001967053
1239,42.11631914,0.004043247
1240,42.1009601,0.004961724
1241,43.13593659,0.003258154
1242,42.78109826,0
1243,42.34836621,0
1244,41.49850777,0
1245,41.5420713,0
1246,43.1241072,0
1247,43.7718244,0.000524004
1248,43.07267776,0.00531996
1249,42.50493265,0.005637346
1250,41.8494212,0.001365875
1251,42.2185069,0
1252,41.69578229,0
1253,41.98776353,0.005752721
1254,41.26716589,0.009602228
1255,40.34365736,0.006554324
1256,40.79847094,0.001174375
1257,40.87232322,0
1258,40.56774222,0
1259,39.66841559,0.00056178
1260,39.50011828,0.001563839
1261,39.60696419,0.001820221
1262,39.14755091,0.002129186
1263,39.11453297,0.002587723
1264,38.69233413,0.001871795
1265,38.49562944,0.000917735
1266,37.79080986,0.002246041
1267,37.99985951,0.003238609
1268,37.69290835,0.001155744
1269,37.99367675,0
1270,38.0587882,0
1271,37.7464414,0.002843869
1272,37.33187053,0.002924664
1273,37.52120762,0.002148734
1274,37.84926757,0.002870195
1275,37.73039473,0.001719825
1276,37.96265346,0
1277,37.41344219,0
1278,36.62405744,0
1279,36.55545902,0.00262456
1280,37.35765108,0.003838644
1281,36.84235427,0.002890988
1282,37.44284087,0.001725889
1283,37.26977207,0.00112713
1284,36.67966322,0.001317116
1285,37.34160456,0.002725286
1286,37.60520548,0.002611526
1287,38.09406446,0.002125192
1288,37.74194292,0.000780983
1289,37.38591781,0
1290,37.32327636,1.99629E-05
1291,37.46563314,0.001244793
1292,37.60926347,0.00150685
1293,37.2392987,0.000862786
1294,37.00200141,0.001338845
1295,37.23345616,0.002820987
1296,37.42728566,0.002791001
1297,36.79743552,0.001290429
1298,36.58858524,0.000653101
1299,36.55071143,0.00123432
1300,37.17860647,0.001321723
1301,36.90013574,0.001170271
1302,35.90958124,0.001532268
1303,36.77726003,0.001890196
1304,36.64109393,0.00300553
1305,35.43117213,0.002697445
1306,36.0456818,0.001568618
1307,35.35856325,0.001807526
1308,34.52921454,0.003863625
1309,34.29736824,0.005072144
1310,34.71297318,0.00274133
1311,34.77600804,0
1312,34.74135866,0
1313,34.53563064,0.001475808
1314,34.68365917,0.00405241
1315,35.55131168,0.00370039
1316,36.39395545,0.001668788
1317,35.6440349,0
1318,35.35051246,0
1319,34.85450134,0
1320,34.57003615,0.002005229
1321,34.31022534,0.005139652
1322,34.67236817,0.00318903
1323,35.58639537,5.89649E-05
1324,34.81614608,0
1325,34.26273496,0.002226232
1326,34.58651234,0.00239325
1327,34.44693687,0.001482538
1328,34.79391614,0.001421525
1329,36.32842405,0.000997125
1330,36.50979411,0.000503856
1331,35.5283148,0.000182205
1332,35.19194218,0.000478277
1333,36.1194248,0.000713185
1334,35.9643854,0.001729625
1335,34.84643023,0.00271047
1336,33.47619132,0.001390325
1337,33.61518834,0
1338,33.72431324,0
1339,33.72274521,0.003334361
1340,34.83907637,0.006235781
1341,34.21596309,0.003796503
1342,33.5673908,0.000729211
1343,33.64171054,0.000440969
1344,33.89125717,0.000747659
1345,35.25274208,0
1346,35.84840473,0
1347,36.07943923,0
1348,36.48163566,0.00300072
1349,36.4977518,0.005815454
1350,37.33667882,0.003843081
1351,37.71509204,0.000927784
1352,36.80346418,0.001022134
1353,35.55747012,0.002000371
1354,34.90091391,0.001431765
1355,35.03675601,0
1356,35.48481196,0
1357,35.27650508,0.002025911
1358,34.89732848,0.003331552
1359,34.10112499,0.003226175
1360,33.81221791,0.001624324
1361,34.18965252,0.001657124
1362,34.43718498,0.001085285
1363,34.61972965,0
1364,34.48601306,6.28676E-05
1365,34.45794767,2.10816E-05
1366,34.75085199,0.001326819
1367,34.47699087,0.00349375
1368,33.12020305,0.000836212
1369,32.89684599,0
1370,33.45645765,0
1371,33.13208042,0.0031608
1372,32.58041551,0.006840033
1373,32.00433482,0.00388438
1374,32.03870422,0.001908792
1375,32.67495749,0.002154591
1376,32.82421998,0.000596587
1377,32.62069999,0.000325245
1378,32.6441148,0.001845799
1379,33.65903933,0.004299324
1380,34.45171082,0.004689599
1381,34.34553459,0.002284983
1382,33.46573689,0
1383,33.3393329,0
1384,33.66903336,0
1385,33.63867171,0.003159229
1386,34.42332338,0.003519121
1387,34.22215739,0.000950292
1388,33.68608306,0
1389,33.36267286,0
1390,33.54312398,0.001905845
1391,33.36002991,0.002835891
1392,33.7239242,0.003363436
1393,33.27568863,0.002775462
1394,33.16842146,0.001146047
1395,33.35612997,0
1396,32.67101639,0
1397,32.87721366,0.000454468
1398,33.15622142,0.002279792
1399,32.48666014,0.001844655
1400,32.58534642,3.87161E-05
1401,32.94431286,0
1402,32.57551778,0.000140249
1403,31.69648494,0.00208881
1404,32.45672293,0.001199777
1405,32.19430687,0.001575952
1406,31.708921,0.003151028
1407,31.69053613,0.003891283
1408,31.29541182,0.002673696
1409,31.6057258,0.000702291
1410,31.54619519,0.000694086
1411,30.87880821,0
1412,31.46209648,0
1413,31.67633156,0.000146148
1414,32.50766234,0.001140158
1415,33.10672228,0.003017421
1416,33.12095614,0.00163591
