s,C,g/g,1/s
Time,Temp,Mass,MLR
0,23.01411,1,8.45E-05
6,24.01411,0.9994928,8.45E-05
12,25.01411,0.9994623,5.08E-06
18,26.01411,0.9993747,1.46E-05
24,27.01411,0.9993479,4.47E-06
30,28.01411,0.9992891,9.80E-06
36,29.01411,0.9993246,-5.92E-06
42,30.01411,0.9993081,2.75E-06
48,31.01411,0.9991664,2.36E-05
54,32.01411,0.999097,1.16E-05
60,33.01411,0.9990379,9.85E-06
66,34.01411,0.9989935,7.40E-06
72,35.01411,0.9989244,1.15E-05
78,36.01411,0.9988626,1.03E-05
84,37.01411,0.9987417,2.01E-05
90,38.01411,0.9986266,1.92E-05
96,39.01411,0.9984846,2.37E-05
102,40.01411,0.9983383,2.44E-05
108,41.01411,0.9982218,1.94E-05
114,42.01411,0.9980836,2.30E-05
120,43.01411,0.9979817,1.70E-05
126,44.01411,0.9978191,2.71E-05
132,45.01411,0.9976838,2.26E-05
138,46.01411,0.9974943,3.16E-05
144,47.01411,0.9973271,2.79E-05
150,48.01411,0.997168,2.65E-05
156,49.01411,0.997013,2.58E-05
162,50.01411,0.9968596,2.56E-05
168,51.01411,0.9966409,3.64E-05
174,52.01411,0.9963933,4.13E-05
180,53.01411,0.9961186,4.58E-05
186,54.01411,0.995917,3.36E-05
192,55.01411,0.9957107,3.44E-05
198,56.01411,0.9954435,4.45E-05
204,57.01411,0.9950957,5.80E-05
210,58.01411,0.9947697,5.43E-05
216,59.01411,0.9945007,4.48E-05
222,60.01411,0.9942227,4.63E-05
228,61.01411,0.9938516,6.19E-05
234,62.01411,0.9935205,5.52E-05
240,63.01411,0.9931595,6.02E-05
246,64.01411,0.9928393,5.34E-05
252,65.01411,0.9925233,5.27E-05
258,66.01411,0.9921585,6.08E-05
264,67.01411,0.9917157,7.38E-05
270,68.01411,0.9912821,7.23E-05
276,69.01411,0.990887,6.58E-05
282,70.01411,0.9904637,7.06E-05
288,71.01411,0.9900471,6.94E-05
294,72.01411,0.9896221,7.08E-05
300,73.01411,0.989133,8.15E-05
306,74.01411,0.9886552,7.96E-05
312,75.01411,0.9881828,7.87E-05
318,76.01411,0.9877493,7.23E-05
324,77.01411,0.9872898,7.66E-05
330,78.01411,0.9867798,8.50E-05
336,79.01411,0.9863029,7.95E-05
342,80.01411,0.98581,8.21E-05
348,81.01411,0.9853471,7.72E-05
354,82.01411,0.984861,8.10E-05
360,83.01411,0.9843899,7.85E-05
366,84.01411,0.983923,7.78E-05
372,85.01411,0.9834762,7.45E-05
378,86.01411,0.9830083,7.80E-05
384,87.01411,0.9825416,7.78E-05
390,88.01411,0.9820411,8.34E-05
396,89.01411,0.9816014,7.33E-05
402,90.01411,0.9811769,7.08E-05
408,91.01411,0.9807858,6.52E-05
414,92.01411,0.9803808,6.75E-05
420,93.01411,0.9799708,6.83E-05
426,94.01411,0.9795756,6.59E-05
432,95.01411,0.9792016,6.23E-05
438,96.01411,0.978871,5.51E-05
444,97.01411,0.9785168,5.90E-05
450,98.01411,0.9782136,5.05E-05
456,99.01411,0.9778961,5.29E-05
462,100.01411,0.9776098,4.77E-05
468,101.01411,0.9773288,4.68E-05
474,102.01411,0.9770789,4.16E-05
480,103.01411,0.9768463,3.88E-05
486,104.01411,0.9766062,4.00E-05
492,105.01411,0.9764058,3.34E-05
498,106.01411,0.9761719,3.90E-05
504,107.01411,0.9760289,2.38E-05
510,108.01411,0.9758542,2.91E-05
516,109.01411,0.9757188,2.26E-05
522,110.01411,0.9755269,3.20E-05
528,111.01411,0.9753763,2.51E-05
534,112.01411,0.9752525,2.06E-05
540,113.01411,0.975133,1.99E-05
546,114.01411,0.9750103,2.05E-05
552,115.01411,0.974918,1.54E-05
558,116.01411,0.9748542,1.06E-05
564,117.01411,0.9747915,1.04E-05
570,118.01411,0.9747113,1.34E-05
576,119.01411,0.9746331,1.30E-05
582,120.01411,0.9745678,1.09E-05
588,121.01411,0.9744798,1.47E-05
594,122.01411,0.9743949,1.41E-05
600,123.01411,0.9743176,1.29E-05
606,124.01411,0.9742683,8.22E-06
612,125.01411,0.9742226,7.62E-06
618,126.01411,0.9741723,8.38E-06
624,127.01411,0.9741354,6.15E-06
630,128.01411,0.9740959,6.58E-06
636,129.01411,0.9740591,6.13E-06
642,130.01411,0.9740173,6.97E-06
648,131.01411,0.9739938,3.92E-06
654,132.01411,0.9739475,7.72E-06
660,133.01411,0.9739101,6.23E-06
666,134.01411,0.973875,5.85E-06
672,135.01411,0.9738485,4.42E-06
678,136.01411,0.9738164,5.35E-06
684,137.01411,0.9738084,1.33E-06
690,138.01411,0.9737954,2.17E-06
696,139.01411,0.9737671,4.72E-06
702,140.01411,0.9736841,1.38E-05
708,141.01411,0.9736747,1.57E-06
714,142.01411,0.9736677,1.17E-06
720,143.01411,0.9736541,2.27E-06
726,144.01411,0.973633,3.52E-06
732,145.01411,0.9735944,6.43E-06
738,146.01411,0.9735899,7.50E-07
744,147.01411,0.9735662,3.95E-06
750,148.01411,0.9735574,1.47E-06
756,149.01411,0.9735312,4.37E-06
762,150.01411,0.9735047,4.42E-06
768,151.01411,0.9734855,3.20E-06
774,152.01411,0.9734641,3.57E-06
780,153.01411,0.9734412,3.82E-06
786,154.01411,0.9734178,3.90E-06
792,155.01411,0.9734175,5.00E-08
798,156.01411,0.9734107,1.13E-06
804,157.01411,0.9733945,2.70E-06
810,158.01411,0.9733877,1.13E-06
816,159.01411,0.9733944,-1.12E-06
822,160.01411,0.9733712,3.87E-06
828,161.01411,0.973355,2.70E-06
834,162.01411,0.9733409,2.35E-06
840,163.01411,0.9733159,4.17E-06
846,164.01411,0.9733133,4.33E-07
852,165.01411,0.9732789,5.73E-06
858,166.01411,0.9732294,8.25E-06
864,167.01411,0.9732062,3.87E-06
870,168.01411,0.9731911,2.52E-06
876,169.01411,0.9731615,4.93E-06
882,170.01411,0.9731295,5.33E-06
888,171.01411,0.9730899,6.60E-06
894,172.01411,0.9730744,2.58E-06
900,173.01411,0.9730667,1.28E-06
906,174.01411,0.9730556,1.85E-06
912,175.01411,0.9730414,2.37E-06
918,176.01411,0.9730189,3.75E-06
924,177.01411,0.9730097,1.53E-06
930,178.01411,0.9729723,6.23E-06
936,179.01411,0.9729192,8.85E-06
942,180.01411,0.9728647,9.08E-06
948,181.01411,0.9728413,3.90E-06
954,182.01411,0.9728174,3.98E-06
960,183.01411,0.9727776,6.63E-06
966,184.01411,0.972692,1.43E-05
972,185.01411,0.9726572,5.80E-06
978,186.01411,0.9726154,6.97E-06
984,187.01411,0.9725459,1.16E-05
990,188.01411,0.9724946,8.55E-06
996,189.01411,0.972456,6.43E-06
1002,190.01411,0.9724024,8.93E-06
1008,191.01411,0.9723407,1.03E-05
1014,192.01411,0.9722827,9.67E-06
1020,193.01411,0.9721977,1.42E-05
1026,194.01411,0.9721324,1.09E-05
1032,195.01411,0.9720815,8.48E-06
1038,196.01411,0.9720404,6.85E-06
1044,197.01411,0.9719539,1.44E-05
1050,198.01411,0.9718538,1.67E-05
1056,199.01411,0.9717894,1.07E-05
1062,200.01411,0.9717115,1.30E-05
1068,201.01411,0.9716557,9.30E-06
1074,202.01411,0.9715401,1.93E-05
1080,203.01411,0.9714326,1.79E-05
1086,204.01411,0.9713474,1.42E-05
1092,205.01411,0.9712399,1.79E-05
1098,206.01411,0.9711318,1.80E-05
1104,207.01411,0.9710322,1.66E-05
1110,208.01411,0.9709119,2.00E-05
1116,209.01411,0.9708008,1.85E-05
1122,210.01411,0.9706855,1.92E-05
1128,211.01411,0.9705762,1.82E-05
1134,212.01411,0.9704191,2.62E-05
1140,213.01411,0.9703212,1.63E-05
1146,214.01411,0.9702177,1.73E-05
1152,215.01411,0.9700519,2.76E-05
1158,216.01411,0.9699333,1.98E-05
1164,217.01411,0.969798,2.26E-05
1170,218.01411,0.9696282,2.83E-05
1176,219.01411,0.9694372,3.18E-05
1182,220.01411,0.9692931,2.40E-05
1188,221.01411,0.9691553,2.30E-05
1194,222.01411,0.9690008,2.58E-05
1200,223.01411,0.9687939,3.45E-05
1206,224.01411,0.9686307,2.72E-05
1212,225.01411,0.9684349,3.26E-05
1218,226.01411,0.9681802,4.24E-05
1224,227.01411,0.9679542,3.77E-05
1230,228.01411,0.967713,4.02E-05
1236,229.01411,0.9675335,2.99E-05
1242,230.01411,0.9672683,4.42E-05
1248,231.01411,0.9669966,4.53E-05
1254,232.01411,0.9667624,3.90E-05
1260,233.01411,0.966442,5.34E-05
1266,234.01411,0.9661118,5.50E-05
1272,235.01411,0.9658216,4.84E-05
1278,236.01411,0.9654919,5.50E-05
1284,237.01411,0.9651125,6.32E-05
1290,238.01411,0.9647369,6.26E-05
1296,239.01411,0.9643841,5.88E-05
1302,240.01411,0.963932,7.54E-05
1308,241.01411,0.9634231,8.48E-05
1314,242.01411,0.9629486,7.91E-05
1320,243.01411,0.9624875,7.68E-05
1326,244.01411,0.9619676,8.67E-05
1332,245.01411,0.9614007,9.45E-05
1338,246.01411,0.9608023,9.97E-05
1344,247.01411,0.9602173,9.75E-05
1350,248.01411,0.9595734,1.07E-04
1356,249.01411,0.9589238,1.08E-04
1362,250.01411,0.9582526,1.12E-04
1368,251.01411,0.9575585,1.16E-04
1374,252.01411,0.9568059,1.25E-04
1380,253.01411,0.9560239,1.30E-04
1386,254.01411,0.9551687,1.43E-04
1392,255.01411,0.9543187,1.42E-04
1398,256.01411,0.9533769,1.57E-04
1404,257.01411,0.9522801,1.83E-04
1410,258.01411,0.9513321,1.58E-04
1416,259.01411,0.9502806,1.75E-04
1422,260.01411,0.9490536,2.04E-04
1428,261.01411,0.9479057,1.91E-04
1434,262.01411,0.9467341,1.95E-04
1440,263.01411,0.9452792,2.42E-04
1446,264.01411,0.9439764,2.17E-04
1452,265.01411,0.9423989,2.63E-04
1458,266.01411,0.9408241,2.62E-04
1464,267.01411,0.9391499,2.79E-04
1470,268.01411,0.9374224,2.88E-04
1476,269.01411,0.9355362,3.14E-04
1482,270.01411,0.9335215,3.36E-04
1488,271.01411,0.9314614,3.43E-04
1494,272.01411,0.9292371,3.71E-04
1500,273.01411,0.9270184,3.70E-04
1506,274.01411,0.9245736,4.07E-04
1512,275.01411,0.9220069,4.28E-04
1518,276.01411,0.9192898,4.53E-04
1524,277.01411,0.9164495,4.73E-04
1530,278.01411,0.9135416,4.85E-04
1536,279.01411,0.9104558,5.14E-04
1542,280.01411,0.9058374,7.70E-04
1548,281.01411,0.9031012,4.56E-04
1554,282.01411,0.8989282,6.95E-04
1560,283.01411,0.896084,4.74E-04
1566,284.01411,0.8933415,4.57E-04
1572,285.01411,0.8881821,8.60E-04
1578,286.01411,0.8852434,4.90E-04
1584,287.01411,0.879688,9.26E-04
1590,288.01411,0.8764735,5.36E-04
1596,289.01411,0.8714347,8.40E-04
1602,290.01411,0.8679023,5.89E-04
1608,291.01411,0.8622879,9.36E-04
1614,292.01411,0.8583525,6.56E-04
1620,293.01411,0.8547705,5.97E-04
1626,294.01411,0.8488185,9.92E-04
1632,295.01411,0.8438457,8.29E-04
1638,296.01411,0.8393925,7.42E-04
1644,297.01411,0.8356944,6.16E-04
1650,298.01411,0.8313649,7.22E-04
1656,299.01411,0.8264537,8.19E-04
1662,300.01411,0.8202382,1.04E-03
1668,301.01411,0.8159246,7.19E-04
1674,302.01411,0.8122023,6.20E-04
1680,303.01411,0.8057786,1.07E-03
1686,304.01411,0.8013552,7.37E-04
1692,305.01411,0.7965164,8.06E-04
1698,306.01411,0.7929168,6.00E-04
1704,307.01411,0.7865568,1.06E-03
1710,308.01411,0.7826332,6.54E-04
1716,309.01411,0.7787099,6.54E-04
1722,310.01411,0.7730017,9.51E-04
1728,311.01411,0.769311,6.15E-04
1734,312.01411,0.7626643,1.11E-03
1740,313.01411,0.7576228,8.40E-04
1746,314.01411,0.7540106,6.02E-04
1752,315.01411,0.7503876,6.04E-04
1758,316.01411,0.7445243,9.77E-04
1764,317.01411,0.7387087,9.69E-04
1770,318.01411,0.7348888,6.37E-04
1776,319.01411,0.728524,1.06E-03
1782,320.01411,0.7239775,7.58E-04
1788,321.01411,0.7187883,8.65E-04
1794,322.01411,0.7143025,7.48E-04
1800,323.01411,0.7096834,7.70E-04
1806,324.01411,0.7058031,6.47E-04
1812,325.01411,0.6993864,1.07E-03
1818,326.01411,0.6953209,6.78E-04
1824,327.01411,0.691177,6.91E-04
1830,328.01411,0.6846584,1.09E-03
1836,329.01411,0.6794997,8.60E-04
1842,330.01411,0.6744323,8.45E-04
1848,331.01411,0.669767,7.78E-04
1854,332.01411,0.6648177,8.25E-04
1860,333.01411,0.6596495,8.61E-04
1866,334.01411,0.6547161,8.22E-04
1872,335.01411,0.6504681,7.08E-04
1878,336.01411,0.6467198,6.25E-04
1884,337.01411,0.6402045,1.09E-03
1890,338.01411,0.6361283,6.79E-04
1896,339.01411,0.6302631,9.78E-04
1902,340.01411,0.6264018,6.44E-04
1908,341.01411,0.6194299,1.16E-03
1914,342.01411,0.6143712,8.43E-04
1920,343.01411,0.6092112,8.60E-04
1926,344.01411,0.6051407,6.78E-04
1932,345.01411,0.5982744,1.14E-03
1938,346.01411,0.5927204,9.26E-04
1944,347.01411,0.5870262,9.49E-04
1950,348.01411,0.5810772,9.92E-04
1956,349.01411,0.5753809,9.49E-04
1962,350.01411,0.568906,1.08E-03
1968,351.01411,0.5628519,1.01E-03
1974,352.01411,0.5560906,1.13E-03
1980,353.01411,0.5494829,1.10E-03
1986,354.01411,0.5424849,1.17E-03
1992,355.01411,0.5349129,1.26E-03
1998,356.01411,0.5269426,1.33E-03
2004,357.01411,0.5184275,1.42E-03
2010,358.01411,0.5097859,1.44E-03
2016,359.01411,0.5014379,1.39E-03
2022,360.01411,0.49166,1.63E-03
2028,361.01411,0.481887,1.63E-03
2034,362.01411,0.4720218,1.64E-03
2040,363.01411,0.4611947,1.80E-03
2046,364.01411,0.4501457,1.84E-03
2052,365.01411,0.4391334,1.84E-03
2058,366.01411,0.4273603,1.96E-03
2064,367.01411,0.4153971,1.99E-03
2070,368.01411,0.4037104,1.95E-03
2076,369.01411,0.3913151,2.07E-03
2082,370.01411,0.3792182,2.02E-03
2088,371.01411,0.3670433,2.03E-03
2094,372.01411,0.3551441,1.98E-03
2100,373.01411,0.3435081,1.94E-03
2106,374.01411,0.3322823,1.87E-03
2112,375.01411,0.3217207,1.76E-03
2118,376.01411,0.3115957,1.69E-03
2124,377.01411,0.3019677,1.60E-03
2130,378.01411,0.2938708,1.35E-03
2136,379.01411,0.2857821,1.35E-03
2142,380.01411,0.2785642,1.20E-03
2148,381.01411,0.2732071,8.93E-04
2154,382.01411,0.2686832,7.54E-04
2160,383.01411,0.2633732,8.85E-04
2166,384.01411,0.260239,5.22E-04
2172,385.01411,0.2560698,6.95E-04
2178,386.01411,0.2540229,3.41E-04
2184,387.01411,0.2522706,2.92E-04
2190,388.01411,0.2503344,3.23E-04
2196,389.01411,0.2486496,2.81E-04
2202,390.01411,0.2474006,2.08E-04
2208,391.01411,0.2462927,1.85E-04
2214,392.01411,0.2451868,1.84E-04
2220,393.01411,0.2441908,1.66E-04
2226,394.01411,0.2434357,1.26E-04
2232,395.01411,0.2426247,1.35E-04
2238,396.01411,0.2418481,1.29E-04
2244,397.01411,0.2410534,1.32E-04
2250,398.01411,0.240301,1.25E-04
2256,399.01411,0.2396521,1.08E-04
2262,400.01411,0.2389327,1.20E-04
2268,401.01411,0.2382094,1.21E-04
2274,402.01411,0.2374306,1.30E-04
2280,403.01411,0.2368064,1.04E-04
2286,404.01411,0.2361512,1.09E-04
2292,405.01411,0.2354503,1.17E-04
2298,406.01411,0.2348145,1.06E-04
2304,407.01411,0.2341364,1.13E-04
2310,408.01411,0.233453,1.14E-04
2316,409.01411,0.2327596,1.16E-04
2322,410.01411,0.2321765,9.72E-05
2328,411.01411,0.231467,1.18E-04
2334,412.01411,0.2308266,1.07E-04
2340,413.01411,0.2301924,1.06E-04
2346,414.01411,0.2295019,1.15E-04
2352,415.01411,0.2288599,1.07E-04
2358,416.01411,0.2282068,1.09E-04
2364,417.01411,0.2275431,1.11E-04
2370,418.01411,0.2269202,1.04E-04
2376,419.01411,0.2262576,1.10E-04
2382,420.01411,0.2256364,1.04E-04
2388,421.01411,0.2249873,1.08E-04
2394,422.01411,0.2243484,1.06E-04
2400,423.01411,0.2237856,9.38E-05
2406,424.01411,0.2231158,1.12E-04
2412,425.01411,0.2224598,1.09E-04
2418,426.01411,0.2218383,1.04E-04
2424,427.01411,0.2212435,9.91E-05
2430,428.01411,0.2206454,9.97E-05
2436,429.01411,0.22002,1.04E-04
2442,430.01411,0.2194446,9.59E-05
2448,431.01411,0.2188439,1.00E-04
2454,432.01411,0.2182367,1.01E-04
2460,433.01411,0.2177273,8.49E-05
2466,434.01411,0.217169,9.30E-05
2472,435.01411,0.2165898,9.65E-05
2478,436.01411,0.2160205,9.49E-05
2484,437.01411,0.2154425,9.63E-05
2490,438.01411,0.2149115,8.85E-05
2496,439.01411,0.214359,9.21E-05
2502,440.01411,0.2138261,8.88E-05
2508,441.01411,0.2133202,8.43E-05
2514,442.01411,0.212812,8.47E-05
2520,443.01411,0.2123156,8.27E-05
2526,444.01411,0.2118155,8.34E-05
2532,445.01411,0.2113268,8.15E-05
2538,446.01411,0.2108284,8.31E-05
2544,447.01411,0.2103441,8.07E-05
2550,448.01411,0.2099137,7.17E-05
2556,449.01411,0.2094631,7.51E-05
2562,450.01411,0.209,7.72E-05
2568,451.01411,0.2085707,7.15E-05
2574,452.01411,0.2081182,7.54E-05
2580,453.01411,0.2077262,6.53E-05
2586,454.01411,0.2073593,6.12E-05
2592,455.01411,0.2069351,7.07E-05
2598,456.01411,0.2064781,7.62E-05
2604,457.01411,0.2060885,6.49E-05
2610,458.01411,0.205696,6.54E-05
2616,459.01411,0.2053185,6.29E-05
2622,460.01411,0.2049681,5.84E-05
2628,461.01411,0.2046,6.13E-05
2634,462.01411,0.2041854,6.91E-05
2640,463.01411,0.2038455,5.66E-05
2646,464.01411,0.2034843,6.02E-05
2652,465.01411,0.2031451,5.65E-05
2658,466.01411,0.2027604,6.41E-05
2664,467.01411,0.2024376,5.38E-05
2670,468.01411,0.2021167,5.35E-05
2676,469.01411,0.2017948,5.36E-05
2682,470.01411,0.201482,5.21E-05
2688,471.01411,0.2011382,5.73E-05
2694,472.01411,0.2008703,4.47E-05
2700,473.01411,0.2005563,5.23E-05
2706,474.01411,0.2002582,4.97E-05
2712,475.01411,0.199953,5.09E-05
2718,476.01411,0.1996398,5.22E-05
2724,477.01411,0.1993051,5.58E-05
2730,478.01411,0.1990071,4.97E-05
2736,479.01411,0.1987054,5.03E-05
2742,480.01411,0.1984522,4.22E-05
2748,481.01411,0.1982088,4.06E-05
2754,482.01411,0.1979082,5.01E-05
2760,483.01411,0.1976326,4.59E-05
2766,484.01411,0.1973456,4.78E-05
2772,485.01411,0.1970434,5.04E-05
2778,486.01411,0.1967749,4.48E-05
2784,487.01411,0.1965229,4.20E-05
2790,488.01411,0.1962516,4.52E-05
2796,489.01411,0.1960011,4.17E-05
2802,490.01411,0.1957266,4.58E-05
2808,491.01411,0.195467,4.33E-05
2814,492.01411,0.195239,3.80E-05
2820,493.01411,0.1949622,4.61E-05
2826,494.01411,0.1946882,4.57E-05
2832,495.01411,0.1944639,3.74E-05
2838,496.01411,0.1942115,4.21E-05
2844,497.01411,0.1939536,4.30E-05
2850,498.01411,0.193653,5.01E-05
2856,499.01411,0.1934547,3.31E-05
2862,500.01411,0.1932037,4.18E-05
2868,501.01411,0.1929741,3.83E-05
2874,502.01411,0.1927361,3.97E-05
2880,503.01411,0.1925157,3.67E-05
2886,504.01411,0.1922826,3.89E-05
2892,505.01411,0.1920627,3.66E-05
2898,506.01411,0.1917889,4.56E-05
2904,507.01411,0.1915858,3.38E-05
2910,508.01411,0.1912874,4.97E-05
2916,509.01411,0.1911055,3.03E-05
2922,510.01411,0.1908747,3.85E-05
2928,511.01411,0.1906735,3.35E-05
2934,512.01411,0.1904735,3.33E-05
2940,513.01411,0.1901997,4.56E-05
2946,514.01411,0.1899435,4.27E-05
2952,515.01411,0.1897874,2.60E-05
2958,516.01411,0.1895573,3.84E-05
2964,517.01411,0.1893388,3.64E-05
2970,518.01411,0.1890927,4.10E-05
2976,519.01411,0.1888612,3.86E-05
2982,520.01411,0.1886425,3.64E-05
2988,521.01411,0.188399,4.06E-05
2994,522.01411,0.188219,3.00E-05
3000,523.01411,0.1879355,4.72E-05
3006,524.01411,0.1877581,2.96E-05
3012,525.01411,0.1876244,2.23E-05
3018,526.01411,0.1874365,3.13E-05
3024,527.01411,0.1872067,3.83E-05
3030,528.01411,0.1869637,4.05E-05
3036,529.01411,0.1867998,2.73E-05
3042,530.01411,0.1865776,3.70E-05
3048,531.01411,0.1863098,4.46E-05
3054,532.01411,0.1861893,2.01E-05
3060,533.01411,0.1860379,2.52E-05
3066,534.01411,0.1857538,4.74E-05
3072,535.01411,0.1855751,2.98E-05
3078,536.01411,0.1854108,2.74E-05
3084,537.01411,0.185141,4.50E-05
3090,538.01411,0.185073,1.13E-05
3096,539.01411,0.1848547,3.64E-05
3102,540.01411,0.1846435,3.52E-05
3108,541.01411,0.1844146,3.82E-05
3114,542.01411,0.1842172,3.29E-05
3120,543.01411,0.184009,3.47E-05
3126,544.01411,0.1838261,3.05E-05
3132,545.01411,0.1837117,1.91E-05
3138,546.01411,0.1835085,3.39E-05
3144,547.01411,0.1832732,3.92E-05
3150,548.01411,0.183101,2.87E-05
3156,549.01411,0.1829213,2.99E-05
3162,550.01411,0.1827733,2.47E-05
3168,551.01411,0.1826247,2.48E-05
3174,552.01411,0.1824306,3.24E-05
3180,553.01411,0.1821883,4.04E-05
3186,554.01411,0.1820766,1.86E-05
3192,555.01411,0.1818739,3.38E-05
3198,556.01411,0.1816698,3.40E-05
3204,557.01411,0.1815191,2.51E-05
3210,558.01411,0.1814106,1.81E-05
3216,559.01411,0.1812051,3.42E-05
3222,560.01411,0.1810717,2.22E-05
3228,561.01411,0.1808391,3.88E-05
3234,562.01411,0.1806255,3.56E-05
3240,563.01411,0.1804606,2.75E-05
3246,564.01411,0.1803967,1.06E-05
3252,565.01411,0.1801749,3.70E-05
3258,566.01411,0.1799687,3.44E-05
3264,567.01411,0.1798006,2.80E-05
3270,568.01411,0.1796193,3.02E-05
3276,569.01411,0.17945,2.82E-05
3282,570.01411,0.1793174,2.21E-05
3288,571.01411,0.1791357,3.03E-05
3294,572.01411,0.1789614,2.91E-05
3300,573.01411,0.1788339,2.13E-05
3306,574.01411,0.1787122,2.03E-05
3312,575.01411,0.1785949,1.96E-05
3318,576.01411,0.1783674,3.79E-05
3324,577.01411,0.1781885,2.98E-05
3330,578.01411,0.1780787,1.83E-05
3336,579.01411,0.1779102,2.81E-05
3342,580.01411,0.1777166,3.23E-05
3348,581.01411,0.1775854,2.19E-05
3354,582.01411,0.1774633,2.04E-05
3360,583.01411,0.1773393,2.07E-05
3366,584.01411,0.1771682,2.85E-05
3372,585.01411,0.1770096,2.64E-05
3378,586.01411,0.1768751,2.24E-05
3384,587.01411,0.1767277,2.46E-05
3390,588.01411,0.1765636,2.74E-05
3396,589.01411,0.1763888,2.91E-05
3402,590.01411,0.1762355,2.55E-05
3408,591.01411,0.1760446,3.18E-05
3414,592.01411,0.1759416,1.72E-05
3420,593.01411,0.1758995,7.02E-06
3426,594.01411,0.1755953,5.07E-05
3432,595.01411,0.1755656,4.95E-06
3438,596.01411,0.1753994,2.77E-05
3444,597.01411,0.175293,1.77E-05
3450,598.01411,0.1752046,1.47E-05
3456,599.01411,0.1750013,3.39E-05
3462,600.01411,0.1747918,3.49E-05
3468,601.01411,0.1747304,1.02E-05
3474,602.01411,0.1745961,2.24E-05
3480,603.01411,0.1745193,1.28E-05
3486,604.01411,0.1743454,2.90E-05
3492,605.01411,0.1741989,2.44E-05
3498,606.01411,0.1740656,2.22E-05
3504,607.01411,0.1739255,2.33E-05
3510,608.01411,0.173824,1.69E-05
3516,609.01411,0.1737383,1.43E-05
3522,610.01411,0.1735428,3.26E-05
3528,611.01411,0.1734179,2.08E-05
3534,612.01411,0.1732697,2.47E-05
3540,613.01411,0.1732311,6.43E-06
3546,614.01411,0.173051,3.00E-05
3552,615.01411,0.1730273,3.95E-06
3558,616.01411,0.1728795,2.46E-05
3564,617.01411,0.1727545,2.08E-05
3570,618.01411,0.1726133,2.35E-05
3576,619.01411,0.172513,1.67E-05
3582,620.01411,0.1723558,2.62E-05
3588,621.01411,0.1722936,1.04E-05
3594,622.01411,0.1721447,2.48E-05
3600,623.01411,0.1721367,1.33E-06
3606,624.01411,0.1720525,1.40E-05
3612,625.01411,0.1718423,3.50E-05
3618,626.01411,0.1717143,2.13E-05
3624,627.01411,0.1717067,1.27E-06
3630,628.01411,0.171654,8.78E-06
3636,629.01411,0.1714896,2.74E-05
3642,630.01411,0.1713584,2.19E-05
3648,631.01411,0.1712156,2.38E-05
3654,632.01411,0.1711988,2.80E-06
3660,633.01411,0.1711921,1.12E-06
3666,634.01411,0.1710229,2.82E-05
3672,635.01411,0.1708434,2.99E-05
3678,636.01411,0.1706476,3.26E-05
3684,637.01411,0.1705977,8.32E-06
3690,638.01411,0.1706134,-2.62E-06
3696,639.01411,0.1704857,2.13E-05
3702,640.01411,0.1704173,1.14E-05
3708,641.01411,0.1703104,1.78E-05
3714,642.01411,0.1703219,-1.92E-06
3720,643.01411,0.1702796,7.05E-06
3726,644.01411,0.1700768,3.38E-05
3732,645.01411,0.1699435,2.22E-05
3738,646.01411,0.1699249,3.10E-06
3744,647.01411,0.1698658,9.85E-06
3750,648.01411,0.1697541,1.86E-05
3756,649.01411,0.1696379,1.94E-05
3762,650.01411,0.169584,8.98E-06
3768,651.01411,0.1694251,2.65E-05
3774,652.01411,0.1693956,4.92E-06
3780,653.01411,0.1692541,2.36E-05
3786,654.01411,0.1692615,-1.23E-06
3792,655.01411,0.1691367,2.08E-05
3798,656.01411,0.1691207,2.67E-06
3804,657.01411,0.1690343,1.44E-05
3810,658.01411,0.1690033,5.17E-06
3816,659.01411,0.1688941,1.82E-05
3822,660.01411,0.1688154,1.31E-05
3828,661.01411,0.1686981,1.95E-05
3834,662.01411,0.1685732,2.08E-05
3840,663.01411,0.168581,-1.30E-06
3846,664.01411,0.1685186,1.04E-05
3852,665.01411,0.1684869,5.28E-06
3858,666.01411,0.1684089,1.30E-05
3864,667.01411,0.168276,2.22E-05
3870,668.01411,0.1682524,3.93E-06
3876,669.01411,0.16819,1.04E-05
3882,670.01411,0.1680808,1.82E-05
3888,671.01411,0.1680559,4.15E-06
3894,672.01411,0.1679786,1.29E-05
3900,673.01411,0.1678756,1.72E-05
3906,674.01411,0.1677818,1.56E-05
3912,675.01411,0.1676507,2.18E-05
3918,676.01411,0.1676435,1.20E-06
3924,677.01411,0.1676668,-3.88E-06
3930,678.01411,0.1676347,5.35E-06
3936,679.01411,0.1675618,1.22E-05
3942,680.01411,0.1674168,2.42E-05
3948,681.01411,0.1673991,2.95E-06
3954,682.01411,0.1673449,9.03E-06
3960,683.01411,0.1672708,1.24E-05
3966,684.01411,0.1671784,1.54E-05
3972,685.01411,0.1671558,3.77E-06
3978,686.01411,0.1671639,-1.35E-06
3984,687.01411,0.1670642,1.66E-05
3990,688.01411,0.1670081,9.35E-06
3996,689.01411,0.167011,-4.83E-07
4002,690.01411,0.1669389,1.20E-05
4008,691.01411,0.1667998,2.32E-05
4014,692.01411,0.1667273,1.21E-05
4020,693.01411,0.1666485,1.31E-05
4026,694.01411,0.1665546,1.56E-05
4032,695.01411,0.1665507,6.50E-07
4038,696.01411,0.1664823,1.14E-05
4044,697.01411,0.1663988,1.39E-05
4050,698.01411,0.1663434,9.23E-06
4056,699.01411,0.1663004,7.17E-06
4062,700.01411,0.166258,7.07E-06
4068,701.01411,0.1662564,2.67E-07
4074,702.01411,0.1662027,8.95E-06
4080,703.01411,0.1661006,1.70E-05
4086,704.01411,0.1659714,2.15E-05
4092,705.01411,0.1659319,6.58E-06
4098,706.01411,0.1658874,7.42E-06
4104,707.01411,0.1658412,7.70E-06
4110,708.01411,0.1657892,8.67E-06
4116,709.01411,0.1657978,-1.43E-06
4122,710.01411,0.165758,6.63E-06
4128,711.01411,0.1657397,3.05E-06
4134,712.01411,0.165676,1.06E-05
4140,713.01411,0.1656239,8.68E-06
4146,714.01411,0.1655607,1.05E-05
4152,715.01411,0.1655022,9.75E-06
4158,716.01411,0.1654513,8.48E-06
4164,717.01411,0.1653624,1.48E-05
4170,718.01411,0.1652761,1.44E-05
4176,719.01411,0.1651275,2.48E-05
4182,720.01411,0.1651665,-6.50E-06
4188,721.01411,0.1651341,5.40E-06
4194,722.01411,0.1650461,1.47E-05
4200,723.01411,0.1649556,1.51E-05
4206,724.01411,0.1649472,1.40E-06
4212,725.01411,0.1648578,1.49E-05
4218,726.01411,0.1647951,1.04E-05
4224,727.01411,0.1646837,1.86E-05
4230,728.01411,0.1646681,2.60E-06
4236,729.01411,0.1646525,2.60E-06
4242,730.01411,0.1645463,1.77E-05
4248,731.01411,0.1645196,4.45E-06
4254,732.01411,0.1644428,1.28E-05
4260,733.01411,0.1644257,2.85E-06
4266,734.01411,0.1643881,6.27E-06
4272,735.01411,0.1644046,-2.75E-06
4278,736.01411,0.1643774,4.53E-06
4284,737.01411,0.1643169,1.01E-05
4290,738.01411,0.1641999,1.95E-05
4296,739.01411,0.1641555,7.40E-06
4302,740.01411,0.1640227,2.21E-05
4308,741.01411,0.1638478,2.92E-05
4314,742.01411,0.1638597,-1.98E-06
4320,743.01411,0.1638422,2.92E-06
4326,744.01411,0.1637157,2.11E-05
4332,745.01411,0.1636837,5.33E-06
4338,746.01411,0.1636442,6.58E-06
4344,747.01411,0.163581,1.05E-05
4350,748.01411,0.1635334,7.93E-06
4356,749.01411,0.1634943,6.52E-06
4362,750.01411,0.1634078,1.44E-05
4368,751.01411,0.1633766,5.20E-06
4374,752.01411,0.1633454,5.20E-06
4380,753.01411,0.1632732,1.20E-05
4386,754.01411,0.1632115,1.03E-05
4392,755.01411,0.1631899,3.60E-06
4398,756.01411,0.1631305,9.90E-06
4404,757.01411,0.1630883,7.03E-06
4410,758.01411,0.1630082,1.33E-05
4416,759.01411,0.1629655,7.12E-06
4422,760.01411,0.1629222,7.22E-06
4428,761.01411,0.1628847,6.25E-06
4434,762.01411,0.1628622,3.75E-06
4440,763.01411,0.162787,1.25E-05
4446,764.01411,0.1627069,1.34E-05
4452,765.01411,0.1626767,5.03E-06
4458,766.01411,0.1626433,5.57E-06
4464,767.01411,0.1625631,1.34E-05
4470,768.01411,0.162536,4.52E-06
4476,769.01411,0.1625002,5.97E-06
4482,770.01411,0.1624474,8.80E-06
4488,771.01411,0.1624114,6.00E-06
4494,772.01411,0.1623399,1.19E-05
4500,773.01411,0.1622841,9.30E-06
4506,774.01411,0.1622523,5.30E-06
4512,775.01411,0.162197,9.22E-06
4518,776.01411,0.1620949,1.70E-05
4524,777.01411,0.162025,1.16E-05
4530,778.01411,0.1619612,1.06E-05
4536,779.01411,0.1619229,6.38E-06
4542,780.01411,0.1618936,4.88E-06
4548,781.01411,0.1618604,5.53E-06
4554,782.01411,0.1617779,1.37E-05
4560,783.01411,0.1617124,1.09E-05
4566,784.01411,0.1617167,-7.17E-07
4572,785.01411,0.1617363,-3.27E-06
4578,786.01411,0.1616767,9.93E-06
4584,787.01411,0.1615926,1.40E-05
4590,788.01411,0.1615354,9.53E-06
4596,789.01411,0.1614707,1.08E-05
4602,790.01411,0.1614704,5.00E-08
4608,791.01411,0.1614475,3.82E-06
4614,792.01411,0.1613757,1.20E-05
4620,793.01411,0.1613185,9.53E-06
4626,794.01411,0.1612835,5.83E-06
4632,795.01411,0.1612346,8.15E-06
4638,796.01411,0.1611853,8.22E-06
4644,797.01411,0.1611616,3.95E-06
