s,m/s,m/s,Pa,m/s,,,,
Time,"u-vel","w-vel","pres","error","iter","scarc-iter","scarc-rate","scarc-res"
 0.0000000E+000, 0.0000000E+000, 0.0000000E+000, 0.0000000E+000, 0.0000000E+000, 0.0000000E+000, 0.0000000E+000, 0.0000000E+000, 0.0000000E+000
 2.0000000E-003,-1.4293129E-008,-3.6234962E-007,-4.7639392E-006, 6.2491864E-003, 1.0000000E+000, 0.0000000E+000, 0.0000000E+000, 0.0000000E+000
 4.0000000E-003, 1.8725040E-005,-1.1408527E-005, 2.3307525E-003, 1.2474895E-002, 1.0000000E+000, 0.0000000E+000, 0.0000000E+000, 0.0000000E+000
 6.0000000E-003, 1.7237793E-003, 7.5841436E-004, 2.3184551E-001, 1.2139973E-002, 8.0000000E+000, 0.0000000E+000, 0.0000000E+000, 0.0000000E+000
 8.0000000E-003, 3.6228675E-003, 1.6918337E-003, 2.6498703E-001, 1.1766699E-002, 1.0000000E+000, 0.0000000E+000, 0.0000000E+000, 0.0000000E+000
 1.0000000E-002, 6.6832240E-003, 4.0011006E-003, 6.7095284E-001, 1.2364501E-002, 3.0000000E+000, 0.0000000E+000, 0.0000000E+000, 0.0000000E+000
 1.2000000E-002, 1.0314669E-002, 7.6213923E-003, 1.4457722E+000, 1.2387540E-002, 3.0000000E+000, 0.0000000E+000, 0.0000000E+000, 0.0000000E+000
 1.4000000E-002, 1.4024564E-002, 1.1697160E-002, 2.0099541E+000, 1.2480363E-002, 2.0000000E+000, 0.0000000E+000, 0.0000000E+000, 0.0000000E+000
 1.6000000E-002, 1.7796296E-002, 1.6006203E-002, 2.4772983E+000, 1.2413692E-002, 1.0000000E+000, 0.0000000E+000, 0.0000000E+000, 0.0000000E+000
 1.8000000E-002, 2.1622595E-002, 2.0472900E-002, 2.7674494E+000, 1.2267314E-002, 1.0000000E+000, 0.0000000E+000, 0.0000000E+000, 0.0000000E+000
 2.0000000E-002, 2.5479521E-002, 2.5023554E-002, 2.8884797E+000, 1.2112929E-002, 1.0000000E+000, 0.0000000E+000, 0.0000000E+000, 0.0000000E+000
 2.2000000E-002, 2.9353413E-002, 2.9621548E-002, 2.9276175E+000, 1.2097218E-002, 1.0000000E+000, 0.0000000E+000, 0.0000000E+000, 0.0000000E+000
 2.4000000E-002, 3.3253766E-002, 3.4272166E-002, 2.9657093E+000, 1.2047546E-002, 1.0000000E+000, 0.0000000E+000, 0.0000000E+000, 0.0000000E+000
 2.6000000E-002, 3.7191006E-002, 3.8983829E-002, 3.0026061E+000, 1.1927389E-002, 1.0000000E+000, 0.0000000E+000, 0.0000000E+000, 0.0000000E+000
 2.8000000E-002, 4.1175105E-002, 4.3766402E-002, 3.0381206E+000, 1.1728178E-002, 1.0000000E+000, 0.0000000E+000, 0.0000000E+000, 0.0000000E+000
 3.0000000E-002, 4.5214677E-002, 4.8629547E-002, 3.0720306E+000, 1.1445583E-002, 1.0000000E+000, 0.0000000E+000, 0.0000000E+000, 0.0000000E+000
 3.2000000E-002, 4.9316547E-002, 5.3581337E-002, 3.1040922E+000, 1.1079974E-002, 1.0000000E+000, 0.0000000E+000, 0.0000000E+000, 0.0000000E+000
 3.4000000E-002, 5.3485688E-002, 5.8627337E-002, 3.1340573E+000, 1.0635842E-002, 1.0000000E+000, 0.0000000E+000, 0.0000000E+000, 0.0000000E+000
 3.6000000E-002, 5.7725363E-002, 6.3770142E-002, 3.1616918E+000, 1.0120340E-002, 1.0000000E+000, 0.0000000E+000, 0.0000000E+000, 0.0000000E+000
 3.8000000E-002, 6.2037302E-002, 6.9009345E-002, 3.1867912E+000, 9.5412180E-003, 1.0000000E+000, 0.0000000E+000, 0.0000000E+000, 0.0000000E+000
 4.0000000E-002, 6.6421816E-002, 7.4341768E-002, 3.2091902E+000, 8.9048687E-003, 1.0000000E+000, 0.0000000E+000, 0.0000000E+000, 0.0000000E+000
 4.2000000E-002, 7.0877811E-002, 7.9761851E-002, 3.2287672E+000, 8.2233126E-003, 1.0000000E+000, 0.0000000E+000, 0.0000000E+000, 0.0000000E+000
 4.4000000E-002, 7.5402717E-002, 8.5262048E-002, 3.2454432E+000, 7.4798506E-003, 1.0000000E+000, 0.0000000E+000, 0.0000000E+000, 0.0000000E+000
 4.6000000E-002, 7.9992381E-002, 9.0833203E-002, 3.2591782E+000, 6.6726088E-003, 1.0000000E+000, 0.0000000E+000, 0.0000000E+000, 0.0000000E+000
 4.8000000E-002, 8.4640987E-002, 9.6464844E-002, 3.2699645E+000, 5.8106409E-003, 1.0000000E+000, 0.0000000E+000, 0.0000000E+000, 0.0000000E+000
 5.0000000E-002, 8.9341041E-002, 1.0214545E-001, 3.2778210E+000, 4.8857388E-003, 1.0000000E+000, 0.0000000E+000, 0.0000000E+000, 0.0000000E+000
 5.2000000E-002, 9.4083474E-002, 1.0786268E-001, 3.2827876E+000, 3.2896058E-003, 1.0000000E+000, 0.0000000E+000, 0.0000000E+000, 0.0000000E+000
 5.4000000E-002, 9.8857239E-002, 1.1360414E-001, 3.2849006E+000, 1.7763734E-003, 1.0000000E+000, 0.0000000E+000, 0.0000000E+000, 0.0000000E+000
 5.6000000E-002, 1.0364824E-001, 1.1935778E-001, 3.2840265E+000, 6.3017204E-004, 1.0000000E+000, 0.0000000E+000, 0.0000000E+000, 0.0000000E+000
 5.8000000E-002, 1.0843957E-001, 1.2511045E-001, 3.2800396E+000, 1.7097067E-003, 1.0000000E+000, 0.0000000E+000, 0.0000000E+000, 0.0000000E+000
 6.0000000E-002, 1.1321188E-001, 1.3084729E-001, 3.2727941E+000, 3.2727183E-003, 1.0000000E+000, 0.0000000E+000, 0.0000000E+000, 0.0000000E+000
 6.2000000E-002, 1.1794441E-001, 1.3655143E-001, 3.2621476E+000, 4.7572313E-003, 1.0000000E+000, 0.0000000E+000, 0.0000000E+000, 0.0000000E+000
 6.4000000E-002, 1.2261671E-001, 1.4220441E-001, 3.2479891E+000, 6.1587031E-003, 1.0000000E+000, 0.0000000E+000, 0.0000000E+000, 0.0000000E+000
 6.6000000E-002, 1.2721072E-001, 1.4778728E-001, 3.2302663E+000, 7.4654914E-003, 1.0000000E+000, 0.0000000E+000, 0.0000000E+000, 0.0000000E+000
 6.8000000E-002, 1.3171276E-001, 1.5328238E-001, 3.2090020E+000, 8.6599577E-003, 1.0000000E+000, 0.0000000E+000, 0.0000000E+000, 0.0000000E+000
 7.0000000E-002, 1.3611462E-001, 1.5867507E-001, 3.1842945E+000, 9.7248009E-003, 1.0000000E+000, 0.0000000E+000, 0.0000000E+000, 0.0000000E+000
 7.2000000E-002, 1.4041362E-001, 1.6395510E-001, 3.1563026E+000, 1.0649409E-002, 1.0000000E+000, 0.0000000E+000, 0.0000000E+000, 0.0000000E+000
 7.4000000E-002, 1.4461159E-001, 1.6911706E-001, 3.1252205E+000, 1.1433126E-002, 1.0000000E+000, 0.0000000E+000, 0.0000000E+000, 0.0000000E+000
 7.6000000E-002, 1.4871320E-001, 1.7415985E-001, 3.0912509E+000, 1.2084847E-002, 1.0000000E+000, 0.0000000E+000, 0.0000000E+000, 0.0000000E+000
 7.8000000E-002, 1.5261232E-001, 1.7893570E-001, 2.9160615E+000, 1.2490463E-002, 1.0000000E+000, 0.0000000E+000, 0.0000000E+000, 0.0000000E+000
 8.0000000E-002, 1.5605955E-001, 1.8311823E-001, 2.6600191E+000, 1.2394779E-002, 3.0000000E+000, 0.0000000E+000, 0.0000000E+000, 0.0000000E+000
 8.2000000E-002, 1.5943900E-001, 1.8720938E-001, 2.6211907E+000, 1.2230061E-002, 1.0000000E+000, 0.0000000E+000, 0.0000000E+000, 0.0000000E+000
 8.4000000E-002, 1.6276206E-001, 1.9121808E-001, 2.5811647E+000, 1.2007484E-002, 1.0000000E+000, 0.0000000E+000, 0.0000000E+000, 0.0000000E+000
 8.6000000E-002, 1.6603966E-001, 1.9515054E-001, 2.5401158E+000, 1.1740028E-002, 1.0000000E+000, 0.0000000E+000, 0.0000000E+000, 0.0000000E+000
 8.8000000E-002, 1.6928136E-001, 1.9901028E-001, 2.4982533E+000, 1.1454720E-002, 1.0000000E+000, 0.0000000E+000, 0.0000000E+000, 0.0000000E+000
 9.0000000E-002, 1.7249459E-001, 2.0279870E-001, 2.4558338E+000, 1.1197979E-002, 1.0000000E+000, 0.0000000E+000, 0.0000000E+000, 0.0000000E+000
 9.2000000E-002, 1.7568417E-001, 2.0651599E-001, 2.4131654E+000, 1.0941811E-002, 1.0000000E+000, 0.0000000E+000, 0.0000000E+000, 0.0000000E+000
 9.4000000E-002, 1.7885251E-001, 2.1016196E-001, 2.3705982E+000, 1.0693853E-002, 1.0000000E+000, 0.0000000E+000, 0.0000000E+000, 0.0000000E+000
 9.6000000E-002, 1.8200009E-001, 2.1373666E-001, 2.3285061E+000, 1.0469260E-002, 1.0000000E+000, 0.0000000E+000, 0.0000000E+000, 0.0000000E+000
 9.8000000E-002, 1.8512594E-001, 2.1724042E-001, 2.2872665E+000, 1.0228914E-002, 1.0000000E+000, 0.0000000E+000, 0.0000000E+000, 0.0000000E+000
 1.0000000E-001, 1.8822791E-001, 2.2067375E-001, 2.2472415E+000, 9.9680444E-003, 1.0000000E+000, 0.0000000E+000, 0.0000000E+000, 0.0000000E+000
 1.0200000E-001, 1.9130286E-001, 2.2403707E-001, 2.2087663E+000, 1.0828276E-002, 1.0000000E+000, 0.0000000E+000, 0.0000000E+000, 0.0000000E+000
 1.0400000E-001, 1.9434557E-001, 2.2733148E-001, 2.1721049E+000, 1.1670211E-002, 1.0000000E+000, 0.0000000E+000, 0.0000000E+000, 0.0000000E+000
 1.0600000E-001, 1.9728788E-001, 2.3046526E-001, 2.0034968E+000, 1.2394675E-002, 1.0000000E+000, 0.0000000E+000, 0.0000000E+000, 0.0000000E+000
 1.0800000E-001, 1.9991965E-001, 2.3326198E-001, 1.7770665E+000, 1.2416331E-002, 2.0000000E+000, 0.0000000E+000, 0.0000000E+000, 0.0000000E+000
 1.1000000E-001, 2.0245478E-001, 2.3596825E-001, 1.7445613E+000, 1.2282278E-002, 1.0000000E+000, 0.0000000E+000, 0.0000000E+000, 0.0000000E+000
 1.1200000E-001, 2.0487593E-001, 2.3857152E-001, 1.7132517E+000, 1.1992848E-002, 1.0000000E+000, 0.0000000E+000, 0.0000000E+000, 0.0000000E+000
 1.1400000E-001, 2.0717263E-001, 2.4105920E-001, 1.6832096E+000, 1.1554430E-002, 1.0000000E+000, 0.0000000E+000, 0.0000000E+000, 0.0000000E+000
 1.1600000E-001, 2.0934257E-001, 2.4342157E-001, 1.6545850E+000, 1.0974141E-002, 1.0000000E+000, 0.0000000E+000, 0.0000000E+000, 0.0000000E+000
 1.1800000E-001, 2.1139147E-001, 2.4565480E-001, 1.6275964E+000, 1.0259094E-002, 1.0000000E+000, 0.0000000E+000, 0.0000000E+000, 0.0000000E+000
 1.2000000E-001, 2.1333161E-001, 2.4776282E-001, 1.6024992E+000, 9.4193397E-003, 1.0000000E+000, 0.0000000E+000, 0.0000000E+000, 0.0000000E+000
 1.2200000E-001, 2.1517963E-001, 2.4975767E-001, 1.5795370E+000, 8.4708549E-003, 1.0000000E+000, 0.0000000E+000, 0.0000000E+000, 0.0000000E+000
 1.2400000E-001, 2.1695409E-001, 2.5165794E-001, 1.5588932E+000, 7.4358465E-003, 1.0000000E+000, 0.0000000E+000, 0.0000000E+000, 0.0000000E+000
 1.2600000E-001, 2.1867334E-001, 2.5348603E-001, 1.5406611E+000, 6.3804064E-003, 1.0000000E+000, 0.0000000E+000, 0.0000000E+000, 0.0000000E+000
 1.2800000E-001, 2.2035409E-001, 2.5526486E-001, 1.5248419E+000, 5.3288924E-003, 1.0000000E+000, 0.0000000E+000, 0.0000000E+000, 0.0000000E+000
 1.3000000E-001, 2.2201081E-001, 2.5701533E-001, 1.5113678E+000, 4.2155860E-003, 1.0000000E+000, 0.0000000E+000, 0.0000000E+000, 0.0000000E+000
 1.3200000E-001, 2.2365601E-001, 2.5875475E-001, 1.5001399E+000, 3.0628512E-003, 1.0000000E+000, 0.0000000E+000, 0.0000000E+000, 0.0000000E+000
 1.3400000E-001, 2.2530087E-001, 2.6049658E-001, 1.4910668E+000, 1.8908908E-003, 1.0000000E+000, 0.0000000E+000, 0.0000000E+000, 0.0000000E+000
 1.3600000E-001, 2.2695593E-001, 2.6225107E-001, 1.4840933E+000, 1.4063661E-003, 1.0000000E+000, 0.0000000E+000, 0.0000000E+000, 0.0000000E+000
 1.3800000E-001, 2.2863142E-001, 2.6402622E-001, 1.4792136E+000, 1.3299224E-003, 1.0000000E+000, 0.0000000E+000, 0.0000000E+000, 0.0000000E+000
 1.4000000E-001, 2.3033718E-001, 2.6582886E-001, 1.4764686E+000, 1.5870941E-003, 1.0000000E+000, 0.0000000E+000, 0.0000000E+000, 0.0000000E+000
 1.4200000E-001, 2.3208233E-001, 2.6766526E-001, 1.4759340E+000, 2.6493817E-003, 1.0000000E+000, 0.0000000E+000, 0.0000000E+000, 0.0000000E+000
 1.4400000E-001, 2.3387477E-001, 2.6954152E-001, 1.4777024E+000, 3.6620738E-003, 1.0000000E+000, 0.0000000E+000, 0.0000000E+000, 0.0000000E+000
 1.4600000E-001, 2.3572070E-001, 2.7146347E-001, 1.4818652E+000, 4.6115287E-003, 1.0000000E+000, 0.0000000E+000, 0.0000000E+000, 0.0000000E+000
 1.4800000E-001, 2.3762439E-001, 2.7343645E-001, 1.4884988E+000, 5.4818342E-003, 1.0000000E+000, 0.0000000E+000, 0.0000000E+000, 0.0000000E+000
 1.5000000E-001, 2.3958805E-001, 2.7546500E-001, 1.4976549E+000, 6.2614081E-003, 1.0000000E+000, 0.0000000E+000, 0.0000000E+000, 0.0000000E+000
 1.5200000E-001, 2.4161196E-001, 2.7755265E-001, 1.5093554E+000, 5.5565437E-003, 1.0000000E+000, 0.0000000E+000, 0.0000000E+000, 0.0000000E+000
 1.5400000E-001, 2.4369305E-001, 2.7970301E-001, 1.5235429E+000, 5.6363896E-003, 1.0000000E+000, 0.0000000E+000, 0.0000000E+000, 0.0000000E+000
 1.5600000E-001, 2.4582156E-001, 2.8192023E-001, 1.5396413E+000, 5.5771831E-003, 1.0000000E+000, 0.0000000E+000, 0.0000000E+000, 0.0000000E+000
 1.5800000E-001, 2.4798103E-001, 2.8420449E-001, 1.5570450E+000, 5.5966255E-003, 1.0000000E+000, 0.0000000E+000, 0.0000000E+000, 0.0000000E+000
 1.6000000E-001, 2.5014853E-001, 2.8654966E-001, 1.5750535E+000, 5.6092722E-003, 1.0000000E+000, 0.0000000E+000, 0.0000000E+000, 0.0000000E+000
 1.6200000E-001, 2.5229664E-001, 2.8894207E-001, 1.5929442E+000, 5.8650244E-003, 1.0000000E+000, 0.0000000E+000, 0.0000000E+000, 0.0000000E+000
 1.6400000E-001, 2.5439731E-001, 2.9136110E-001, 1.6100572E+000, 5.9916745E-003, 1.0000000E+000, 0.0000000E+000, 0.0000000E+000, 0.0000000E+000
 1.6600000E-001, 2.5642680E-001, 2.9378196E-001, 1.6258743E+000, 5.9516989E-003, 1.0000000E+000, 0.0000000E+000, 0.0000000E+000, 0.0000000E+000
 1.6800000E-001, 2.5837040E-001, 2.9618013E-001, 1.6400692E+000, 5.7752620E-003, 1.0000000E+000, 0.0000000E+000, 0.0000000E+000, 0.0000000E+000
 1.7000000E-001, 2.6022519E-001, 2.9853622E-001, 1.6525139E+000, 5.4640321E-003, 1.0000000E+000, 0.0000000E+000, 0.0000000E+000, 0.0000000E+000
 1.7200000E-001, 2.6199988E-001, 3.0083976E-001, 1.6632404E+000, 5.1611430E-003, 1.0000000E+000, 0.0000000E+000, 0.0000000E+000, 0.0000000E+000
 1.7400000E-001, 2.6371218E-001, 3.0309073E-001, 1.6723723E+000, 4.7049972E-003, 1.0000000E+000, 0.0000000E+000, 0.0000000E+000, 0.0000000E+000
 1.7600000E-001, 2.6538448E-001, 3.0529859E-001, 1.6800502E+000, 4.0997167E-003, 1.0000000E+000, 0.0000000E+000, 0.0000000E+000, 0.0000000E+000
 1.7800000E-001, 2.6703972E-001, 3.0747937E-001, 1.6863753E+000, 3.3678903E-003, 1.0000000E+000, 0.0000000E+000, 0.0000000E+000, 0.0000000E+000
 1.8000000E-001, 2.6869834E-001, 3.0965190E-001, 1.6913838E+000, 2.6056142E-003, 1.0000000E+000, 0.0000000E+000, 0.0000000E+000, 0.0000000E+000
 1.8200000E-001, 2.7037695E-001, 3.1183429E-001, 1.6950536E+000, 2.8987067E-003, 1.0000000E+000, 0.0000000E+000, 0.0000000E+000, 0.0000000E+000
 1.8400000E-001, 2.7208830E-001, 3.1404158E-001, 1.6973317E+000, 3.0825390E-003, 1.0000000E+000, 0.0000000E+000, 0.0000000E+000, 0.0000000E+000
 1.8600000E-001, 2.7384190E-001, 3.1628454E-001, 1.6981694E+000, 3.1491148E-003, 1.0000000E+000, 0.0000000E+000, 0.0000000E+000, 0.0000000E+000
 1.8800000E-001, 2.7564478E-001, 3.1856965E-001, 1.6975513E+000, 3.1039370E-003, 1.0000000E+000, 0.0000000E+000, 0.0000000E+000, 0.0000000E+000
 1.9000000E-001, 2.7750196E-001, 3.2089972E-001, 1.6955124E+000, 2.9605998E-003, 1.0000000E+000, 0.0000000E+000, 0.0000000E+000, 0.0000000E+000
 1.9200000E-001, 2.7941646E-001, 3.2327473E-001, 1.6921405E+000, 2.7351505E-003, 1.0000000E+000, 0.0000000E+000, 0.0000000E+000, 0.0000000E+000
 1.9400000E-001, 2.8138914E-001, 3.2569261E-001, 1.6875672E+000, 2.5750242E-003, 1.0000000E+000, 0.0000000E+000, 0.0000000E+000, 0.0000000E+000
 1.9600000E-001, 2.8341853E-001, 3.2814975E-001, 1.6819529E+000, 2.7899235E-003, 1.0000000E+000, 0.0000000E+000, 0.0000000E+000, 0.0000000E+000
 1.9800000E-001, 2.8550070E-001, 3.3064125E-001, 1.6754696E+000, 2.8308805E-003, 1.0000000E+000, 0.0000000E+000, 0.0000000E+000, 0.0000000E+000
 2.0000000E-001, 2.8762935E-001, 3.3316106E-001, 1.6682854E+000, 2.7109161E-003, 1.0000000E+000, 0.0000000E+000, 0.0000000E+000, 0.0000000E+000
 2.0200000E-001, 2.8979608E-001, 3.3570193E-001, 1.6605538E+000, 2.4532842E-003, 1.0000000E+000, 0.0000000E+000, 0.0000000E+000, 0.0000000E+000
 2.0400000E-001, 2.9198889E-001, 3.3825684E-001, 1.6523535E+000, 3.4833745E-003, 1.0000000E+000, 0.0000000E+000, 0.0000000E+000, 0.0000000E+000
 2.0600000E-001, 2.9418849E-001, 3.4081954E-001, 1.6431895E+000, 5.7697542E-003, 1.0000000E+000, 0.0000000E+000, 0.0000000E+000, 0.0000000E+000
 2.0800000E-001, 2.9636830E-001, 3.4337950E-001, 1.6325435E+000, 7.7906740E-003, 1.0000000E+000, 0.0000000E+000, 0.0000000E+000, 0.0000000E+000
 2.1000000E-001, 2.9849478E-001, 3.4591939E-001, 1.6198013E+000, 9.5071890E-003, 1.0000000E+000, 0.0000000E+000, 0.0000000E+000, 0.0000000E+000
 2.1200000E-001, 3.0052969E-001, 3.4841382E-001, 1.6043363E+000, 1.0941939E-002, 1.0000000E+000, 0.0000000E+000, 0.0000000E+000, 0.0000000E+000
 2.1400000E-001, 3.0226767E-001, 3.5070995E-001, 1.5151351E+000, 1.1790682E-002, 1.0000000E+000, 0.0000000E+000, 0.0000000E+000, 0.0000000E+000
 2.1600000E-001, 3.0366076E-001, 3.5272549E-001, 1.4023346E+000, 1.2119081E-002, 1.0000000E+000, 0.0000000E+000, 0.0000000E+000, 0.0000000E+000
 2.1800000E-001, 3.0481039E-001, 3.5450890E-001, 1.3218212E+000, 1.2133493E-002, 1.0000000E+000, 0.0000000E+000, 0.0000000E+000, 0.0000000E+000
 2.2000000E-001, 3.0582081E-001, 3.5614146E-001, 1.2906770E+000, 1.1996890E-002, 1.0000000E+000, 0.0000000E+000, 0.0000000E+000, 0.0000000E+000
 2.2200000E-001, 3.0670696E-001, 3.5761583E-001, 1.2562405E+000, 1.1750449E-002, 1.0000000E+000, 0.0000000E+000, 0.0000000E+000, 0.0000000E+000
 2.2400000E-001, 3.0748910E-001, 3.5893376E-001, 1.2190113E+000, 1.1494638E-002, 1.0000000E+000, 0.0000000E+000, 0.0000000E+000, 0.0000000E+000
 2.2600000E-001, 3.0818948E-001, 3.6010556E-001, 1.1795371E+000, 1.1580740E-002, 1.0000000E+000, 0.0000000E+000, 0.0000000E+000, 0.0000000E+000
 2.2800000E-001, 3.0882964E-001, 3.6114828E-001, 1.1383571E+000, 1.1569024E-002, 1.0000000E+000, 0.0000000E+000, 0.0000000E+000, 0.0000000E+000
 2.3000000E-001, 3.0942865E-001, 3.6208294E-001, 1.0959581E+000, 1.1481206E-002, 1.0000000E+000, 0.0000000E+000, 0.0000000E+000, 0.0000000E+000
 2.3200000E-001, 3.1000227E-001, 3.6293128E-001, 1.0527504E+000, 1.1339717E-002, 1.0000000E+000, 0.0000000E+000, 0.0000000E+000, 0.0000000E+000
 2.3400000E-001, 3.1056269E-001, 3.6371275E-001, 1.0090675E+000, 1.1165574E-002, 1.0000000E+000, 0.0000000E+000, 0.0000000E+000, 0.0000000E+000
 2.3600000E-001, 3.1111846E-001, 3.6444238E-001, 9.6518345E-001, 1.1031782E-002, 1.0000000E+000, 0.0000000E+000, 0.0000000E+000, 0.0000000E+000
 2.3800000E-001, 3.1167460E-001, 3.6512977E-001, 9.2134067E-001, 1.0971693E-002, 1.0000000E+000, 0.0000000E+000, 0.0000000E+000, 0.0000000E+000
 2.4000000E-001, 3.1223266E-001, 3.6577922E-001, 8.7777555E-001, 1.0879151E-002, 1.0000000E+000, 0.0000000E+000, 0.0000000E+000, 0.0000000E+000
 2.4200000E-001, 3.1279103E-001, 3.6639054E-001, 8.3473545E-001, 1.0720973E-002, 1.0000000E+000, 0.0000000E+000, 0.0000000E+000, 0.0000000E+000
 2.4400000E-001, 3.1334525E-001, 3.6696020E-001, 7.9248413E-001, 1.0558406E-002, 1.0000000E+000, 0.0000000E+000, 0.0000000E+000, 0.0000000E+000
 2.4600000E-001, 3.1388850E-001, 3.6748243E-001, 7.5129789E-001, 1.0527985E-002, 1.0000000E+000, 0.0000000E+000, 0.0000000E+000, 0.0000000E+000
 2.4800000E-001, 3.1441218E-001, 3.6795021E-001, 7.1145614E-001, 1.0465303E-002, 1.0000000E+000, 0.0000000E+000, 0.0000000E+000, 0.0000000E+000
 2.5000000E-001, 3.1490651E-001, 3.6835596E-001, 6.7323064E-001, 1.0371459E-002, 1.0000000E+000, 0.0000000E+000, 0.0000000E+000, 0.0000000E+000
 2.5200000E-001, 3.1533758E-001, 3.6864611E-001, 5.6534958E-001, 1.2164892E-002, 1.0000000E+000, 0.0000000E+000, 0.0000000E+000, 0.0000000E+000
 2.5400000E-001, 3.1531228E-001, 3.6839202E-001, 3.2658086E-001, 1.3057905E-002, 4.0000000E+000, 0.0000000E+000, 0.0000000E+000, 0.0000000E+000
 2.5600000E-001, 3.1459038E-001, 3.6743553E-001, 9.1940966E-002, 1.2700685E-002, 4.0000000E+000, 0.0000000E+000, 0.0000000E+000, 0.0000000E+000
 2.5800000E-001, 3.1353974E-001, 3.6612270E-001,-1.3574654E-001, 1.1933470E-002, 1.0000000E+000, 0.0000000E+000, 0.0000000E+000, 0.0000000E+000
 2.6000000E-001, 3.1237669E-001, 3.6468202E-001,-1.6583465E-001, 1.1123917E-002, 1.0000000E+000, 0.0000000E+000, 0.0000000E+000, 0.0000000E+000
 2.6200000E-001, 3.1110138E-001, 3.6311039E-001,-1.9421379E-001, 1.0211558E-002, 1.0000000E+000, 0.0000000E+000, 0.0000000E+000, 0.0000000E+000
 2.6400000E-001, 3.0972034E-001, 3.6141210E-001,-2.2054780E-001, 9.2112346E-003, 1.0000000E+000, 0.0000000E+000, 0.0000000E+000, 0.0000000E+000
 2.6600000E-001, 3.0824559E-001, 3.5959845E-001,-2.4451097E-001, 8.1654954E-003, 1.0000000E+000, 0.0000000E+000, 0.0000000E+000, 0.0000000E+000
 2.6800000E-001, 3.0669320E-001, 3.5768652E-001,-2.6582662E-001, 7.0963465E-003, 1.0000000E+000, 0.0000000E+000, 0.0000000E+000, 0.0000000E+000
 2.7000000E-001, 3.0508164E-001, 3.5569742E-001,-2.8429217E-001, 6.0499714E-003, 1.0000000E+000, 0.0000000E+000, 0.0000000E+000, 0.0000000E+000
 2.7200000E-001, 3.0343010E-001, 3.5365431E-001,-2.9978967E-001, 4.9406615E-003, 1.0000000E+000, 0.0000000E+000, 0.0000000E+000, 0.0000000E+000
 2.7400000E-001, 3.0175705E-001, 3.5158035E-001,-3.1228294E-001, 3.8022090E-003, 1.0000000E+000, 0.0000000E+000, 0.0000000E+000, 0.0000000E+000
 2.7600000E-001, 3.0007909E-001, 3.4949701E-001,-3.2180313E-001, 2.6878038E-003, 1.0000000E+000, 0.0000000E+000, 0.0000000E+000, 0.0000000E+000
 2.7800000E-001, 2.9841032E-001, 3.4742284E-001,-3.2842633E-001, 1.7269824E-003, 1.0000000E+000, 0.0000000E+000, 0.0000000E+000, 0.0000000E+000
 2.8000000E-001, 2.9676215E-001, 3.4537292E-001,-3.3224871E-001, 1.5334628E-003, 1.0000000E+000, 0.0000000E+000, 0.0000000E+000, 0.0000000E+000
 2.8200000E-001, 2.9514363E-001, 3.4335888E-001,-3.3336494E-001, 1.3678531E-003, 1.0000000E+000, 0.0000000E+000, 0.0000000E+000, 0.0000000E+000
 2.8400000E-001, 2.9356207E-001, 3.4138932E-001,-3.3185385E-001, 2.0587589E-003, 1.0000000E+000, 0.0000000E+000, 0.0000000E+000, 0.0000000E+000
 2.8600000E-001, 2.9202342E-001, 3.3947040E-001,-3.2777199E-001, 3.0992894E-003, 1.0000000E+000, 0.0000000E+000, 0.0000000E+000, 0.0000000E+000
 2.8800000E-001, 2.9053263E-001, 3.3760641E-001,-3.2115414E-001, 4.0934817E-003, 1.0000000E+000, 0.0000000E+000, 0.0000000E+000, 0.0000000E+000
 2.9000000E-001, 2.8909359E-001, 3.3580026E-001,-3.1201826E-001, 5.0604174E-003, 1.0000000E+000, 0.0000000E+000, 0.0000000E+000, 0.0000000E+000
 2.9200000E-001, 2.8770911E-001, 3.3405387E-001,-3.0037277E-001, 5.9596192E-003, 1.0000000E+000, 0.0000000E+000, 0.0000000E+000, 0.0000000E+000
 2.9400000E-001, 2.8638077E-001, 3.3236849E-001,-2.8622446E-001, 6.8010901E-003, 1.0000000E+000, 0.0000000E+000, 0.0000000E+000, 0.0000000E+000
 2.9600000E-001, 2.8510893E-001, 3.3074493E-001,-2.6958605E-001, 7.5839054E-003, 1.0000000E+000, 0.0000000E+000, 0.0000000E+000, 0.0000000E+000
 2.9800000E-001, 2.8389283E-001, 3.2918378E-001,-2.5048286E-001, 8.2731321E-003, 1.0000000E+000, 0.0000000E+000, 0.0000000E+000, 0.0000000E+000
 3.0000000E-001, 2.8273078E-001, 3.2768559E-001,-2.2895847E-001, 8.8652717E-003, 1.0000000E+000, 0.0000000E+000, 0.0000000E+000, 0.0000000E+000
 3.0200000E-001, 2.8162046E-001, 3.2625101E-001,-2.0507933E-001, 7.8577540E-003, 1.0000000E+000, 0.0000000E+000, 0.0000000E+000, 0.0000000E+000
 3.0400000E-001, 2.8055743E-001, 3.2488235E-001,-1.7899170E-001, 7.8006777E-003, 1.0000000E+000, 0.0000000E+000, 0.0000000E+000, 0.0000000E+000
 3.0600000E-001, 2.7953127E-001, 3.2358404E-001,-1.5142071E-001, 7.8865792E-003, 1.0000000E+000, 0.0000000E+000, 0.0000000E+000, 0.0000000E+000
 3.0800000E-001, 2.7852546E-001, 3.2235744E-001,-1.2312302E-001, 7.8736881E-003, 1.0000000E+000, 0.0000000E+000, 0.0000000E+000, 0.0000000E+000
 3.1000000E-001, 2.7751741E-001, 3.2119788E-001,-9.4962364E-002, 7.7537340E-003, 1.0000000E+000, 0.0000000E+000, 0.0000000E+000, 0.0000000E+000
 3.1200000E-001, 2.7648036E-001, 3.2009287E-001,-6.7828902E-002, 7.5785796E-003, 1.0000000E+000, 0.0000000E+000, 0.0000000E+000, 0.0000000E+000
 3.1400000E-001, 2.7538730E-001, 3.1902224E-001,-4.2542404E-002, 7.2913568E-003, 1.0000000E+000, 0.0000000E+000, 0.0000000E+000, 0.0000000E+000
 3.1600000E-001, 2.7421619E-001, 3.1796080E-001,-1.9760614E-002, 6.9308389E-003, 1.0000000E+000, 0.0000000E+000, 0.0000000E+000, 0.0000000E+000
 3.1800000E-001, 2.7295480E-001, 3.1688290E-001, 8.2267379E-005, 6.3950807E-003, 1.0000000E+000, 0.0000000E+000, 0.0000000E+000, 0.0000000E+000
 3.2000000E-001, 2.7160354E-001, 3.1576762E-001, 1.6789054E-002, 5.6609939E-003, 1.0000000E+000, 0.0000000E+000, 0.0000000E+000, 0.0000000E+000
 3.2200000E-001, 2.7017514E-001, 3.1460289E-001, 3.0362746E-002, 4.9710271E-003, 1.0000000E+000, 0.0000000E+000, 0.0000000E+000, 0.0000000E+000
 3.2400000E-001, 2.6869146E-001, 3.1338725E-001, 4.0934651E-002, 4.1746296E-003, 1.0000000E+000, 0.0000000E+000, 0.0000000E+000, 0.0000000E+000
 3.2600000E-001, 2.6717869E-001, 3.1212895E-001, 4.8683695E-002, 3.2506620E-003, 1.0000000E+000, 0.0000000E+000, 0.0000000E+000, 0.0000000E+000
 3.2800000E-001, 2.6566265E-001, 3.1084290E-001, 5.3772684E-002, 2.3396500E-003, 1.0000000E+000, 0.0000000E+000, 0.0000000E+000, 0.0000000E+000
 3.3000000E-001, 2.6416544E-001, 3.0954665E-001, 5.6316873E-002, 2.5359101E-003, 1.0000000E+000, 0.0000000E+000, 0.0000000E+000, 0.0000000E+000
 3.3200000E-001, 2.6270392E-001, 3.0825676E-001, 5.6385839E-002, 2.6187003E-003, 1.0000000E+000, 0.0000000E+000, 0.0000000E+000, 0.0000000E+000
 3.3400000E-001, 2.6128986E-001, 3.0698627E-001, 5.4028123E-002, 2.5380968E-003, 1.0000000E+000, 0.0000000E+000, 0.0000000E+000, 0.0000000E+000
 3.3600000E-001, 2.5993073E-001, 3.0574350E-001, 4.9303310E-002, 2.3401918E-003, 1.0000000E+000, 0.0000000E+000, 0.0000000E+000, 0.0000000E+000
 3.3800000E-001, 2.5863072E-001, 3.0453217E-001, 4.2308108E-002, 3.0561200E-003, 1.0000000E+000, 0.0000000E+000, 0.0000000E+000, 0.0000000E+000
 3.4000000E-001, 2.5739140E-001, 3.0335208E-001, 3.3188842E-002, 3.8399253E-003, 1.0000000E+000, 0.0000000E+000, 0.0000000E+000, 0.0000000E+000
 3.4200000E-001, 2.5621194E-001, 3.0220009E-001, 2.2139220E-002, 4.4460815E-003, 1.0000000E+000, 0.0000000E+000, 0.0000000E+000, 0.0000000E+000
 3.4400000E-001, 2.5508904E-001, 3.0107095E-001, 9.3868559E-003, 4.8547996E-003, 1.0000000E+000, 0.0000000E+000, 0.0000000E+000, 0.0000000E+000
 3.4600000E-001, 2.5401686E-001, 2.9995789E-001,-4.8258958E-003, 5.0590696E-003, 1.0000000E+000, 0.0000000E+000, 0.0000000E+000, 0.0000000E+000
 3.4800000E-001, 2.5298702E-001, 2.9885286E-001,-2.0261408E-002, 5.0652894E-003, 1.0000000E+000, 0.0000000E+000, 0.0000000E+000, 0.0000000E+000
 3.5000000E-001, 2.5198880E-001, 2.9774660E-001,-3.6702602E-002, 4.8926708E-003, 1.0000000E+000, 0.0000000E+000, 0.0000000E+000, 0.0000000E+000
 3.5200000E-001, 2.5100954E-001, 2.9662869E-001,-5.3963043E-002, 5.0104099E-003, 1.0000000E+000, 0.0000000E+000, 0.0000000E+000, 0.0000000E+000
 3.5400000E-001, 2.5003348E-001, 2.9548880E-001,-7.1939081E-002, 7.3936042E-003, 1.0000000E+000, 0.0000000E+000, 0.0000000E+000, 0.0000000E+000
 3.5600000E-001, 2.4903871E-001, 2.9431728E-001,-9.1048660E-002, 9.7567977E-003, 1.0000000E+000, 0.0000000E+000, 0.0000000E+000, 0.0000000E+000
 3.5800000E-001, 2.4796004E-001, 2.9307525E-001,-1.5529180E-001, 1.1680006E-002, 1.0000000E+000, 0.0000000E+000, 0.0000000E+000, 0.0000000E+000
 3.6000000E-001, 2.4634498E-001, 2.9140557E-001,-3.3154524E-001, 1.2274090E-002, 3.0000000E+000, 0.0000000E+000, 0.0000000E+000, 0.0000000E+000
 3.6200000E-001, 2.4436095E-001, 2.8936730E-001,-5.4108238E-001, 1.2378930E-002, 1.0000000E+000, 0.0000000E+000, 0.0000000E+000, 0.0000000E+000
 3.6400000E-001, 2.4201356E-001, 2.8690511E-001,-7.7193963E-001, 1.2149822E-002, 1.0000000E+000, 0.0000000E+000, 0.0000000E+000, 0.0000000E+000
 3.6600000E-001, 2.3955221E-001, 2.8428703E-001,-8.0570199E-001, 1.1913520E-002, 1.0000000E+000, 0.0000000E+000, 0.0000000E+000, 0.0000000E+000
 3.6800000E-001, 2.3698499E-001, 2.8151038E-001,-8.4161123E-001, 1.1630357E-002, 1.0000000E+000, 0.0000000E+000, 0.0000000E+000, 0.0000000E+000
 3.7000000E-001, 2.3432611E-001, 2.7858182E-001,-8.7907981E-001, 1.1507186E-002, 1.0000000E+000, 0.0000000E+000, 0.0000000E+000, 0.0000000E+000
 3.7200000E-001, 2.3159390E-001, 2.7551533E-001,-9.1753666E-001, 1.1477058E-002, 1.0000000E+000, 0.0000000E+000, 0.0000000E+000, 0.0000000E+000
 3.7400000E-001, 2.2880841E-001, 2.7232942E-001,-9.5647453E-001, 1.1354465E-002, 1.0000000E+000, 0.0000000E+000, 0.0000000E+000, 0.0000000E+000
 3.7600000E-001, 2.2598895E-001, 2.6904426E-001,-9.9547134E-001, 1.1140943E-002, 1.0000000E+000, 0.0000000E+000, 0.0000000E+000, 0.0000000E+000
 3.7800000E-001, 2.2315179E-001, 2.6567919E-001,-1.0341896E+000, 1.0850297E-002, 1.0000000E+000, 0.0000000E+000, 0.0000000E+000, 0.0000000E+000
 3.8000000E-001, 2.2030879E-001, 2.6225097E-001,-1.0723624E+000, 1.0504182E-002, 1.0000000E+000, 0.0000000E+000, 0.0000000E+000, 0.0000000E+000
 3.8200000E-001, 2.1746696E-001, 2.5877279E-001,-1.1097757E+000, 1.0131496E-002, 1.0000000E+000, 0.0000000E+000, 0.0000000E+000, 0.0000000E+000
 3.8400000E-001, 2.1462886E-001, 2.5525387E-001,-1.1462504E+000, 9.8874871E-003, 1.0000000E+000, 0.0000000E+000, 0.0000000E+000, 0.0000000E+000
 3.8600000E-001, 2.1179346E-001, 2.5169947E-001,-1.1816284E+000, 9.7315309E-003, 1.0000000E+000, 0.0000000E+000, 0.0000000E+000, 0.0000000E+000
 3.8800000E-001, 2.0895711E-001, 2.4811121E-001,-1.2157619E+000, 9.5523552E-003, 1.0000000E+000, 0.0000000E+000, 0.0000000E+000, 0.0000000E+000
 3.9000000E-001, 2.0611440E-001, 2.4448765E-001,-1.2485053E+000, 9.3530878E-003, 1.0000000E+000, 0.0000000E+000, 0.0000000E+000, 0.0000000E+000
 3.9200000E-001, 2.0325887E-001, 2.4082501E-001,-1.2797103E+000, 9.1276354E-003, 1.0000000E+000, 0.0000000E+000, 0.0000000E+000, 0.0000000E+000
 3.9400000E-001, 2.0038358E-001, 2.3711808E-001,-1.3092254E+000, 8.8422902E-003, 1.0000000E+000, 0.0000000E+000, 0.0000000E+000, 0.0000000E+000
 3.9600000E-001, 1.9748147E-001, 2.3336107E-001,-1.3368971E+000, 8.4975088E-003, 1.0000000E+000, 0.0000000E+000, 0.0000000E+000, 0.0000000E+000
 3.9800000E-001, 1.9454573E-001, 2.2954839E-001,-1.3625750E+000, 8.0972434E-003, 1.0000000E+000, 0.0000000E+000, 0.0000000E+000, 0.0000000E+000
 4.0000000E-001, 1.9157009E-001, 2.2567535E-001,-1.3861170E+000, 7.6667263E-003, 1.0000000E+000, 0.0000000E+000, 0.0000000E+000, 0.0000000E+000
 4.0200000E-001, 1.8854906E-001, 2.2173856E-001,-1.4073957E+000, 8.3862662E-003, 1.0000000E+000, 0.0000000E+000, 0.0000000E+000, 0.0000000E+000
 4.0400000E-001, 1.8547700E-001, 2.1773725E-001,-1.4263397E+000, 9.0337562E-003, 1.0000000E+000, 0.0000000E+000, 0.0000000E+000, 0.0000000E+000
 4.0600000E-001, 1.8234559E-001, 2.1367374E-001,-1.4432657E+000, 9.5964347E-003, 1.0000000E+000, 0.0000000E+000, 0.0000000E+000, 0.0000000E+000
 4.0800000E-001, 1.7914377E-001, 2.0955004E-001,-1.4585155E+000, 9.9441001E-003, 1.0000000E+000, 0.0000000E+000, 0.0000000E+000, 0.0000000E+000
 4.1000000E-001, 1.7585783E-001, 2.0536597E-001,-1.4725070E+000, 1.0041539E-002, 1.0000000E+000, 0.0000000E+000, 0.0000000E+000, 0.0000000E+000
 4.1200000E-001, 1.7247270E-001, 2.0111788E-001,-1.4856812E+000, 9.9097681E-003, 1.0000000E+000, 0.0000000E+000, 0.0000000E+000, 0.0000000E+000
 4.1400000E-001, 1.6897453E-001, 1.9679879E-001,-1.4984377E+000, 9.5895835E-003, 1.0000000E+000, 0.0000000E+000, 0.0000000E+000, 0.0000000E+000
 4.1600000E-001, 1.6535415E-001, 1.9239995E-001,-1.5110753E+000, 9.0807768E-003, 1.0000000E+000, 0.0000000E+000, 0.0000000E+000, 0.0000000E+000
 4.1800000E-001, 1.6161020E-001, 1.8791378E-001,-1.5237520E+000, 8.3848794E-003, 1.0000000E+000, 0.0000000E+000, 0.0000000E+000, 0.0000000E+000
 4.2000000E-001, 1.5775077E-001, 1.8333700E-001,-1.5364780E+000, 7.5248969E-003, 1.0000000E+000, 0.0000000E+000, 0.0000000E+000, 0.0000000E+000
 4.2200000E-001, 1.5379294E-001, 1.7867308E-001,-1.5491424E+000, 6.5241930E-003, 1.0000000E+000, 0.0000000E+000, 0.0000000E+000, 0.0000000E+000
 4.2400000E-001, 1.4976034E-001, 1.7393297E-001,-1.5615629E+000, 5.4091908E-003, 1.0000000E+000, 0.0000000E+000, 0.0000000E+000, 0.0000000E+000
 4.2600000E-001, 1.4567963E-001, 1.6913407E-001,-1.5735405E+000, 4.2281812E-003, 1.0000000E+000, 0.0000000E+000, 0.0000000E+000, 0.0000000E+000
 4.2800000E-001, 1.4157697E-001, 1.6429778E-001,-1.5849014E+000, 3.3742001E-003, 1.0000000E+000, 0.0000000E+000, 0.0000000E+000, 0.0000000E+000
 4.3000000E-001, 1.3747556E-001, 1.5944646E-001,-1.5955168E+000, 2.8058611E-003, 1.0000000E+000, 0.0000000E+000, 0.0000000E+000, 0.0000000E+000
 4.3200000E-001, 1.3339438E-001, 1.5460077E-001,-1.6052990E+000, 2.8603306E-003, 1.0000000E+000, 0.0000000E+000, 0.0000000E+000, 0.0000000E+000
 4.3400000E-001, 1.2934803E-001, 1.4977781E-001,-1.6141816E+000, 2.8369843E-003, 1.0000000E+000, 0.0000000E+000, 0.0000000E+000, 0.0000000E+000
 4.3600000E-001, 1.2534728E-001, 1.4499036E-001,-1.6220956E+000, 2.8163983E-003, 1.0000000E+000, 0.0000000E+000, 0.0000000E+000, 0.0000000E+000
 4.3800000E-001, 1.2139965E-001, 1.4024705E-001,-1.6289502E+000, 2.9298407E-003, 1.0000000E+000, 0.0000000E+000, 0.0000000E+000, 0.0000000E+000
 4.4000000E-001, 1.1750993E-001, 1.3555296E-001,-1.6346235E+000, 2.9099250E-003, 1.0000000E+000, 0.0000000E+000, 0.0000000E+000, 0.0000000E+000
 4.4200000E-001, 1.1368040E-001, 1.3091058E-001,-1.6389655E+000, 2.8525316E-003, 1.0000000E+000, 0.0000000E+000, 0.0000000E+000, 0.0000000E+000
 4.4400000E-001, 1.0991095E-001, 1.2632061E-001,-1.6418092E+000, 3.2521891E-003, 1.0000000E+000, 0.0000000E+000, 0.0000000E+000, 0.0000000E+000
 4.4600000E-001, 1.0619915E-001, 1.2178253E-001,-1.6429878E+000, 3.5519308E-003, 1.0000000E+000, 0.0000000E+000, 0.0000000E+000, 0.0000000E+000
 4.4800000E-001, 1.0254045E-001, 1.1729502E-001,-1.6423523E+000, 3.7630840E-003, 1.0000000E+000, 0.0000000E+000, 0.0000000E+000, 0.0000000E+000
 4.5000000E-001, 9.8928487E-002, 1.1285613E-001,-1.6397864E+000, 3.8993793E-003, 1.0000000E+000, 0.0000000E+000, 0.0000000E+000, 0.0000000E+000
 4.5200000E-001, 9.5355419E-002, 1.0846334E-001,-1.6352181E+000, 3.3875778E-003, 1.0000000E+000, 0.0000000E+000, 0.0000000E+000, 0.0000000E+000
 4.5400000E-001, 9.1811815E-002, 1.0411404E-001,-1.6286454E+000, 2.8732699E-003, 1.0000000E+000, 0.0000000E+000, 0.0000000E+000, 0.0000000E+000
 4.5600000E-001, 8.8285724E-002, 9.9805783E-002,-1.6202999E+000, 2.9906174E-003, 1.0000000E+000, 0.0000000E+000, 0.0000000E+000, 0.0000000E+000
 4.5800000E-001, 8.4762987E-002, 9.5534636E-002,-1.6104627E+000, 3.1780732E-003, 1.0000000E+000, 0.0000000E+000, 0.0000000E+000, 0.0000000E+000
 4.6000000E-001, 8.1227634E-002, 9.1294435E-002,-1.5994832E+000, 3.5313310E-003, 1.0000000E+000, 0.0000000E+000, 0.0000000E+000, 0.0000000E+000
 4.6200000E-001, 7.7662905E-002, 8.7076516E-002,-1.5877453E+000, 3.8917109E-003, 1.0000000E+000, 0.0000000E+000, 0.0000000E+000, 0.0000000E+000
 4.6400000E-001, 7.4052960E-002, 8.2870152E-002,-1.5756266E+000, 4.2374479E-003, 1.0000000E+000, 0.0000000E+000, 0.0000000E+000, 0.0000000E+000
 4.6600000E-001, 7.0385005E-002, 7.8663832E-002,-1.5634614E+000, 4.5585234E-003, 1.0000000E+000, 0.0000000E+000, 0.0000000E+000, 0.0000000E+000
 4.6800000E-001, 6.6651253E-002, 7.4447144E-002,-1.5515138E+000, 4.7195841E-003, 1.0000000E+000, 0.0000000E+000, 0.0000000E+000, 0.0000000E+000
 4.7000000E-001, 6.2850111E-002, 7.0212774E-002,-1.5399693E+000, 4.7181266E-003, 1.0000000E+000, 0.0000000E+000, 0.0000000E+000, 0.0000000E+000
 4.7200000E-001, 5.8986205E-002, 6.5958014E-002,-1.5289448E+000, 4.5594398E-003, 1.0000000E+000, 0.0000000E+000, 0.0000000E+000, 0.0000000E+000
 4.7400000E-001, 5.5069302E-002, 6.1685336E-002,-1.5185113E+000, 4.2559696E-003, 1.0000000E+000, 0.0000000E+000, 0.0000000E+000, 0.0000000E+000
 4.7600000E-001, 5.1112553E-002, 5.7401905E-002,-1.5087210E+000, 3.8264754E-003, 1.0000000E+000, 0.0000000E+000, 0.0000000E+000, 0.0000000E+000
 4.7800000E-001, 4.7130631E-002, 5.3118259E-002,-1.4996277E+000, 3.2950211E-003, 1.0000000E+000, 0.0000000E+000, 0.0000000E+000, 0.0000000E+000
 4.8000000E-001, 4.3138227E-002, 4.8846586E-002,-1.4912965E+000, 2.7911330E-003, 1.0000000E+000, 0.0000000E+000, 0.0000000E+000, 0.0000000E+000
 4.8200000E-001, 3.9149102E-002, 4.4599056E-002,-1.4838013E+000, 2.9956830E-003, 1.0000000E+000, 0.0000000E+000, 0.0000000E+000, 0.0000000E+000
 4.8400000E-001, 3.5175624E-002, 4.0386533E-002,-1.4772139E+000, 3.2952138E-003, 1.0000000E+000, 0.0000000E+000, 0.0000000E+000, 0.0000000E+000
 4.8600000E-001, 3.1228601E-002, 3.6217804E-002,-1.4715900E+000, 3.5610647E-003, 1.0000000E+000, 0.0000000E+000, 0.0000000E+000, 0.0000000E+000
 4.8800000E-001, 2.7317177E-002, 3.2099270E-002,-1.4669569E+000, 3.7715875E-003, 1.0000000E+000, 0.0000000E+000, 0.0000000E+000, 0.0000000E+000
 4.9000000E-001, 2.3448702E-002, 2.8034979E-002,-1.4633072E+000, 3.9150618E-003, 1.0000000E+000, 0.0000000E+000, 0.0000000E+000, 0.0000000E+000
 4.9200000E-001, 1.9628525E-002, 2.4026831E-002,-1.4605972E+000, 3.9787906E-003, 1.0000000E+000, 0.0000000E+000, 0.0000000E+000, 0.0000000E+000
 4.9400000E-001, 1.5859791E-002, 2.0074838E-002,-1.4587519E+000, 3.9559317E-003, 1.0000000E+000, 0.0000000E+000, 0.0000000E+000, 0.0000000E+000
 4.9600000E-001, 1.2143299E-002, 1.6177376E-002,-1.4576725E+000, 3.8436942E-003, 1.0000000E+000, 0.0000000E+000, 0.0000000E+000, 0.0000000E+000
 4.9800000E-001, 8.4774732E-003, 1.2331385E-002,-1.4572459E+000, 3.6432213E-003, 1.0000000E+000, 0.0000000E+000, 0.0000000E+000, 0.0000000E+000
 5.0000000E-001, 4.8584724E-003, 8.5325546E-003,-1.4573552E+000, 3.3591964E-003, 1.0000000E+000, 0.0000000E+000, 0.0000000E+000, 0.0000000E+000
